year,investments
2026,cash value: 1000,S&P 500 non-retirement value: 141572.34,tax-exempt bonds value: 2084.11,S&P 500 pre-tax value: 10902.04,S&P 500 after-tax value: 35393.08
2027,cash value: 1000,S&P 500 non-retirement value: 190357.73,tax-exempt bonds value: 2209.79,S&P 500 pre-tax value: 11988.29,S&P 500 after-tax value: 50601.42
2028,cash value: 1000,S&P 500 non-retirement value: 247458.25,tax-exempt bonds value: 2376.96,S&P 500 pre-tax value: 12877.43,S&P 500 after-tax value: 69795.92
2029,cash value: 1000,S&P 500 non-retirement value: 301230.4,tax-exempt bonds value: 2551.77,S&P 500 pre-tax value: 13210.98,S&P 500 after-tax value: 89977.91
2030,cash value: 1000,S&P 500 non-retirement value: 350949.07,tax-exempt bonds value: 2702.25,S&P 500 pre-tax value: 14055.93,S&P 500 after-tax value: 110826.02
2031,cash value: 1000,S&P 500 non-retirement value: 414244.01,tax-exempt bonds value: 2871.49,S&P 500 pre-tax value: 14397.71,S&P 500 after-tax value: 138081.34
2032,cash value: 1000,S&P 500 non-retirement value: 470878.01,tax-exempt bonds value: 3016.27,S&P 500 pre-tax value: 14927.31,S&P 500 after-tax value: 165443.62
2033,cash value: 1000,S&P 500 non-retirement value: 543717.57,tax-exempt bonds value: 3210.71,S&P 500 pre-tax value: 15856.38,S&P 500 after-tax value: 201101.02
2034,cash value: 1000,S&P 500 non-retirement value: 610378.45,tax-exempt bonds value: 3465.62,S&P 500 pre-tax value: 16790.25,S&P 500 after-tax value: 237369.4
2035,cash value: 1000,S&P 500 non-retirement value: 689384.54,tax-exempt bonds value: 3708.5,S&P 500 pre-tax value: 17708.57,S&P 500 after-tax value: 281579.6
2036,cash value: 1000,S&P 500 non-retirement value: 751950.97,tax-exempt bonds value: 3945.99,S&P 500 pre-tax value: 18807.33,S&P 500 after-tax value: 322264.7
2037,cash value: 1000,S&P 500 non-retirement value: 834956.89,tax-exempt bonds value: 4176.51,S&P 500 pre-tax value: 19565.08,S&P 500 after-tax value: 375125.56
2038,cash value: 1000,S&P 500 non-retirement value: 907145.93,tax-exempt bonds value: 4611.83,S&P 500 pre-tax value: 20800.55,S&P 500 after-tax value: 426892.2
2039,cash value: 1000,S&P 500 non-retirement value: 989855.15,tax-exempt bonds value: 5088.94,S&P 500 pre-tax value: 22558.52,S&P 500 after-tax value: 487540.59
2040,cash value: 1000,S&P 500 non-retirement value: 1077663.74,tax-exempt bonds value: 5371.41,S&P 500 pre-tax value: 23734.5,S&P 500 after-tax value: 555160.11
2041,cash value: 1000,S&P 500 non-retirement value: 1167611.28,tax-exempt bonds value: 5629.93,S&P 500 pre-tax value: 24645.47,S&P 500 after-tax value: 628713.77
2042,cash value: 1000,S&P 500 non-retirement value: 1253086.16,tax-exempt bonds value: 6089.07,S&P 500 pre-tax value: 26403.92,S&P 500 after-tax value: 704860.97
2043,cash value: 1000,S&P 500 non-retirement value: 1328804.33,tax-exempt bonds value: 6400.14,S&P 500 pre-tax value: 28309.38,S&P 500 after-tax value: 780408.89
2044,cash value: 1000,S&P 500 non-retirement value: 1427583.52,tax-exempt bonds value: 6770.69,S&P 500 pre-tax value: 30905.9,S&P 500 after-tax value: 874970.55
2045,cash value: 1000,S&P 500 non-retirement value: 1504261.67,tax-exempt bonds value: 6952.16,S&P 500 pre-tax value: 33620.91,S&P 500 after-tax value: 961741.07
2046,cash value: 1000,S&P 500 non-retirement value: 1605057.08,tax-exempt bonds value: 7333.07,S&P 500 pre-tax value: 35328.16,S&P 500 after-tax value: 1070038.05
2047,cash value: 1000,S&P 500 non-retirement value: 1763291.07,tax-exempt bonds value: 7801.87,S&P 500 pre-tax value: 37990.02,S&P 500 after-tax value: 1225337.86
2048,cash value: 1000,S&P 500 non-retirement value: 1860042.07,tax-exempt bonds value: 8416.11,S&P 500 pre-tax value: 39165.8,S&P 500 after-tax value: 1346927.02
2049,cash value: 1000,S&P 500 non-retirement value: 2006093.68,tax-exempt bonds value: 8880.15,S&P 500 pre-tax value: 40532.69,S&P 500 after-tax value: 1513368.91
2050,cash value: 1000,S&P 500 non-retirement value: 2179027.62,tax-exempt bonds value: 9753.23,S&P 500 pre-tax value: 42941.24,S&P 500 after-tax value: 1712093.13
2051,cash value: 1000,S&P 500 non-retirement value: 2305617.23,tax-exempt bonds value: 10206.22,S&P 500 pre-tax value: 45359.17,S&P 500 after-tax value: 1886414.1
2052,cash value: 1000,S&P 500 non-retirement value: 2450242.28,tax-exempt bonds value: 11062.44,S&P 500 pre-tax value: 47754.42,S&P 500 after-tax value: 2087243.42
2053,cash value: 1000,S&P 500 non-retirement value: 2612169.42,tax-exempt bonds value: 11952.82,S&P 500 pre-tax value: 49548.9,S&P 500 after-tax value: 2316452.13
2054,cash value: 1000,S&P 500 non-retirement value: 2753723.08,tax-exempt bonds value: 12671.83,S&P 500 pre-tax value: 54502.71,S&P 500 after-tax value: 2541898.23
2055,cash value: 1000,S&P 500 non-retirement value: 2871383.97,tax-exempt bonds value: 13327.96,S&P 500 pre-tax value: 59016.57,S&P 500 after-tax value: 2758780.68
2056,cash value: 1000,S&P 500 non-retirement value: 3051751.54,tax-exempt bonds value: 13977.81,S&P 500 pre-tax value: 63785.89,S&P 500 after-tax value: 3051751.54
2057,cash value: 1000,S&P 500 non-retirement value: 3250275.88,tax-exempt bonds value: 15065.16,S&P 500 pre-tax value: 68447.46,S&P 500 after-tax value: 3382940.2
2058,cash value: 1000,S&P 500 non-retirement value: 3400332.89,tax-exempt bonds value: 15817.36,S&P 500 pre-tax value: 71932.28,S&P 500 after-tax value: 3683693.96
2059,cash value: 1000,S&P 500 non-retirement value: 3519799.23,tax-exempt bonds value: 16739.05,S&P 500 pre-tax value: 75165.78,S&P 500 after-tax value: 3969135.3
2060,cash value: 1000,S&P 500 non-retirement value: 3665155.8,tax-exempt bonds value: 17850.29,S&P 500 pre-tax value: 76916.66,S&P 500 after-tax value: 4302574.2
2061,cash value: 1000,S&P 500 non-retirement value: 3831299.84,tax-exempt bonds value: 19337.69,S&P 500 pre-tax value: 77636.8,S&P 500 after-tax value: 4682699.8
2062,cash value: 1000,S&P 500 non-retirement value: 4090590.56,tax-exempt bonds value: 20933.05,S&P 500 pre-tax value: 77842.14,S&P 500 after-tax value: 5206206.17
2063,cash value: 1000,S&P 500 non-retirement value: 4343243.82,tax-exempt bonds value: 21786.1,S&P 500 pre-tax value: 79489.82,S&P 500 after-tax value: 5757323.21
2064,cash value: 1000,S&P 500 non-retirement value: 4552091.35,tax-exempt bonds value: 22950.35,S&P 500 pre-tax value: 78999.46,S&P 500 after-tax value: 6286221.39
2065,cash value: 1000,S&P 500 non-retirement value: 4802103.39,tax-exempt bonds value: 23182.97,S&P 500 pre-tax value: 78254.93,S&P 500 after-tax value: 6910343.9
year,investments
2026,cash value: 1000,S&P 500 non-retirement value: 138861.58,tax-exempt bonds value: 2111.91,S&P 500 pre-tax value: 10848.97,S&P 500 after-tax value: 34715.39
2027,cash value: 1000,S&P 500 non-retirement value: 191052.85,tax-exempt bonds value: 2216.73,S&P 500 pre-tax value: 11243.69,S&P 500 after-tax value: 50786.2
2028,cash value: 1000,S&P 500 non-retirement value: 247338.05,tax-exempt bonds value: 2267.72,S&P 500 pre-tax value: 11524.14,S&P 500 after-tax value: 69762.01
2029,cash value: 1000,S&P 500 non-retirement value: 305537.75,tax-exempt bonds value: 2430.09,S&P 500 pre-tax value: 12040.78,S&P 500 after-tax value: 91264.52
2030,cash value: 1000,S&P 500 non-retirement value: 356240.15,tax-exempt bonds value: 2658.97,S&P 500 pre-tax value: 12571.54,S&P 500 after-tax value: 112496.89
2031,cash value: 1000,S&P 500 non-retirement value: 426230.64,tax-exempt bonds value: 2827.74,S&P 500 pre-tax value: 13154.6,S&P 500 after-tax value: 142076.88
2032,cash value: 1000,S&P 500 non-retirement value: 487518.2,tax-exempt bonds value: 2963.84,S&P 500 pre-tax value: 13880.84,S&P 500 after-tax value: 171290.18
2033,cash value: 1000,S&P 500 non-retirement value: 552182.47,tax-exempt bonds value: 3114.5,S&P 500 pre-tax value: 15141.3,S&P 500 after-tax value: 204231.87
2034,cash value: 1000,S&P 500 non-retirement value: 617297.78,tax-exempt bonds value: 3354.71,S&P 500 pre-tax value: 16279.56,S&P 500 after-tax value: 240060.25
2035,cash value: 1000,S&P 500 non-retirement value: 689201.67,tax-exempt bonds value: 3604.76,S&P 500 pre-tax value: 17191.39,S&P 500 after-tax value: 281504.91
2036,cash value: 1000,S&P 500 non-retirement value: 747767.25,tax-exempt bonds value: 3766.29,S&P 500 pre-tax value: 17572.32,S&P 500 after-tax value: 320471.68
2037,cash value: 1000,S&P 500 non-retirement value: 824747.05,tax-exempt bonds value: 3979.49,S&P 500 pre-tax value: 19134.12,S&P 500 after-tax value: 370538.53
2038,cash value: 1000,S&P 500 non-retirement value: 906056.82,tax-exempt bonds value: 4289,S&P 500 pre-tax value: 20763.99,S&P 500 after-tax value: 426379.68
2039,cash value: 1000,S&P 500 non-retirement value: 998437.71,tax-exempt bonds value: 4665.39,S&P 500 pre-tax value: 21973.2,S&P 500 after-tax value: 491767.83
2040,cash value: 1000,S&P 500 non-retirement value: 1075939.95,tax-exempt bonds value: 4994.27,S&P 500 pre-tax value: 24622.49,S&P 500 after-tax value: 554272.1
2041,cash value: 1000,S&P 500 non-retirement value: 1157514.96,tax-exempt bonds value: 5376.57,S&P 500 pre-tax value: 26441.17,S&P 500 after-tax value: 623277.28
2042,cash value: 1000,S&P 500 non-retirement value: 1274804.92,tax-exempt bonds value: 5865.67,S&P 500 pre-tax value: 27352.8,S&P 500 after-tax value: 717077.77
2043,cash value: 1000,S&P 500 non-retirement value: 1420735.42,tax-exempt bonds value: 6387.47,S&P 500 pre-tax value: 29127.65,S&P 500 after-tax value: 834400.17
2044,cash value: 1000,S&P 500 non-retirement value: 1543937.98,tax-exempt bonds value: 6802.37,S&P 500 pre-tax value: 30749.3,S&P 500 after-tax value: 946284.57
2045,cash value: 1000,S&P 500 non-retirement value: 1651321.72,tax-exempt bonds value: 7316.77,S&P 500 pre-tax value: 32672.71,S&P 500 after-tax value: 1055763.06
2046,cash value: 1000,S&P 500 non-retirement value: 1730026.83,tax-exempt bonds value: 7927.07,S&P 500 pre-tax value: 36142.03,S&P 500 after-tax value: 1153351.22
2047,cash value: 1000,S&P 500 non-retirement value: 1871132.79,tax-exempt bonds value: 8435.73,S&P 500 pre-tax value: 38001.46,S&P 500 after-tax value: 1300278.72
2048,cash value: 1000,S&P 500 non-retirement value: 1950178.72,tax-exempt bonds value: 9258.82,S&P 500 pre-tax value: 40164.7,S&P 500 after-tax value: 1412198.38
2049,cash value: 1000,S&P 500 non-retirement value: 2052220.35,tax-exempt bonds value: 10106.18,S&P 500 pre-tax value: 44350.41,S&P 500 after-tax value: 1548166.23
2050,cash value: 1000,S&P 500 non-retirement value: 2163472.23,tax-exempt bonds value: 10719.05,S&P 500 pre-tax value: 46160.09,S&P 500 after-tax value: 1699871.03
2051,cash value: 1000,S&P 500 non-retirement value: 2290278.35,tax-exempt bonds value: 11363.68,S&P 500 pre-tax value: 51557.08,S&P 500 after-tax value: 1873864.11
2052,cash value: 1000,S&P 500 non-retirement value: 2434212.92,tax-exempt bonds value: 11915.46,S&P 500 pre-tax value: 55527.81,S&P 500 after-tax value: 2073588.79
2053,cash value: 1000,S&P 500 non-retirement value: 2606664.55,tax-exempt bonds value: 12165.12,S&P 500 pre-tax value: 57949.14,S&P 500 after-tax value: 2311570.45
2054,cash value: 1000,S&P 500 non-retirement value: 2743397.79,tax-exempt bonds value: 12713.61,S&P 500 pre-tax value: 60830.49,S&P 500 after-tax value: 2532367.19
2055,cash value: 1000,S&P 500 non-retirement value: 2899638.64,tax-exempt bonds value: 13331.58,S&P 500 pre-tax value: 64605.99,S&P 500 after-tax value: 2785927.32
2056,cash value: 1000,S&P 500 non-retirement value: 3067466.22,tax-exempt bonds value: 14357.61,S&P 500 pre-tax value: 66041.1,S&P 500 after-tax value: 3067466.22
2057,cash value: 1000,S&P 500 non-retirement value: 3225781.12,tax-exempt bonds value: 14965.47,S&P 500 pre-tax value: 70528.43,S&P 500 after-tax value: 3357445.66
2058,cash value: 1000,S&P 500 non-retirement value: 3382900.71,tax-exempt bonds value: 16064.09,S&P 500 pre-tax value: 75916.9,S&P 500 after-tax value: 3664809.1
2059,cash value: 1000,S&P 500 non-retirement value: 3620176.16,tax-exempt bonds value: 16994.12,S&P 500 pre-tax value: 80405.96,S&P 500 after-tax value: 4082326.31
2060,cash value: 1000,S&P 500 non-retirement value: 3796266.37,tax-exempt bonds value: 17669.02,S&P 500 pre-tax value: 80621.13,S&P 500 after-tax value: 4456486.6
2061,cash value: 1000,S&P 500 non-retirement value: 4001389.32,tax-exempt bonds value: 18770.79,S&P 500 pre-tax value: 83693.55,S&P 500 after-tax value: 4890586.94
2062,cash value: 1000,S&P 500 non-retirement value: 4214321.04,tax-exempt bonds value: 19886.37,S&P 500 pre-tax value: 87892.85,S&P 500 after-tax value: 5363681.32
2063,cash value: 1000,S&P 500 non-retirement value: 4260335.93,tax-exempt bonds value: 21066.23,S&P 500 pre-tax value: 85751.07,S&P 500 after-tax value: 5647422.05
2064,cash value: 1000,S&P 500 non-retirement value: 4392472.02,tax-exempt bonds value: 22290.39,S&P 500 pre-tax value: 87281.98,S&P 500 after-tax value: 6065794.7
2065,cash value: 1000,S&P 500 non-retirement value: 4462509.11,tax-exempt bonds value: 23867.48,S&P 500 pre-tax value: 87650.88,S&P 500 after-tax value: 6421659.45
year,investments
2026,cash value: 1000,S&P 500 non-retirement value: 140312.19,tax-exempt bonds value: 2079.43,S&P 500 pre-tax value: 10623.76,S&P 500 after-tax value: 35078.05
2027,cash value: 1000,S&P 500 non-retirement value: 192762.6,tax-exempt bonds value: 2208.96,S&P 500 pre-tax value: 11127.24,S&P 500 after-tax value: 51240.69
2028,cash value: 1000,S&P 500 non-retirement value: 250748.26,tax-exempt bonds value: 2420.46,S&P 500 pre-tax value: 11662.78,S&P 500 after-tax value: 70723.87
2029,cash value: 1000,S&P 500 non-retirement value: 308097.7,tax-exempt bonds value: 2560.72,S&P 500 pre-tax value: 12630.78,S&P 500 after-tax value: 92029.18
2030,cash value: 1000,S&P 500 non-retirement value: 374242.31,tax-exempt bonds value: 2738.94,S&P 500 pre-tax value: 13406.84,S&P 500 after-tax value: 118181.78
2031,cash value: 1000,S&P 500 non-retirement value: 436367.06,tax-exempt bonds value: 2898.37,S&P 500 pre-tax value: 13920.85,S&P 500 after-tax value: 145455.69
2032,cash value: 1000,S&P 500 non-retirement value: 521909.52,tax-exempt bonds value: 3021.13,S&P 500 pre-tax value: 14654.75,S&P 500 after-tax value: 183373.62
2033,cash value: 1000,S&P 500 non-retirement value: 589441.87,tax-exempt bonds value: 3268.8,S&P 500 pre-tax value: 15732.45,S&P 500 after-tax value: 218012.75
2034,cash value: 1000,S&P 500 non-retirement value: 655650.39,tax-exempt bonds value: 3476.2,S&P 500 pre-tax value: 16500.25,S&P 500 after-tax value: 254975.15
2035,cash value: 1000,S&P 500 non-retirement value: 724888.75,tax-exempt bonds value: 3624.49,S&P 500 pre-tax value: 17587.32,S&P 500 after-tax value: 296081.32
2036,cash value: 1000,S&P 500 non-retirement value: 804036.1,tax-exempt bonds value: 3928.24,S&P 500 pre-tax value: 18559.9,S&P 500 after-tax value: 344586.9
2037,cash value: 1000,S&P 500 non-retirement value: 893190.54,tax-exempt bonds value: 4179.93,S&P 500 pre-tax value: 19417.98,S&P 500 after-tax value: 401288.5
2038,cash value: 1000,S&P 500 non-retirement value: 987562.38,tax-exempt bonds value: 4395,S&P 500 pre-tax value: 20564.91,S&P 500 after-tax value: 464735.24
2039,cash value: 1000,S&P 500 non-retirement value: 1082856.14,tax-exempt bonds value: 4766.34,S&P 500 pre-tax value: 21799.19,S&P 500 after-tax value: 533347.06
2040,cash value: 1000,S&P 500 non-retirement value: 1151692.57,tax-exempt bonds value: 5013.11,S&P 500 pre-tax value: 22937.54,S&P 500 after-tax value: 593296.17
2041,cash value: 1000,S&P 500 non-retirement value: 1206791.4,tax-exempt bonds value: 5243.62,S&P 500 pre-tax value: 23906.72,S&P 500 after-tax value: 649810.75
2042,cash value: 1000,S&P 500 non-retirement value: 1284083.34,tax-exempt bonds value: 5538.14,S&P 500 pre-tax value: 25708.31,S&P 500 after-tax value: 722296.88
2043,cash value: 1000,S&P 500 non-retirement value: 1389248.51,tax-exempt bonds value: 6129.92,S&P 500 pre-tax value: 27089.83,S&P 500 after-tax value: 815907.86
2044,cash value: 1000,S&P 500 non-retirement value: 1507502.74,tax-exempt bonds value: 6518.87,S&P 500 pre-tax value: 28085.85,S&P 500 after-tax value: 923953.29
2045,cash value: 1000,S&P 500 non-retirement value: 1574975.37,tax-exempt bonds value: 6884.16,S&P 500 pre-tax value: 29440.25,S&P 500 after-tax value: 1006951.47
2046,cash value: 1000,S&P 500 non-retirement value: 1687968.06,tax-exempt bonds value: 7229.66,S&P 500 pre-tax value: 30738.8,S&P 500 after-tax value: 1125312.04
2047,cash value: 1000,S&P 500 non-retirement value: 1808107.48,tax-exempt bonds value: 7704.97,S&P 500 pre-tax value: 31616.02,S&P 500 after-tax value: 1256481.47
2048,cash value: 1000,S&P 500 non-retirement value: 1944283.38,tax-exempt bonds value: 8119.12,S&P 500 pre-tax value: 33703.35,S&P 500 after-tax value: 1407929.34
2049,cash value: 1000,S&P 500 non-retirement value: 2104433.23,tax-exempt bonds value: 8639.68,S&P 500 pre-tax value: 36670.56,S&P 500 after-tax value: 1587554.89
2050,cash value: 1000,S&P 500 non-retirement value: 2286001.72,tax-exempt bonds value: 9318.16,S&P 500 pre-tax value: 39386.73,S&P 500 after-tax value: 1796144.21
2051,cash value: 1000,S&P 500 non-retirement value: 2401509.89,tax-exempt bonds value: 9516.29,S&P 500 pre-tax value: 41385.9,S&P 500 after-tax value: 1964871.73
2052,cash value: 1000,S&P 500 non-retirement value: 2571133.81,tax-exempt bonds value: 9955.68,S&P 500 pre-tax value: 44552.87,S&P 500 after-tax value: 2190225.09
2053,cash value: 1000,S&P 500 non-retirement value: 2711695.44,tax-exempt bonds value: 10986.14,S&P 500 pre-tax value: 46908.76,S&P 500 after-tax value: 2404711.05
2054,cash value: 1000,S&P 500 non-retirement value: 2948186.04,tax-exempt bonds value: 12006.34,S&P 500 pre-tax value: 52193,S&P 500 after-tax value: 2721402.5
2055,cash value: 1000,S&P 500 non-retirement value: 3141857.98,tax-exempt bonds value: 12390.96,S&P 500 pre-tax value: 55711.61,S&P 500 after-tax value: 3018647.86
2056,cash value: 1000,S&P 500 non-retirement value: 3339072.35,tax-exempt bonds value: 12767.46,S&P 500 pre-tax value: 60064.35,S&P 500 after-tax value: 3339072.35
2057,cash value: 1000,S&P 500 non-retirement value: 3514810.51,tax-exempt bonds value: 13383,S&P 500 pre-tax value: 63683.54,S&P 500 after-tax value: 3658272.17
2058,cash value: 1000,S&P 500 non-retirement value: 3752023.18,tax-exempt bonds value: 13787.88,S&P 500 pre-tax value: 65720.15,S&P 500 after-tax value: 4064691.78
2059,cash value: 1000,S&P 500 non-retirement value: 3892751.44,tax-exempt bonds value: 14678.45,S&P 500 pre-tax value: 71164.81,S&P 500 after-tax value: 4389698.43
2060,cash value: 1000,S&P 500 non-retirement value: 4045346.02,tax-exempt bonds value: 15381.49,S&P 500 pre-tax value: 73241.16,S&P 500 after-tax value: 4748884.46
2061,cash value: 1000,S&P 500 non-retirement value: 4226350.12,tax-exempt bonds value: 16402.09,S&P 500 pre-tax value: 76681.72,S&P 500 after-tax value: 5165539.04
2062,cash value: 1000,S&P 500 non-retirement value: 4467046.62,tax-exempt bonds value: 17759.06,S&P 500 pre-tax value: 75651.84,S&P 500 after-tax value: 5685332.06
2063,cash value: 1000,S&P 500 non-retirement value: 4759873.48,tax-exempt bonds value: 19420.95,S&P 500 pre-tax value: 77210.8,S&P 500 after-tax value: 6309599.73
2064,cash value: 1000,S&P 500 non-retirement value: 4939869.13,tax-exempt bonds value: 20414.09,S&P 500 pre-tax value: 76451.39,S&P 500 after-tax value: 6821724.04
2065,cash value: 1000,S&P 500 non-retirement value: 5148469.98,tax-exempt bonds value: 22087.22,S&P 500 pre-tax value: 75198.16,S&P 500 after-tax value: 7408773.88
year,investments
2026,cash value: 1000,S&P 500 non-retirement value: 141505.95,tax-exempt bonds value: 2149.71,S&P 500 pre-tax value: 10501.45,S&P 500 after-tax value: 35376.49
2027,cash value: 1000,S&P 500 non-retirement value: 192993.25,tax-exempt bonds value: 2320.92,S&P 500 pre-tax value: 11038.05,S&P 500 after-tax value: 51302
2028,cash value: 1000,S&P 500 non-retirement value: 249178.95,tax-exempt bonds value: 2415.8,S&P 500 pre-tax value: 12264.35,S&P 500 after-tax value: 70281.24
2029,cash value: 1000,S&P 500 non-retirement value: 305641.13,tax-exempt bonds value: 2561.08,S&P 500 pre-tax value: 12675.48,S&P 500 after-tax value: 91295.4
2030,cash value: 1000,S&P 500 non-retirement value: 364824.68,tax-exempt bonds value: 2706.79,S&P 500 pre-tax value: 13677.41,S&P 500 after-tax value: 115207.79
2031,cash value: 1000,S&P 500 non-retirement value: 435155.07,tax-exempt bonds value: 2867.43,S&P 500 pre-tax value: 14898.6,S&P 500 after-tax value: 145051.69
2032,cash value: 1000,S&P 500 non-retirement value: 500845.01,tax-exempt bonds value: 2998.76,S&P 500 pre-tax value: 15814.38,S&P 500 after-tax value: 175972.57
2033,cash value: 1000,S&P 500 non-retirement value: 563569.96,tax-exempt bonds value: 3069.58,S&P 500 pre-tax value: 16827.58,S&P 500 after-tax value: 208443.68
2034,cash value: 1000,S&P 500 non-retirement value: 639417.07,tax-exempt bonds value: 3251.32,S&P 500 pre-tax value: 17550.77,S&P 500 after-tax value: 248662.19
2035,cash value: 1000,S&P 500 non-retirement value: 716179.39,tax-exempt bonds value: 3445.18,S&P 500 pre-tax value: 18745.15,S&P 500 after-tax value: 292523.98
2036,cash value: 1000,S&P 500 non-retirement value: 819298.76,tax-exempt bonds value: 3638.3,S&P 500 pre-tax value: 19594.77,S&P 500 after-tax value: 351128.04
2037,cash value: 1000,S&P 500 non-retirement value: 907352.85,tax-exempt bonds value: 3988.88,S&P 500 pre-tax value: 20719.25,S&P 500 after-tax value: 407651.28
2038,cash value: 1000,S&P 500 non-retirement value: 972513.62,tax-exempt bonds value: 4130.88,S&P 500 pre-tax value: 22405.9,S&P 500 after-tax value: 457653.47
2039,cash value: 1000,S&P 500 non-retirement value: 1047718.57,tax-exempt bonds value: 4552.5,S&P 500 pre-tax value: 24008.1,S&P 500 after-tax value: 516040.49
2040,cash value: 1000,S&P 500 non-retirement value: 1149955.51,tax-exempt bonds value: 4828.83,S&P 500 pre-tax value: 25279.51,S&P 500 after-tax value: 592401.33
2041,cash value: 1000,S&P 500 non-retirement value: 1218913.23,tax-exempt bonds value: 5102.82,S&P 500 pre-tax value: 27420.16,S&P 500 after-tax value: 656337.89
2042,cash value: 1000,S&P 500 non-retirement value: 1312896.93,tax-exempt bonds value: 5426.32,S&P 500 pre-tax value: 28866.99,S&P 500 after-tax value: 738504.52
2043,cash value: 1000,S&P 500 non-retirement value: 1393524.81,tax-exempt bonds value: 5772.76,S&P 500 pre-tax value: 31580.56,S&P 500 after-tax value: 818419.33
2044,cash value: 1000,S&P 500 non-retirement value: 1497890.9,tax-exempt bonds value: 6324.67,S&P 500 pre-tax value: 32778.76,S&P 500 after-tax value: 918062.17
2045,cash value: 1000,S&P 500 non-retirement value: 1567037.16,tax-exempt bonds value: 6673.55,S&P 500 pre-tax value: 35159.03,S&P 500 after-tax value: 1001876.22
2046,cash value: 1000,S&P 500 non-retirement value: 1673597.16,tax-exempt bonds value: 6974.58,S&P 500 pre-tax value: 37649.83,S&P 500 after-tax value: 1115731.44
2047,cash value: 1000,S&P 500 non-retirement value: 1760560.79,tax-exempt bonds value: 7444.05,S&P 500 pre-tax value: 39614.62,S&P 500 after-tax value: 1223440.55
2048,cash value: 1000,S&P 500 non-retirement value: 1871438.5,tax-exempt bonds value: 8152.56,S&P 500 pre-tax value: 41205.05,S&P 500 after-tax value: 1355179.6
2049,cash value: 1000,S&P 500 non-retirement value: 1989289.64,tax-exempt bonds value: 8523.87,S&P 500 pre-tax value: 44134.32,S&P 500 after-tax value: 1500692.18
2050,cash value: 1000,S&P 500 non-retirement value: 2119375.19,tax-exempt bonds value: 9003.99,S&P 500 pre-tax value: 47196.08,S&P 500 after-tax value: 1665223.37
2051,cash value: 1000,S&P 500 non-retirement value: 2266745.51,tax-exempt bonds value: 9663.39,S&P 500 pre-tax value: 49429.6,S&P 500 after-tax value: 1854609.96
2052,cash value: 1000,S&P 500 non-retirement value: 2445944.12,tax-exempt bonds value: 10522.62,S&P 500 pre-tax value: 51803.13,S&P 500 after-tax value: 2083582.03
2053,cash value: 1000,S&P 500 non-retirement value: 2571716.6,tax-exempt bonds value: 11333.42,S&P 500 pre-tax value: 55441.34,S&P 500 after-tax value: 2280578.87
2054,cash value: 1000,S&P 500 non-retirement value: 2716495.05,tax-exempt bonds value: 11954.67,S&P 500 pre-tax value: 60933.73,S&P 500 after-tax value: 2507533.89
2055,cash value: 1000,S&P 500 non-retirement value: 2912133.64,tax-exempt bonds value: 12592.99,S&P 500 pre-tax value: 64484.22,S&P 500 after-tax value: 2797932.32
2056,cash value: 1000,S&P 500 non-retirement value: 3057149.44,tax-exempt bonds value: 12856.59,S&P 500 pre-tax value: 66839.49,S&P 500 after-tax value: 3057149.44
2057,cash value: 1000,S&P 500 non-retirement value: 3211661.73,tax-exempt bonds value: 13844.03,S&P 500 pre-tax value: 72322.24,S&P 500 after-tax value: 3342749.96
2058,cash value: 1000,S&P 500 non-retirement value: 3336800.46,tax-exempt bonds value: 14688.97,S&P 500 pre-tax value: 75105.69,S&P 500 after-tax value: 3614867.16
2059,cash value: 1000,S&P 500 non-retirement value: 3538999.14,tax-exempt bonds value: 15795.48,S&P 500 pre-tax value: 78721.3,S&P 500 after-tax value: 3990786.26
2060,cash value: 1000,S&P 500 non-retirement value: 3750021.61,tax-exempt bonds value: 16510.15,S&P 500 pre-tax value: 78918.68,S&P 500 after-tax value: 4402199.28
2061,cash value: 1000,S&P 500 non-retirement value: 3936149.44,tax-exempt bonds value: 17639.47,S&P 500 pre-tax value: 81337.02,S&P 500 after-tax value: 4810849.31
2062,cash value: 1000,S&P 500 non-retirement value: 4186987.82,tax-exempt bonds value: 18355.59,S&P 500 pre-tax value: 83026.15,S&P 500 after-tax value: 5328893.59
2063,cash value: 1000,S&P 500 non-retirement value: 4377662.1,tax-exempt bonds value: 19514.35,S&P 500 pre-tax value: 83238.38,S&P 500 after-tax value: 5802947.43
2064,cash value: 1000,S&P 500 non-retirement value: 4483273.06,tax-exempt bonds value: 20793.7,S&P 500 pre-tax value: 84262.6,S&P 500 after-tax value: 6191186.6
2065,cash value: 1000,S&P 500 non-retirement value: 4544115.55,tax-exempt bonds value: 20799.26,S&P 500 pre-tax value: 84401.06,S&P 500 after-tax value: 6539093.11
year,investments
2026,cash value: 1000,S&P 500 non-retirement value: 139883.68,tax-exempt bonds value: 2127.11,S&P 500 pre-tax value: 10528.7,S&P 500 after-tax value: 34970.92
2027,cash value: 1000,S&P 500 non-retirement value: 192084.51,tax-exempt bonds value: 2232.21,S&P 500 pre-tax value: 11195.87,S&P 500 after-tax value: 51060.44
2028,cash value: 1000,S&P 500 non-retirement value: 247133.57,tax-exempt bonds value: 2380.53,S&P 500 pre-tax value: 11682.24,S&P 500 after-tax value: 69704.34
2029,cash value: 1000,S&P 500 non-retirement value: 300756.49,tax-exempt bonds value: 2554.33,S&P 500 pre-tax value: 12303.66,S&P 500 after-tax value: 89836.35
2030,cash value: 1000,S&P 500 non-retirement value: 357574.67,tax-exempt bonds value: 2673.61,S&P 500 pre-tax value: 12614.5,S&P 500 after-tax value: 112918.32
2031,cash value: 1000,S&P 500 non-retirement value: 410223.65,tax-exempt bonds value: 2838.85,S&P 500 pre-tax value: 13217.66,S&P 500 after-tax value: 136741.22
2032,cash value: 1000,S&P 500 non-retirement value: 480351.55,tax-exempt bonds value: 2998.07,S&P 500 pre-tax value: 14037.91,S&P 500 after-tax value: 168772.17
2033,cash value: 1000,S&P 500 non-retirement value: 554256.95,tax-exempt bonds value: 3165.42,S&P 500 pre-tax value: 15398.63,S&P 500 after-tax value: 204999.14
2034,cash value: 1000,S&P 500 non-retirement value: 626193.38,tax-exempt bonds value: 3398.84,S&P 500 pre-tax value: 16503.51,S&P 500 after-tax value: 243519.65
2035,cash value: 1000,S&P 500 non-retirement value: 704818.59,tax-exempt bonds value: 3483.57,S&P 500 pre-tax value: 17727.16,S&P 500 after-tax value: 287883.65
2036,cash value: 1000,S&P 500 non-retirement value: 777024.93,tax-exempt bonds value: 3663.1,S&P 500 pre-tax value: 18726.19,S&P 500 after-tax value: 333010.69
2037,cash value: 1000,S&P 500 non-retirement value: 869233.35,tax-exempt bonds value: 3815.96,S&P 500 pre-tax value: 19713.98,S&P 500 after-tax value: 390525.13
2038,cash value: 1000,S&P 500 non-retirement value: 961832.18,tax-exempt bonds value: 4053.82,S&P 500 pre-tax value: 20814.18,S&P 500 after-tax value: 452626.91
2039,cash value: 1000,S&P 500 non-retirement value: 1033591.13,tax-exempt bonds value: 4366.65,S&P 500 pre-tax value: 22042.09,S&P 500 after-tax value: 509082.2
2040,cash value: 1000,S&P 500 non-retirement value: 1110179.71,tax-exempt bonds value: 4681.84,S&P 500 pre-tax value: 23256.7,S&P 500 after-tax value: 571910.76
2041,cash value: 1000,S&P 500 non-retirement value: 1247006.25,tax-exempt bonds value: 4926.58,S&P 500 pre-tax value: 24436.51,S&P 500 after-tax value: 671464.9
2042,cash value: 1000,S&P 500 non-retirement value: 1324319.8,tax-exempt bonds value: 5239.04,S&P 500 pre-tax value: 25237.13,S&P 500 after-tax value: 744929.89
2043,cash value: 1000,S&P 500 non-retirement value: 1441237.29,tax-exempt bonds value: 5434.98,S&P 500 pre-tax value: 26158.05,S&P 500 after-tax value: 846440.95
2044,cash value: 1000,S&P 500 non-retirement value: 1563853.73,tax-exempt bonds value: 5647.09,S&P 500 pre-tax value: 29039.69,S&P 500 after-tax value: 958490.99
2045,cash value: 1000,S&P 500 non-retirement value: 1660149.55,tax-exempt bonds value: 5959.27,S&P 500 pre-tax value: 29943,S&P 500 after-tax value: 1061407.09
2046,cash value: 1000,S&P 500 non-retirement value: 1793920.61,tax-exempt bonds value: 6218.74,S&P 500 pre-tax value: 32348.82,S&P 500 after-tax value: 1195947.08
2047,cash value: 1000,S&P 500 non-retirement value: 1943871.6,tax-exempt bonds value: 6638.33,S&P 500 pre-tax value: 33907.04,S&P 500 after-tax value: 1350826.03
2048,cash value: 1000,S&P 500 non-retirement value: 2053492.66,tax-exempt bonds value: 6861.49,S&P 500 pre-tax value: 36169.9,S&P 500 after-tax value: 1487011.92
2049,cash value: 1000,S&P 500 non-retirement value: 2234405.54,tax-exempt bonds value: 7352.49,S&P 500 pre-tax value: 40124.74,S&P 500 after-tax value: 1685604.18
2050,cash value: 1000,S&P 500 non-retirement value: 2351071.69,tax-exempt bonds value: 7838.56,S&P 500 pre-tax value: 41383.4,S&P 500 after-tax value: 1847270.61
2051,cash value: 1000,S&P 500 non-retirement value: 2478081.87,tax-exempt bonds value: 8227.04,S&P 500 pre-tax value: 43426.3,S&P 500 after-tax value: 2027521.53
2052,cash value: 1000,S&P 500 non-retirement value: 2598614.4,tax-exempt bonds value: 8635.62,S&P 500 pre-tax value: 45306.26,S&P 500 after-tax value: 2213634.49
2053,cash value: 1000,S&P 500 non-retirement value: 2729600.22,tax-exempt bonds value: 9220.44,S&P 500 pre-tax value: 47565.6,S&P 500 after-tax value: 2420588.88
2054,cash value: 1000,S&P 500 non-retirement value: 2871483.87,tax-exempt bonds value: 10044.39,S&P 500 pre-tax value: 50518.29,S&P 500 after-tax value: 2650600.49
2055,cash value: 1000,S&P 500 non-retirement value: 3026972.59,tax-exempt bonds value: 10756.54,S&P 500 pre-tax value: 53921.71,S&P 500 after-tax value: 2908267.79
2056,cash value: 1000,S&P 500 non-retirement value: 3158851.14,tax-exempt bonds value: 11553.8,S&P 500 pre-tax value: 57141.49,S&P 500 after-tax value: 3158851.14
2057,cash value: 1000,S&P 500 non-retirement value: 3298542.01,tax-exempt bonds value: 12231.69,S&P 500 pre-tax value: 60967.56,S&P 500 after-tax value: 3433176.37
2058,cash value: 1000,S&P 500 non-retirement value: 3428059.02,tax-exempt bonds value: 12423.89,S&P 500 pre-tax value: 63591.85,S&P 500 after-tax value: 3713730.6
2059,cash value: 1000,S&P 500 non-retirement value: 3634988.52,tax-exempt bonds value: 13390.57,S&P 500 pre-tax value: 68728.76,S&P 500 after-tax value: 4099029.61
2060,cash value: 1000,S&P 500 non-retirement value: 3812768.34,tax-exempt bonds value: 14243.92,S&P 500 pre-tax value: 71922.97,S&P 500 after-tax value: 4475858.48
2061,cash value: 1000,S&P 500 non-retirement value: 3944980.1,tax-exempt bonds value: 15337.04,S&P 500 pre-tax value: 73687.05,S&P 500 after-tax value: 4821642.35
2062,cash value: 1000,S&P 500 non-retirement value: 4149816.63,tax-exempt bonds value: 16126.67,S&P 500 pre-tax value: 75757.68,S&P 500 after-tax value: 5281584.8
2063,cash value: 1000,S&P 500 non-retirement value: 4435087.57,tax-exempt bonds value: 16825.17,S&P 500 pre-tax value: 77389.44,S&P 500 after-tax value: 5879069.57
2064,cash value: 1000,S&P 500 non-retirement value: 4608474.54,tax-exempt bonds value: 17517.8,S&P 500 pre-tax value: 80423.35,S&P 500 after-tax value: 6364083.89
2065,cash value: 1000,S&P 500 non-retirement value: 4760877.66,tax-exempt bonds value: 18546.67,S&P 500 pre-tax value: 81621.91,S&P 500 after-tax value: 6851019.07
