year,investments
2026,cash value: 1000,S&P 500 non-retirement value: 139425.93,tax-exempt bonds value: 2054.16,S&P 500 pre-tax value: 10450.42,S&P 500 after-tax value: 34856.48
2027,cash value: 1000,S&P 500 non-retirement value: 193854.14,tax-exempt bonds value: 2179.8,S&P 500 pre-tax value: 11147.38,S&P 500 after-tax value: 51530.85
2028,cash value: 1000,S&P 500 non-retirement value: 250123.28,tax-exempt bonds value: 2415.48,S&P 500 pre-tax value: 11964.73,S&P 500 after-tax value: 70547.59
2029,cash value: 1000,S&P 500 non-retirement value: 307133.31,tax-exempt bonds value: 2539.53,S&P 500 pre-tax value: 12915,S&P 500 after-tax value: 91741.12
2030,cash value: 1000,S&P 500 non-retirement value: 357308.06,tax-exempt bonds value: 2637.7,S&P 500 pre-tax value: 13370.24,S&P 500 after-tax value: 112834.12
2031,cash value: 1000,S&P 500 non-retirement value: 419396.2,tax-exempt bonds value: 2749.08,S&P 500 pre-tax value: 14617.37,S&P 500 after-tax value: 139798.73
2032,cash value: 1000,S&P 500 non-retirement value: 478478.23,tax-exempt bonds value: 2944.71,S&P 500 pre-tax value: 15170.1,S&P 500 after-tax value: 168113.97
2033,cash value: 1000,S&P 500 non-retirement value: 552270.8,tax-exempt bonds value: 3089.38,S&P 500 pre-tax value: 15959.18,S&P 500 after-tax value: 204264.54
2034,cash value: 1000,S&P 500 non-retirement value: 633085.23,tax-exempt bonds value: 3284.95,S&P 500 pre-tax value: 16968.72,S&P 500 after-tax value: 246199.81
2035,cash value: 1000,S&P 500 non-retirement value: 693419.85,tax-exempt bonds value: 3600.83,S&P 500 pre-tax value: 17840.63,S&P 500 after-tax value: 283227.83
2036,cash value: 1000,S&P 500 non-retirement value: 758257.71,tax-exempt bonds value: 3902.44,S&P 500 pre-tax value: 18392.36,S&P 500 after-tax value: 324967.59
2037,cash value: 1000,S&P 500 non-retirement value: 837738.48,tax-exempt bonds value: 4049.08,S&P 500 pre-tax value: 19612.99,S&P 500 after-tax value: 376375.26
2038,cash value: 1000,S&P 500 non-retirement value: 923988.21,tax-exempt bonds value: 4223.04,S&P 500 pre-tax value: 20718.19,S&P 500 after-tax value: 434817.98
2039,cash value: 1000,S&P 500 non-retirement value: 1010045.35,tax-exempt bonds value: 4410.19,S&P 500 pre-tax value: 21610.12,S&P 500 after-tax value: 497485.02
2040,cash value: 1000,S&P 500 non-retirement value: 1100869,tax-exempt bonds value: 4769.01,S&P 500 pre-tax value: 23140.18,S&P 500 after-tax value: 567114.33
2041,cash value: 1000,S&P 500 non-retirement value: 1183667.55,tax-exempt bonds value: 5006.07,S&P 500 pre-tax value: 24215.12,S&P 500 after-tax value: 637359.45
2042,cash value: 1000,S&P 500 non-retirement value: 1298509.34,tax-exempt bonds value: 5232.48,S&P 500 pre-tax value: 25109.15,S&P 500 after-tax value: 730411.5
2043,cash value: 1000,S&P 500 non-retirement value: 1388292.81,tax-exempt bonds value: 5466.61,S&P 500 pre-tax value: 26749.43,S&P 500 after-tax value: 815346.57
2044,cash value: 1000,S&P 500 non-retirement value: 1492895.58,tax-exempt bonds value: 5777.78,S&P 500 pre-tax value: 28001.83,S&P 500 after-tax value: 915000.52
2045,cash value: 1000,S&P 500 non-retirement value: 1585513.35,tax-exempt bonds value: 6206.19,S&P 500 pre-tax value: 29327.15,S&P 500 after-tax value: 1013688.86
2046,cash value: 1000,S&P 500 non-retirement value: 1699388.39,tax-exempt bonds value: 6639.5,S&P 500 pre-tax value: 31581.68,S&P 500 after-tax value: 1132925.6
2047,cash value: 1000,S&P 500 non-retirement value: 1857097.45,tax-exempt bonds value: 7183.34,S&P 500 pre-tax value: 32574.92,S&P 500 after-tax value: 1290525.35
2048,cash value: 1000,S&P 500 non-retirement value: 1991520.6,tax-exempt bonds value: 7847.43,S&P 500 pre-tax value: 34058.95,S&P 500 after-tax value: 1442135.6
2049,cash value: 1000,S&P 500 non-retirement value: 2103010.43,tax-exempt bonds value: 8470.09,S&P 500 pre-tax value: 35492.96,S&P 500 after-tax value: 1586481.55
2050,cash value: 1000,S&P 500 non-retirement value: 2210519.88,tax-exempt bonds value: 8924.5,S&P 500 pre-tax value: 38052.66,S&P 500 after-tax value: 1736837.04
2051,cash value: 1000,S&P 500 non-retirement value: 2349402.21,tax-exempt bonds value: 9524.83,S&P 500 pre-tax value: 40774.16,S&P 500 after-tax value: 1922238.17
2052,cash value: 1000,S&P 500 non-retirement value: 2510516.35,tax-exempt bonds value: 10166.16,S&P 500 pre-tax value: 43045.27,S&P 500 after-tax value: 2138588
2053,cash value: 1000,S&P 500 non-retirement value: 2676753,tax-exempt bonds value: 10836.33,S&P 500 pre-tax value: 45816.34,S&P 500 after-tax value: 2373724.36
2054,cash value: 1000,S&P 500 non-retirement value: 2815768.86,tax-exempt bonds value: 11706.32,S&P 500 pre-tax value: 49161.96,S&P 500 after-tax value: 2599171.25
2055,cash value: 1000,S&P 500 non-retirement value: 2973717.43,tax-exempt bonds value: 12452.11,S&P 500 pre-tax value: 52475.97,S&P 500 after-tax value: 2857101.06
2056,cash value: 1000,S&P 500 non-retirement value: 3119482.38,tax-exempt bonds value: 13211.98,S&P 500 pre-tax value: 56147.97,S&P 500 after-tax value: 3119482.38
2057,cash value: 1000,S&P 500 non-retirement value: 3250060.18,tax-exempt bonds value: 14163.07,S&P 500 pre-tax value: 59585.57,S&P 500 after-tax value: 3382715.7
2058,cash value: 1000,S&P 500 non-retirement value: 3389901.42,tax-exempt bonds value: 14551.63,S&P 500 pre-tax value: 62507.43,S&P 500 after-tax value: 3672393.21
2059,cash value: 1000,S&P 500 non-retirement value: 3520522.77,tax-exempt bonds value: 14952.18,S&P 500 pre-tax value: 66332.22,S&P 500 after-tax value: 3969951.21
2060,cash value: 1000,S&P 500 non-retirement value: 3732154.15,tax-exempt bonds value: 15992.08,S&P 500 pre-tax value: 69539.27,S&P 500 after-tax value: 4381224.44
2061,cash value: 1000,S&P 500 non-retirement value: 3908781.43,tax-exempt bonds value: 16799.69,S&P 500 pre-tax value: 72201.72,S&P 500 after-tax value: 4777399.52
2062,cash value: 1000,S&P 500 non-retirement value: 4084618.25,tax-exempt bonds value: 17452.44,S&P 500 pre-tax value: 73378.77,S&P 500 after-tax value: 5198605.05
2063,cash value: 1000,S&P 500 non-retirement value: 4191716.51,tax-exempt bonds value: 18338.83,S&P 500 pre-tax value: 72186.94,S&P 500 after-tax value: 5556461.42
2064,cash value: 1000,S&P 500 non-retirement value: 4391493.52,tax-exempt bonds value: 19574.81,S&P 500 pre-tax value: 72137.04,S&P 500 after-tax value: 6064443.43
2065,cash value: 1000,S&P 500 non-retirement value: 4553052.1,tax-exempt bonds value: 20537.96,S&P 500 pre-tax value: 70234.13,S&P 500 after-tax value: 6551953.02
year,investments
2026,cash value: 1000,S&P 500 non-retirement value: 139844.6,tax-exempt bonds value: 2139.04,S&P 500 pre-tax value: 10752.87,S&P 500 after-tax value: 34961.15
2027,cash value: 1000,S&P 500 non-retirement value: 189885.71,tax-exempt bonds value: 2274,S&P 500 pre-tax value: 11345.82,S&P 500 after-tax value: 50475.95
2028,cash value: 1000,S&P 500 non-retirement value: 251546.53,tax-exempt bonds value: 2477.01,S&P 500 pre-tax value: 11661.4,S&P 500 after-tax value: 70949.02
2029,cash value: 1000,S&P 500 non-retirement value: 308438.5,tax-exempt bonds value: 2612.96,S&P 500 pre-tax value: 12540.54,S&P 500 after-tax value: 92130.98
2030,cash value: 1000,S&P 500 non-retirement value: 361495.65,tax-exempt bonds value: 2808.34,S&P 500 pre-tax value: 13650.52,S&P 500 after-tax value: 114156.52
2031,cash value: 1000,S&P 500 non-retirement value: 414055.75,tax-exempt bonds value: 2949.59,S&P 500 pre-tax value: 14552.01,S&P 500 after-tax value: 138018.58
2032,cash value: 1000,S&P 500 non-retirement value: 490498.51,tax-exempt bonds value: 2992.45,S&P 500 pre-tax value: 15300.09,S&P 500 after-tax value: 172337.31
2033,cash value: 1000,S&P 500 non-retirement value: 555950.66,tax-exempt bonds value: 3269.68,S&P 500 pre-tax value: 16695.93,S&P 500 after-tax value: 205625.59
2034,cash value: 1000,S&P 500 non-retirement value: 639018.18,tax-exempt bonds value: 3381.64,S&P 500 pre-tax value: 18150.15,S&P 500 after-tax value: 248507.07
2035,cash value: 1000,S&P 500 non-retirement value: 723815.67,tax-exempt bonds value: 3606.36,S&P 500 pre-tax value: 19957.79,S&P 500 after-tax value: 295643.02
2036,cash value: 1000,S&P 500 non-retirement value: 795361.76,tax-exempt bonds value: 3876.6,S&P 500 pre-tax value: 21095.8,S&P 500 after-tax value: 340869.33
2037,cash value: 1000,S&P 500 non-retirement value: 858696.6,tax-exempt bonds value: 4099.1,S&P 500 pre-tax value: 22124.4,S&P 500 after-tax value: 385791.23
2038,cash value: 1000,S&P 500 non-retirement value: 958284.95,tax-exempt bonds value: 4458.22,S&P 500 pre-tax value: 23017.2,S&P 500 after-tax value: 450957.62
2039,cash value: 1000,S&P 500 non-retirement value: 1028252.17,tax-exempt bonds value: 4745.6,S&P 500 pre-tax value: 24400.97,S&P 500 after-tax value: 506452.56
2040,cash value: 1000,S&P 500 non-retirement value: 1104359.1,tax-exempt bonds value: 4979.94,S&P 500 pre-tax value: 25567.64,S&P 500 after-tax value: 568912.26
2041,cash value: 1000,S&P 500 non-retirement value: 1191069.64,tax-exempt bonds value: 5171.54,S&P 500 pre-tax value: 28351.36,S&P 500 after-tax value: 641345.19
2042,cash value: 1000,S&P 500 non-retirement value: 1250891.14,tax-exempt bonds value: 5523.22,S&P 500 pre-tax value: 30474.92,S&P 500 after-tax value: 703626.26
2043,cash value: 1000,S&P 500 non-retirement value: 1349547.22,tax-exempt bonds value: 5765.75,S&P 500 pre-tax value: 32306.63,S&P 500 after-tax value: 792591.22
2044,cash value: 1000,S&P 500 non-retirement value: 1479253.84,tax-exempt bonds value: 6004.85,S&P 500 pre-tax value: 33403.34,S&P 500 after-tax value: 906639.45
2045,cash value: 1000,S&P 500 non-retirement value: 1593898.03,tax-exempt bonds value: 6425.63,S&P 500 pre-tax value: 35762.58,S&P 500 after-tax value: 1019049.56
2046,cash value: 1000,S&P 500 non-retirement value: 1717102.91,tax-exempt bonds value: 6852.01,S&P 500 pre-tax value: 37469.01,S&P 500 after-tax value: 1144735.28
2047,cash value: 1000,S&P 500 non-retirement value: 1866624.37,tax-exempt bonds value: 7239.33,S&P 500 pre-tax value: 39635.09,S&P 500 after-tax value: 1297145.75
2048,cash value: 1000,S&P 500 non-retirement value: 1972735.36,tax-exempt bonds value: 7478.22,S&P 500 pre-tax value: 41981.07,S&P 500 after-tax value: 1428532.5
2049,cash value: 1000,S&P 500 non-retirement value: 2167318.65,tax-exempt bonds value: 7843.33,S&P 500 pre-tax value: 43017.97,S&P 500 after-tax value: 1634994.77
2050,cash value: 1000,S&P 500 non-retirement value: 2336306.51,tax-exempt bonds value: 8268.98,S&P 500 pre-tax value: 45171.48,S&P 500 after-tax value: 1835669.4
2051,cash value: 1000,S&P 500 non-retirement value: 2485785.27,tax-exempt bonds value: 8735.37,S&P 500 pre-tax value: 47537.55,S&P 500 after-tax value: 2033824.32
2052,cash value: 1000,S&P 500 non-retirement value: 2669028.51,tax-exempt bonds value: 9353.52,S&P 500 pre-tax value: 48825.12,S&P 500 after-tax value: 2273616.88
2053,cash value: 1000,S&P 500 non-retirement value: 2861141.15,tax-exempt bonds value: 9998.03,S&P 500 pre-tax value: 51778.22,S&P 500 after-tax value: 2537238.38
2054,cash value: 1000,S&P 500 non-retirement value: 3073005.16,tax-exempt bonds value: 10726.12,S&P 500 pre-tax value: 54349.75,S&P 500 after-tax value: 2836620.15
2055,cash value: 1000,S&P 500 non-retirement value: 3291922.55,tax-exempt bonds value: 11374.51,S&P 500 pre-tax value: 58619.64,S&P 500 after-tax value: 3162827.55
2056,cash value: 1000,S&P 500 non-retirement value: 3406108.79,tax-exempt bonds value: 12166.76,S&P 500 pre-tax value: 63010.96,S&P 500 after-tax value: 3406108.79
2057,cash value: 1000,S&P 500 non-retirement value: 3599106.98,tax-exempt bonds value: 12649.8,S&P 500 pre-tax value: 65760.43,S&P 500 after-tax value: 3746009.31
2058,cash value: 1000,S&P 500 non-retirement value: 3736978.55,tax-exempt bonds value: 13270.41,S&P 500 pre-tax value: 70657.38,S&P 500 after-tax value: 4048393.43
2059,cash value: 1000,S&P 500 non-retirement value: 3880698.83,tax-exempt bonds value: 14087.48,S&P 500 pre-tax value: 73323.67,S&P 500 after-tax value: 4376107.2
2060,cash value: 1000,S&P 500 non-retirement value: 4102198.21,tax-exempt bonds value: 15134.18,S&P 500 pre-tax value: 76524.48,S&P 500 after-tax value: 4815623.99
2061,cash value: 1000,S&P 500 non-retirement value: 4215645.43,tax-exempt bonds value: 16304.01,S&P 500 pre-tax value: 78417.14,S&P 500 after-tax value: 5152455.53
2062,cash value: 1000,S&P 500 non-retirement value: 4441482.92,tax-exempt bonds value: 17631.95,S&P 500 pre-tax value: 79014.2,S&P 500 after-tax value: 5652796.44
2063,cash value: 1000,S&P 500 non-retirement value: 4548660.79,tax-exempt bonds value: 19339.07,S&P 500 pre-tax value: 80461.2,S&P 500 after-tax value: 6029620.12
2064,cash value: 1000,S&P 500 non-retirement value: 4745331.96,tax-exempt bonds value: 20464.04,S&P 500 pre-tax value: 82186.39,S&P 500 after-tax value: 6553077.47
2065,cash value: 1000,S&P 500 non-retirement value: 4745711.94,tax-exempt bonds value: 21880.69,S&P 500 pre-tax value: 85928.46,S&P 500 after-tax value: 6829195.23
year,investments
2026,cash value: 1000,S&P 500 non-retirement value: 139068.02,tax-exempt bonds value: 2154.35,S&P 500 pre-tax value: 10459.66,S&P 500 after-tax value: 34767
2027,cash value: 1000,S&P 500 non-retirement value: 188662.32,tax-exempt bonds value: 2279.99,S&P 500 pre-tax value: 11158.98,S&P 500 after-tax value: 50150.74
2028,cash value: 1000,S&P 500 non-retirement value: 239329.73,tax-exempt bonds value: 2413.71,S&P 500 pre-tax value: 11695.77,S&P 500 after-tax value: 67503.26
2029,cash value: 1000,S&P 500 non-retirement value: 293455.45,tax-exempt bonds value: 2588.67,S&P 500 pre-tax value: 12151.3,S&P 500 after-tax value: 87655.53
2030,cash value: 1000,S&P 500 non-retirement value: 357014.79,tax-exempt bonds value: 2763.41,S&P 500 pre-tax value: 12989.43,S&P 500 after-tax value: 112741.51
2031,cash value: 1000,S&P 500 non-retirement value: 418823.04,tax-exempt bonds value: 2898.66,S&P 500 pre-tax value: 13944.55,S&P 500 after-tax value: 139607.68
2032,cash value: 1000,S&P 500 non-retirement value: 481844.24,tax-exempt bonds value: 2995.5,S&P 500 pre-tax value: 14890.94,S&P 500 after-tax value: 169296.63
2033,cash value: 1000,S&P 500 non-retirement value: 546422.56,tax-exempt bonds value: 3152.66,S&P 500 pre-tax value: 16054.84,S&P 500 after-tax value: 202101.5
2034,cash value: 1000,S&P 500 non-retirement value: 607855.57,tax-exempt bonds value: 3307.02,S&P 500 pre-tax value: 16818.9,S&P 500 after-tax value: 236388.28
2035,cash value: 1000,S&P 500 non-retirement value: 676304.5,tax-exempt bonds value: 3431.82,S&P 500 pre-tax value: 17358.28,S&P 500 after-tax value: 276237.05
2036,cash value: 1000,S&P 500 non-retirement value: 753767.3,tax-exempt bonds value: 3621.61,S&P 500 pre-tax value: 17875.91,S&P 500 after-tax value: 323043.13
2037,cash value: 1000,S&P 500 non-retirement value: 821925.9,tax-exempt bonds value: 3936.15,S&P 500 pre-tax value: 18129.81,S&P 500 after-tax value: 369271.06
2038,cash value: 1000,S&P 500 non-retirement value: 894958.92,tax-exempt bonds value: 4007.93,S&P 500 pre-tax value: 18933.03,S&P 500 after-tax value: 421157.14
2039,cash value: 1000,S&P 500 non-retirement value: 986462.04,tax-exempt bonds value: 4351.06,S&P 500 pre-tax value: 20160.9,S&P 500 after-tax value: 485869.36
2040,cash value: 1000,S&P 500 non-retirement value: 1052508.62,tax-exempt bonds value: 4661.76,S&P 500 pre-tax value: 21404.58,S&P 500 after-tax value: 542201.41
2041,cash value: 1000,S&P 500 non-retirement value: 1178870.17,tax-exempt bonds value: 4973.29,S&P 500 pre-tax value: 22240.79,S&P 500 after-tax value: 634776.24
2042,cash value: 1000,S&P 500 non-retirement value: 1302990.15,tax-exempt bonds value: 5241.05,S&P 500 pre-tax value: 23094.95,S&P 500 after-tax value: 732931.96
2043,cash value: 1000,S&P 500 non-retirement value: 1397270.89,tax-exempt bonds value: 5577.3,S&P 500 pre-tax value: 25045.55,S&P 500 after-tax value: 820619.41
2044,cash value: 1000,S&P 500 non-retirement value: 1501399.21,tax-exempt bonds value: 5717.93,S&P 500 pre-tax value: 25923.52,S&P 500 after-tax value: 920212.42
2045,cash value: 1000,S&P 500 non-retirement value: 1634852.92,tax-exempt bonds value: 5774.51,S&P 500 pre-tax value: 26408.39,S&P 500 after-tax value: 1045233.83
2046,cash value: 1000,S&P 500 non-retirement value: 1745545.07,tax-exempt bonds value: 6208.12,S&P 500 pre-tax value: 28603.42,S&P 500 after-tax value: 1163696.72
2047,cash value: 1000,S&P 500 non-retirement value: 1823052.12,tax-exempt bonds value: 6535.41,S&P 500 pre-tax value: 29887.24,S&P 500 after-tax value: 1266866.73
2048,cash value: 1000,S&P 500 non-retirement value: 1900168.73,tax-exempt bonds value: 6877.47,S&P 500 pre-tax value: 31957.22,S&P 500 after-tax value: 1375984.25
2049,cash value: 1000,S&P 500 non-retirement value: 2015390.4,tax-exempt bonds value: 7210.52,S&P 500 pre-tax value: 34371.12,S&P 500 after-tax value: 1520382.23
2050,cash value: 1000,S&P 500 non-retirement value: 2196597.02,tax-exempt bonds value: 7877.45,S&P 500 pre-tax value: 36224.21,S&P 500 after-tax value: 1725897.66
2051,cash value: 1000,S&P 500 non-retirement value: 2294441.74,tax-exempt bonds value: 8511.16,S&P 500 pre-tax value: 37867.06,S&P 500 after-tax value: 1877270.51
2052,cash value: 1000,S&P 500 non-retirement value: 2353140.99,tax-exempt bonds value: 8817.65,S&P 500 pre-tax value: 39929.03,S&P 500 after-tax value: 2004527.51
2053,cash value: 1000,S&P 500 non-retirement value: 2437690.46,tax-exempt bonds value: 9263.62,S&P 500 pre-tax value: 42229,S&P 500 after-tax value: 2161725.5
2054,cash value: 1000,S&P 500 non-retirement value: 2543425.14,tax-exempt bonds value: 9650.73,S&P 500 pre-tax value: 45897.09,S&P 500 after-tax value: 2347777.05
2055,cash value: 1000,S&P 500 non-retirement value: 2626710.09,tax-exempt bonds value: 10117.92,S&P 500 pre-tax value: 49836.68,S&P 500 after-tax value: 2523701.85
2056,cash value: 1000,S&P 500 non-retirement value: 2754883.62,tax-exempt bonds value: 10607.43,S&P 500 pre-tax value: 50911.17,S&P 500 after-tax value: 2754883.62
2057,cash value: 1000,S&P 500 non-retirement value: 2913147.07,tax-exempt bonds value: 11024.92,S&P 500 pre-tax value: 54176.9,S&P 500 after-tax value: 3032051.04
2058,cash value: 1000,S&P 500 non-retirement value: 3062878.37,tax-exempt bonds value: 11722.72,S&P 500 pre-tax value: 58181.07,S&P 500 after-tax value: 3318118.24
2059,cash value: 1000,S&P 500 non-retirement value: 3198673.25,tax-exempt bonds value: 12654.93,S&P 500 pre-tax value: 62189.02,S&P 500 after-tax value: 3607014.52
2060,cash value: 1000,S&P 500 non-retirement value: 3306932.25,tax-exempt bonds value: 13767.1,S&P 500 pre-tax value: 65160.64,S&P 500 after-tax value: 3882050.9
2061,cash value: 1000,S&P 500 non-retirement value: 3460894.01,tax-exempt bonds value: 14403.92,S&P 500 pre-tax value: 66706.39,S&P 500 after-tax value: 4229981.57
2062,cash value: 1000,S&P 500 non-retirement value: 3584724.99,tax-exempt bonds value: 15575.46,S&P 500 pre-tax value: 68400.18,S&P 500 after-tax value: 4562377.27
2063,cash value: 1000,S&P 500 non-retirement value: 3849016.81,tax-exempt bonds value: 16578.58,S&P 500 pre-tax value: 69595.5,S&P 500 after-tax value: 5102185.07
2064,cash value: 1000,S&P 500 non-retirement value: 3995721.35,tax-exempt bonds value: 17624.03,S&P 500 pre-tax value: 70804.9,S&P 500 after-tax value: 5517900.91
2065,cash value: 1000,S&P 500 non-retirement value: 4168676.25,tax-exempt bonds value: 18550.42,S&P 500 pre-tax value: 70808.77,S&P 500 after-tax value: 5998826.8
year,investments
2026,cash value: 1000,S&P 500 non-retirement value: 137466.26,tax-exempt bonds value: 2035.03,S&P 500 pre-tax value: 11021.89,S&P 500 after-tax value: 34366.57
2027,cash value: 1000,S&P 500 non-retirement value: 189836.53,tax-exempt bonds value: 2157.62,S&P 500 pre-tax value: 11714.94,S&P 500 after-tax value: 50462.88
2028,cash value: 1000,S&P 500 non-retirement value: 241475.2,tax-exempt bonds value: 2287.74,S&P 500 pre-tax value: 11998.47,S&P 500 after-tax value: 68108.39
2029,cash value: 1000,S&P 500 non-retirement value: 293619.79,tax-exempt bonds value: 2473.73,S&P 500 pre-tax value: 12655.62,S&P 500 after-tax value: 87704.61
2030,cash value: 1000,S&P 500 non-retirement value: 358990.75,tax-exempt bonds value: 2656.3,S&P 500 pre-tax value: 13639.11,S&P 500 after-tax value: 113365.5
2031,cash value: 1000,S&P 500 non-retirement value: 421098.25,tax-exempt bonds value: 2848.87,S&P 500 pre-tax value: 14257.6,S&P 500 after-tax value: 140366.08
2032,cash value: 1000,S&P 500 non-retirement value: 480743.63,tax-exempt bonds value: 2930.21,S&P 500 pre-tax value: 14941.98,S&P 500 after-tax value: 168909.92
2033,cash value: 1000,S&P 500 non-retirement value: 547896.3,tax-exempt bonds value: 3023.79,S&P 500 pre-tax value: 15803.46,S&P 500 after-tax value: 202646.58
2034,cash value: 1000,S&P 500 non-retirement value: 632498.41,tax-exempt bonds value: 3294.21,S&P 500 pre-tax value: 16570.09,S&P 500 after-tax value: 245971.61
2035,cash value: 1000,S&P 500 non-retirement value: 706342.93,tax-exempt bonds value: 3484.95,S&P 500 pre-tax value: 18142.8,S&P 500 after-tax value: 288506.27
2036,cash value: 1000,S&P 500 non-retirement value: 769077.91,tax-exempt bonds value: 3693.01,S&P 500 pre-tax value: 19428.95,S&P 500 after-tax value: 329604.82
2037,cash value: 1000,S&P 500 non-retirement value: 836924.78,tax-exempt bonds value: 3940.37,S&P 500 pre-tax value: 20735.97,S&P 500 after-tax value: 376009.68
2038,cash value: 1000,S&P 500 non-retirement value: 909819.53,tax-exempt bonds value: 4168.6,S&P 500 pre-tax value: 22083.61,S&P 500 after-tax value: 428150.37
2039,cash value: 1000,S&P 500 non-retirement value: 1013731.42,tax-exempt bonds value: 4525.54,S&P 500 pre-tax value: 23613.47,S&P 500 after-tax value: 499300.55
2040,cash value: 1000,S&P 500 non-retirement value: 1102406.53,tax-exempt bonds value: 4707.33,S&P 500 pre-tax value: 25503.06,S&P 500 after-tax value: 567906.39
2041,cash value: 1000,S&P 500 non-retirement value: 1182615.61,tax-exempt bonds value: 5013.74,S&P 500 pre-tax value: 26021.71,S&P 500 after-tax value: 636793.02
2042,cash value: 1000,S&P 500 non-retirement value: 1325573.12,tax-exempt bonds value: 5176.38,S&P 500 pre-tax value: 28173.69,S&P 500 after-tax value: 745634.88
2043,cash value: 1000,S&P 500 non-retirement value: 1447780.27,tax-exempt bonds value: 5497.25,S&P 500 pre-tax value: 29978.04,S&P 500 after-tax value: 850283.65
2044,cash value: 1000,S&P 500 non-retirement value: 1528457.28,tax-exempt bonds value: 5861.62,S&P 500 pre-tax value: 31089.61,S&P 500 after-tax value: 936796.4
2045,cash value: 1000,S&P 500 non-retirement value: 1626934.1,tax-exempt bonds value: 6163.3,S&P 500 pre-tax value: 33058.18,S&P 500 after-tax value: 1040170.98
2046,cash value: 1000,S&P 500 non-retirement value: 1739743.85,tax-exempt bonds value: 6519.56,S&P 500 pre-tax value: 36327.97,S&P 500 after-tax value: 1159829.23
2047,cash value: 1000,S&P 500 non-retirement value: 1866586.22,tax-exempt bonds value: 6940.96,S&P 500 pre-tax value: 38669.13,S&P 500 after-tax value: 1297119.24
2048,cash value: 1000,S&P 500 non-retirement value: 1963294.03,tax-exempt bonds value: 7316.64,S&P 500 pre-tax value: 39837.86,S&P 500 after-tax value: 1421695.68
2049,cash value: 1000,S&P 500 non-retirement value: 2125082.7,tax-exempt bonds value: 7866.15,S&P 500 pre-tax value: 41556.8,S&P 500 after-tax value: 1603132.56
2050,cash value: 1000,S&P 500 non-retirement value: 2277971.62,tax-exempt bonds value: 8571.4,S&P 500 pre-tax value: 44488.26,S&P 500 after-tax value: 1789834.84
2051,cash value: 1000,S&P 500 non-retirement value: 2437439.02,tax-exempt bonds value: 9281.84,S&P 500 pre-tax value: 46958.08,S&P 500 after-tax value: 1994268.29
2052,cash value: 1000,S&P 500 non-retirement value: 2547420.28,tax-exempt bonds value: 9876.16,S&P 500 pre-tax value: 50251.56,S&P 500 after-tax value: 2170024.68
2053,cash value: 1000,S&P 500 non-retirement value: 2726022.18,tax-exempt bonds value: 10341.52,S&P 500 pre-tax value: 53416.21,S&P 500 after-tax value: 2417415.9
2054,cash value: 1000,S&P 500 non-retirement value: 2921390.27,tax-exempt bonds value: 11183.61,S&P 500 pre-tax value: 56434.73,S&P 500 after-tax value: 2696667.94
2055,cash value: 1000,S&P 500 non-retirement value: 3201463.49,tax-exempt bonds value: 11885.26,S&P 500 pre-tax value: 59583.33,S&P 500 after-tax value: 3075915.91
2056,cash value: 1000,S&P 500 non-retirement value: 3367939.22,tax-exempt bonds value: 12847.49,S&P 500 pre-tax value: 63681.02,S&P 500 after-tax value: 3367939.22
2057,cash value: 1000,S&P 500 non-retirement value: 3446488.51,tax-exempt bonds value: 13384.79,S&P 500 pre-tax value: 70450.24,S&P 500 after-tax value: 3587161.51
2058,cash value: 1000,S&P 500 non-retirement value: 3643156.3,tax-exempt bonds value: 14239.72,S&P 500 pre-tax value: 72143.01,S&P 500 after-tax value: 3946752.66
2059,cash value: 1000,S&P 500 non-retirement value: 3921270.63,tax-exempt bonds value: 14752.5,S&P 500 pre-tax value: 77137.18,S&P 500 after-tax value: 4421858.37
2060,cash value: 1000,S&P 500 non-retirement value: 4091519.57,tax-exempt bonds value: 15544.91,S&P 500 pre-tax value: 78322.78,S&P 500 after-tax value: 4803088.19
2061,cash value: 1000,S&P 500 non-retirement value: 4203928.64,tax-exempt bonds value: 16090.27,S&P 500 pre-tax value: 79195.39,S&P 500 after-tax value: 5138135.01
2062,cash value: 1000,S&P 500 non-retirement value: 4407152.51,tax-exempt bonds value: 17167.2,S&P 500 pre-tax value: 80476.49,S&P 500 after-tax value: 5609103.19
2063,cash value: 1000,S&P 500 non-retirement value: 4612600.83,tax-exempt bonds value: 18706.33,S&P 500 pre-tax value: 81787.59,S&P 500 after-tax value: 6114377.84
2064,cash value: 1000,S&P 500 non-retirement value: 4871636.1,tax-exempt bonds value: 19633,S&P 500 pre-tax value: 80283.27,S&P 500 after-tax value: 6727497.48
2065,cash value: 1000,S&P 500 non-retirement value: 5140595.36,tax-exempt bonds value: 20731.22,S&P 500 pre-tax value: 81327.91,S&P 500 after-tax value: 7397442.11
year,investments
2026,cash value: 1000,S&P 500 non-retirement value: 139984.21,tax-exempt bonds value: 2069.75,S&P 500 pre-tax value: 10409.31,S&P 500 after-tax value: 34996.05
2027,cash value: 1000,S&P 500 non-retirement value: 194247.95,tax-exempt bonds value: 2211.55,S&P 500 pre-tax value: 11314.7,S&P 500 after-tax value: 51635.53
2028,cash value: 1000,S&P 500 non-retirement value: 245024.22,tax-exempt bonds value: 2271.79,S&P 500 pre-tax value: 11661.99,S&P 500 after-tax value: 69109.39
2029,cash value: 1000,S&P 500 non-retirement value: 297268.64,tax-exempt bonds value: 2375.41,S&P 500 pre-tax value: 12569.68,S&P 500 after-tax value: 88794.53
2030,cash value: 1000,S&P 500 non-retirement value: 353546.52,tax-exempt bonds value: 2565.18,S&P 500 pre-tax value: 13228.27,S&P 500 after-tax value: 111646.27
2031,cash value: 1000,S&P 500 non-retirement value: 419778.04,tax-exempt bonds value: 2630.08,S&P 500 pre-tax value: 13937.68,S&P 500 after-tax value: 139926.01
2032,cash value: 1000,S&P 500 non-retirement value: 489157.89,tax-exempt bonds value: 2815.91,S&P 500 pre-tax value: 14852.61,S&P 500 after-tax value: 171866.29
2033,cash value: 1000,S&P 500 non-retirement value: 546249.16,tax-exempt bonds value: 3055.59,S&P 500 pre-tax value: 15703.42,S&P 500 after-tax value: 202037.36
2034,cash value: 1000,S&P 500 non-retirement value: 619289.56,tax-exempt bonds value: 3286.25,S&P 500 pre-tax value: 16718.86,S&P 500 after-tax value: 240834.83
2035,cash value: 1000,S&P 500 non-retirement value: 687405.76,tax-exempt bonds value: 3482.53,S&P 500 pre-tax value: 18118.87,S&P 500 after-tax value: 280771.37
2036,cash value: 1000,S&P 500 non-retirement value: 754164.67,tax-exempt bonds value: 3696.21,S&P 500 pre-tax value: 19262.12,S&P 500 after-tax value: 323213.43
2037,cash value: 1000,S&P 500 non-retirement value: 821451.63,tax-exempt bonds value: 3923.71,S&P 500 pre-tax value: 20996.9,S&P 500 after-tax value: 369057.98
2038,cash value: 1000,S&P 500 non-retirement value: 882213.24,tax-exempt bonds value: 4150.65,S&P 500 pre-tax value: 22320.32,S&P 500 after-tax value: 415159.17
2039,cash value: 1000,S&P 500 non-retirement value: 969456.58,tax-exempt bonds value: 4422.86,S&P 500 pre-tax value: 24144.33,S&P 500 after-tax value: 477493.54
2040,cash value: 1000,S&P 500 non-retirement value: 1048203.64,tax-exempt bonds value: 4737.46,S&P 500 pre-tax value: 25415.77,S&P 500 after-tax value: 539983.7
2041,cash value: 1000,S&P 500 non-retirement value: 1131187.61,tax-exempt bonds value: 4883.7,S&P 500 pre-tax value: 26915.85,S&P 500 after-tax value: 609101.02
2042,cash value: 1000,S&P 500 non-retirement value: 1225165.27,tax-exempt bonds value: 5149.09,S&P 500 pre-tax value: 28053.72,S&P 500 after-tax value: 689155.46
2043,cash value: 1000,S&P 500 non-retirement value: 1335828.8,tax-exempt bonds value: 5399.76,S&P 500 pre-tax value: 30441.79,S&P 500 after-tax value: 784534.37
2044,cash value: 1000,S&P 500 non-retirement value: 1421253.49,tax-exempt bonds value: 5848.28,S&P 500 pre-tax value: 32950.38,S&P 500 after-tax value: 871090.85
2045,cash value: 1000,S&P 500 non-retirement value: 1503990.73,tax-exempt bonds value: 6462.27,S&P 500 pre-tax value: 34746.04,S&P 500 after-tax value: 961567.85
2046,cash value: 1000,S&P 500 non-retirement value: 1620047.89,tax-exempt bonds value: 6586.31,S&P 500 pre-tax value: 37234.26,S&P 500 after-tax value: 1080031.93
2047,cash value: 1000,S&P 500 non-retirement value: 1733025.81,tax-exempt bonds value: 6932.28,S&P 500 pre-tax value: 38650.25,S&P 500 after-tax value: 1204306.07
2048,cash value: 1000,S&P 500 non-retirement value: 1844926.68,tax-exempt bonds value: 7287.78,S&P 500 pre-tax value: 41082.99,S&P 500 after-tax value: 1335981.39
2049,cash value: 1000,S&P 500 non-retirement value: 1953694.41,tax-exempt bonds value: 7725.15,S&P 500 pre-tax value: 43914.16,S&P 500 after-tax value: 1473839.64
2050,cash value: 1000,S&P 500 non-retirement value: 2056210.02,tax-exempt bonds value: 8042.47,S&P 500 pre-tax value: 46911.68,S&P 500 after-tax value: 1615593.58
2051,cash value: 1000,S&P 500 non-retirement value: 2215120.93,tax-exempt bonds value: 8346.41,S&P 500 pre-tax value: 49072.78,S&P 500 after-tax value: 1812371.67
2052,cash value: 1000,S&P 500 non-retirement value: 2296441.51,tax-exempt bonds value: 8952.17,S&P 500 pre-tax value: 49212.98,S&P 500 after-tax value: 1956227.95
2053,cash value: 1000,S&P 500 non-retirement value: 2397308.6,tax-exempt bonds value: 9804.78,S&P 500 pre-tax value: 51943.11,S&P 500 after-tax value: 2125915.18
2054,cash value: 1000,S&P 500 non-retirement value: 2560302.73,tax-exempt bonds value: 10340.99,S&P 500 pre-tax value: 54543.39,S&P 500 after-tax value: 2363356.36
2055,cash value: 1000,S&P 500 non-retirement value: 2677076.74,tax-exempt bonds value: 10575.52,S&P 500 pre-tax value: 59795.49,S&P 500 after-tax value: 2572093.33
2056,cash value: 1000,S&P 500 non-retirement value: 2847567.13,tax-exempt bonds value: 10817.87,S&P 500 pre-tax value: 63162.81,S&P 500 after-tax value: 2847567.13
2057,cash value: 1000,S&P 500 non-retirement value: 2949505.25,tax-exempt bonds value: 11610.44,S&P 500 pre-tax value: 68897.32,S&P 500 after-tax value: 3069893.21
2058,cash value: 1000,S&P 500 non-retirement value: 3083839.65,tax-exempt bonds value: 12413.79,S&P 500 pre-tax value: 68557.83,S&P 500 after-tax value: 3340826.29
2059,cash value: 1000,S&P 500 non-retirement value: 3233517.64,tax-exempt bonds value: 12882.61,S&P 500 pre-tax value: 71936.17,S&P 500 after-tax value: 3646307.13
2060,cash value: 1000,S&P 500 non-retirement value: 3371535.64,tax-exempt bonds value: 14069.35,S&P 500 pre-tax value: 72061.72,S&P 500 after-tax value: 3957889.66
2061,cash value: 1000,S&P 500 non-retirement value: 3521267.61,tax-exempt bonds value: 14823.83,S&P 500 pre-tax value: 73524.66,S&P 500 after-tax value: 4303771.52
2062,cash value: 1000,S&P 500 non-retirement value: 3716931.49,tax-exempt bonds value: 15408.88,S&P 500 pre-tax value: 74932.46,S&P 500 after-tax value: 4730640.08
2063,cash value: 1000,S&P 500 non-retirement value: 3799795.34,tax-exempt bonds value: 16430.46,S&P 500 pre-tax value: 75961.59,S&P 500 after-tax value: 5036938.01
2064,cash value: 1000,S&P 500 non-retirement value: 3915179.49,tax-exempt bonds value: 18041.66,S&P 500 pre-tax value: 77214.53,S&P 500 after-tax value: 5406676.44
2065,cash value: 1000,S&P 500 non-retirement value: 4086340.53,tax-exempt bonds value: 18583.29,S&P 500 pre-tax value: 79935.97,S&P 500 after-tax value: 5880343.69
