year,investments
2026,cash value: 1000,S&P 500 non-retirement value: 139406.62,tax-exempt bonds value: 2093.96,S&P 500 pre-tax value: 10730.61,S&P 500 after-tax value: 34851.65
2027,cash value: 1000,S&P 500 non-retirement value: 192875.69,tax-exempt bonds value: 2234.3,S&P 500 pre-tax value: 11584.02,S&P 500 after-tax value: 51270.75
2028,cash value: 1000,S&P 500 non-retirement value: 253999.49,tax-exempt bonds value: 2446.22,S&P 500 pre-tax value: 12139.11,S&P 500 after-tax value: 71640.88
2029,cash value: 1000,S&P 500 non-retirement value: 313940.89,tax-exempt bonds value: 2590.74,S&P 500 pre-tax value: 12680.15,S&P 500 after-tax value: 93774.55
2030,cash value: 1000,S&P 500 non-retirement value: 371578.99,tax-exempt bonds value: 2649.76,S&P 500 pre-tax value: 14203.38,S&P 500 after-tax value: 117340.73
2031,cash value: 1000,S&P 500 non-retirement value: 427437.24,tax-exempt bonds value: 2798.14,S&P 500 pre-tax value: 14643.52,S&P 500 after-tax value: 142479.08
2032,cash value: 1000,S&P 500 non-retirement value: 504142.19,tax-exempt bonds value: 2861.76,S&P 500 pre-tax value: 15226.95,S&P 500 after-tax value: 177131.04
2033,cash value: 1000,S&P 500 non-retirement value: 561014.13,tax-exempt bonds value: 3048.48,S&P 500 pre-tax value: 16048.06,S&P 500 after-tax value: 207498.38
2034,cash value: 1000,S&P 500 non-retirement value: 631722.07,tax-exempt bonds value: 3274.35,S&P 500 pre-tax value: 15741.13,S&P 500 after-tax value: 245669.69
2035,cash value: 1000,S&P 500 non-retirement value: 713500.99,tax-exempt bonds value: 3584.97,S&P 500 pre-tax value: 16845.21,S&P 500 after-tax value: 291429.98
2036,cash value: 1000,S&P 500 non-retirement value: 801852.96,tax-exempt bonds value: 3650.16,S&P 500 pre-tax value: 17755.09,S&P 500 after-tax value: 343651.27
2037,cash value: 1000,S&P 500 non-retirement value: 875554.46,tax-exempt bonds value: 3970.31,S&P 500 pre-tax value: 18530.61,S&P 500 after-tax value: 393365.05
2038,cash value: 1000,S&P 500 non-retirement value: 968526.82,tax-exempt bonds value: 4168.2,S&P 500 pre-tax value: 20370.36,S&P 500 after-tax value: 455777.33
2039,cash value: 1000,S&P 500 non-retirement value: 1052251.88,tax-exempt bonds value: 4400.32,S&P 500 pre-tax value: 21976.14,S&P 500 after-tax value: 518273.32
2040,cash value: 1000,S&P 500 non-retirement value: 1139855.19,tax-exempt bonds value: 4623.62,S&P 500 pre-tax value: 23327.16,S&P 500 after-tax value: 587198.13
2041,cash value: 1000,S&P 500 non-retirement value: 1253958.24,tax-exempt bonds value: 4865.11,S&P 500 pre-tax value: 24737.71,S&P 500 after-tax value: 675208.28
2042,cash value: 1000,S&P 500 non-retirement value: 1367598.56,tax-exempt bonds value: 5163.45,S&P 500 pre-tax value: 26474,S&P 500 after-tax value: 769274.19
2043,cash value: 1000,S&P 500 non-retirement value: 1497345.56,tax-exempt bonds value: 5406.75,S&P 500 pre-tax value: 27258.09,S&P 500 after-tax value: 879393.42
2044,cash value: 1000,S&P 500 non-retirement value: 1596511.93,tax-exempt bonds value: 5898.95,S&P 500 pre-tax value: 28339.69,S&P 500 after-tax value: 978507.31
2045,cash value: 1000,S&P 500 non-retirement value: 1712023.22,tax-exempt bonds value: 6240.75,S&P 500 pre-tax value: 29982.89,S&P 500 after-tax value: 1094572.22
2046,cash value: 1000,S&P 500 non-retirement value: 1794559.28,tax-exempt bonds value: 6641.36,S&P 500 pre-tax value: 30723.47,S&P 500 after-tax value: 1196372.85
2047,cash value: 1000,S&P 500 non-retirement value: 1867784.68,tax-exempt bonds value: 7113.96,S&P 500 pre-tax value: 32724.91,S&P 500 after-tax value: 1297952.06
2048,cash value: 1000,S&P 500 non-retirement value: 1975830.16,tax-exempt bonds value: 7545.2,S&P 500 pre-tax value: 35004.18,S&P 500 after-tax value: 1430773.56
2049,cash value: 1000,S&P 500 non-retirement value: 2112347.86,tax-exempt bonds value: 7995.68,S&P 500 pre-tax value: 37208.1,S&P 500 after-tax value: 1593525.58
2050,cash value: 1000,S&P 500 non-retirement value: 2221036.55,tax-exempt bonds value: 8493.54,S&P 500 pre-tax value: 38111.65,S&P 500 after-tax value: 1745100.15
2051,cash value: 1000,S&P 500 non-retirement value: 2331998.35,tax-exempt bonds value: 8651.62,S&P 500 pre-tax value: 40353.37,S&P 500 after-tax value: 1907998.65
2052,cash value: 1000,S&P 500 non-retirement value: 2468541.65,tax-exempt bonds value: 9072.29,S&P 500 pre-tax value: 42170.06,S&P 500 after-tax value: 2102831.78
2053,cash value: 1000,S&P 500 non-retirement value: 2595195.16,tax-exempt bonds value: 9399.66,S&P 500 pre-tax value: 45603.3,S&P 500 after-tax value: 2301399.48
2054,cash value: 1000,S&P 500 non-retirement value: 2706026.7,tax-exempt bonds value: 9645.57,S&P 500 pre-tax value: 46493.13,S&P 500 after-tax value: 2497870.8
2055,cash value: 1000,S&P 500 non-retirement value: 2872069.15,tax-exempt bonds value: 10116.3,S&P 500 pre-tax value: 49639.1,S&P 500 after-tax value: 2759438.99
2056,cash value: 1000,S&P 500 non-retirement value: 3020411.72,tax-exempt bonds value: 10960.12,S&P 500 pre-tax value: 53301.35,S&P 500 after-tax value: 3020411.72
2057,cash value: 1000,S&P 500 non-retirement value: 3142532.29,tax-exempt bonds value: 11177.62,S&P 500 pre-tax value: 56994.56,S&P 500 after-tax value: 3270798.92
2058,cash value: 1000,S&P 500 non-retirement value: 3246035.97,tax-exempt bonds value: 11865.46,S&P 500 pre-tax value: 60498.63,S&P 500 after-tax value: 3516538.96
2059,cash value: 1000,S&P 500 non-retirement value: 3407449.06,tax-exempt bonds value: 12721.65,S&P 500 pre-tax value: 61063.36,S&P 500 after-tax value: 3842442.55
2060,cash value: 1000,S&P 500 non-retirement value: 3604970.05,tax-exempt bonds value: 13397.84,S&P 500 pre-tax value: 61542.84,S&P 500 after-tax value: 4231921.36
2061,cash value: 1000,S&P 500 non-retirement value: 3855666.33,tax-exempt bonds value: 14784.55,S&P 500 pre-tax value: 64556.12,S&P 500 after-tax value: 4712481.07
2062,cash value: 1000,S&P 500 non-retirement value: 4084014.05,tax-exempt bonds value: 15683.63,S&P 500 pre-tax value: 65177.26,S&P 500 after-tax value: 5197836.06
2063,cash value: 1000,S&P 500 non-retirement value: 4253625.22,tax-exempt bonds value: 16625.3,S&P 500 pre-tax value: 65983.16,S&P 500 after-tax value: 5638526.45
2064,cash value: 1000,S&P 500 non-retirement value: 4343230.19,tax-exempt bonds value: 17649.43,S&P 500 pre-tax value: 66289.89,S&P 500 after-tax value: 5997794.07
2065,cash value: 1000,S&P 500 non-retirement value: 4462213.61,tax-exempt bonds value: 18706.25,S&P 500 pre-tax value: 66289.27,S&P 500 after-tax value: 6421234.22
year,investments
2026,cash value: 1000,S&P 500 non-retirement value: 141001.72,tax-exempt bonds value: 2080.34,S&P 500 pre-tax value: 10289.88,S&P 500 after-tax value: 35250.43
2027,cash value: 1000,S&P 500 non-retirement value: 190551.86,tax-exempt bonds value: 2161.55,S&P 500 pre-tax value: 10837.28,S&P 500 after-tax value: 50653.03
2028,cash value: 1000,S&P 500 non-retirement value: 239139.72,tax-exempt bonds value: 2389.09,S&P 500 pre-tax value: 11558.09,S&P 500 after-tax value: 67449.67
2029,cash value: 1000,S&P 500 non-retirement value: 289277.57,tax-exempt bonds value: 2493.19,S&P 500 pre-tax value: 12141.98,S&P 500 after-tax value: 86407.59
2030,cash value: 1000,S&P 500 non-retirement value: 350193.11,tax-exempt bonds value: 2654.56,S&P 500 pre-tax value: 12875.94,S&P 500 after-tax value: 110587.3
2031,cash value: 1000,S&P 500 non-retirement value: 412344.85,tax-exempt bonds value: 2784.03,S&P 500 pre-tax value: 14035.07,S&P 500 after-tax value: 137448.28
2032,cash value: 1000,S&P 500 non-retirement value: 475022.6,tax-exempt bonds value: 2923.84,S&P 500 pre-tax value: 15222.58,S&P 500 after-tax value: 166899.83
2033,cash value: 1000,S&P 500 non-retirement value: 538045.48,tax-exempt bonds value: 3066.55,S&P 500 pre-tax value: 15606.24,S&P 500 after-tax value: 199003.12
2034,cash value: 1000,S&P 500 non-retirement value: 613778.71,tax-exempt bonds value: 3203.16,S&P 500 pre-tax value: 16560.26,S&P 500 after-tax value: 238691.72
2035,cash value: 1000,S&P 500 non-retirement value: 677983.99,tax-exempt bonds value: 3272.51,S&P 500 pre-tax value: 17521.47,S&P 500 after-tax value: 276923.04
2036,cash value: 1000,S&P 500 non-retirement value: 741444.23,tax-exempt bonds value: 3531.91,S&P 500 pre-tax value: 18715.89,S&P 500 after-tax value: 317761.81
2037,cash value: 1000,S&P 500 non-retirement value: 814554.43,tax-exempt bonds value: 3759.66,S&P 500 pre-tax value: 19175.56,S&P 500 after-tax value: 365959.24
2038,cash value: 1000,S&P 500 non-retirement value: 906261.33,tax-exempt bonds value: 3962.77,S&P 500 pre-tax value: 20678.38,S&P 500 after-tax value: 426475.92
2039,cash value: 1000,S&P 500 non-retirement value: 993313.17,tax-exempt bonds value: 4225.87,S&P 500 pre-tax value: 21334.59,S&P 500 after-tax value: 489243.8
2040,cash value: 1000,S&P 500 non-retirement value: 1108466.46,tax-exempt bonds value: 4395.95,S&P 500 pre-tax value: 22766.29,S&P 500 after-tax value: 571028.18
2041,cash value: 1000,S&P 500 non-retirement value: 1194406.9,tax-exempt bonds value: 4681.89,S&P 500 pre-tax value: 24189.78,S&P 500 after-tax value: 643142.18
2042,cash value: 1000,S&P 500 non-retirement value: 1290952.66,tax-exempt bonds value: 5033.87,S&P 500 pre-tax value: 26347.26,S&P 500 after-tax value: 726160.87
2043,cash value: 1000,S&P 500 non-retirement value: 1424249.48,tax-exempt bonds value: 5441.85,S&P 500 pre-tax value: 27862.63,S&P 500 after-tax value: 836463.98
2044,cash value: 1000,S&P 500 non-retirement value: 1533254.06,tax-exempt bonds value: 5752.15,S&P 500 pre-tax value: 29949.31,S&P 500 after-tax value: 939736.36
2045,cash value: 1000,S&P 500 non-retirement value: 1658456.37,tax-exempt bonds value: 6026.89,S&P 500 pre-tax value: 32902.72,S&P 500 after-tax value: 1060324.56
2046,cash value: 1000,S&P 500 non-retirement value: 1790798.33,tax-exempt bonds value: 6597.54,S&P 500 pre-tax value: 34725.71,S&P 500 after-tax value: 1193865.55
2047,cash value: 1000,S&P 500 non-retirement value: 1948906,tax-exempt bonds value: 6791.49,S&P 500 pre-tax value: 37158.3,S&P 500 after-tax value: 1354324.51
2048,cash value: 1000,S&P 500 non-retirement value: 2049058.44,tax-exempt bonds value: 7119.54,S&P 500 pre-tax value: 38392.5,S&P 500 after-tax value: 1483800.94
2049,cash value: 1000,S&P 500 non-retirement value: 2266506.05,tax-exempt bonds value: 7573.68,S&P 500 pre-tax value: 40773.99,S&P 500 after-tax value: 1709820.36
2050,cash value: 1000,S&P 500 non-retirement value: 2358623.81,tax-exempt bonds value: 8080.9,S&P 500 pre-tax value: 42588.02,S&P 500 after-tax value: 1853204.42
2051,cash value: 1000,S&P 500 non-retirement value: 2525048.68,tax-exempt bonds value: 8634.08,S&P 500 pre-tax value: 45122.49,S&P 500 after-tax value: 2065948.92
2052,cash value: 1000,S&P 500 non-retirement value: 2701622.65,tax-exempt bonds value: 9215.09,S&P 500 pre-tax value: 47683.94,S&P 500 after-tax value: 2301382.26
2053,cash value: 1000,S&P 500 non-retirement value: 2769949.12,tax-exempt bonds value: 9783.78,S&P 500 pre-tax value: 50564.61,S&P 500 after-tax value: 2456369.98
2054,cash value: 1000,S&P 500 non-retirement value: 2897689.91,tax-exempt bonds value: 10369.08,S&P 500 pre-tax value: 52487.03,S&P 500 after-tax value: 2674790.68
2055,cash value: 1000,S&P 500 non-retirement value: 3017211.5,tax-exempt bonds value: 11077.61,S&P 500 pre-tax value: 57065.69,S&P 500 after-tax value: 2898889.48
2056,cash value: 1000,S&P 500 non-retirement value: 3214268.6,tax-exempt bonds value: 11453.4,S&P 500 pre-tax value: 58721.23,S&P 500 after-tax value: 3214268.6
2057,cash value: 1000,S&P 500 non-retirement value: 3343252.3,tax-exempt bonds value: 11983.95,S&P 500 pre-tax value: 62869.18,S&P 500 after-tax value: 3479711.57
2058,cash value: 1000,S&P 500 non-retirement value: 3478482.57,tax-exempt bonds value: 12543.58,S&P 500 pre-tax value: 67668.11,S&P 500 after-tax value: 3768356.12
2059,cash value: 1000,S&P 500 non-retirement value: 3666958.27,tax-exempt bonds value: 13473.99,S&P 500 pre-tax value: 72674.42,S&P 500 after-tax value: 4135080.6
2060,cash value: 1000,S&P 500 non-retirement value: 3884981.93,tax-exempt bonds value: 13878.65,S&P 500 pre-tax value: 75753.46,S&P 500 after-tax value: 4560630.96
2061,cash value: 1000,S&P 500 non-retirement value: 3943412.79,tax-exempt bonds value: 14638.04,S&P 500 pre-tax value: 79025.77,S&P 500 after-tax value: 4819726.75
2062,cash value: 1000,S&P 500 non-retirement value: 4176498.05,tax-exempt bonds value: 15491.63,S&P 500 pre-tax value: 81890.59,S&P 500 after-tax value: 5315542.97
2063,cash value: 1000,S&P 500 non-retirement value: 4389723.65,tax-exempt bonds value: 17013.04,S&P 500 pre-tax value: 80471.83,S&P 500 after-tax value: 5818936
2064,cash value: 1000,S&P 500 non-retirement value: 4575418.67,tax-exempt bonds value: 18081.04,S&P 500 pre-tax value: 79996.49,S&P 500 after-tax value: 6318435.3
2065,cash value: 1000,S&P 500 non-retirement value: 4808886.23,tax-exempt bonds value: 18929.42,S&P 500 pre-tax value: 80038.51,S&P 500 after-tax value: 6920104.58
year,investments
2026,cash value: 1000,S&P 500 non-retirement value: 142052,tax-exempt bonds value: 2113.51,S&P 500 pre-tax value: 10596.27,S&P 500 after-tax value: 35513
2027,cash value: 1000,S&P 500 non-retirement value: 193996.88,tax-exempt bonds value: 2313.71,S&P 500 pre-tax value: 11506.58,S&P 500 after-tax value: 51568.79
2028,cash value: 1000,S&P 500 non-retirement value: 247947.37,tax-exempt bonds value: 2503.76,S&P 500 pre-tax value: 12075.48,S&P 500 after-tax value: 69933.87
2029,cash value: 1000,S&P 500 non-retirement value: 302029.65,tax-exempt bonds value: 2632.29,S&P 500 pre-tax value: 12614.86,S&P 500 after-tax value: 90216.65
2030,cash value: 1000,S&P 500 non-retirement value: 363614.6,tax-exempt bonds value: 2730.73,S&P 500 pre-tax value: 13394.99,S&P 500 after-tax value: 114825.66
2031,cash value: 1000,S&P 500 non-retirement value: 418716.06,tax-exempt bonds value: 2825.94,S&P 500 pre-tax value: 14460.49,S&P 500 after-tax value: 139572.02
2032,cash value: 1000,S&P 500 non-retirement value: 476700.52,tax-exempt bonds value: 2999.79,S&P 500 pre-tax value: 15226.65,S&P 500 after-tax value: 167489.37
2033,cash value: 1000,S&P 500 non-retirement value: 533520.94,tax-exempt bonds value: 3175.93,S&P 500 pre-tax value: 15917.49,S&P 500 after-tax value: 197329.66
2034,cash value: 1000,S&P 500 non-retirement value: 600343.15,tax-exempt bonds value: 3386.3,S&P 500 pre-tax value: 16904.43,S&P 500 after-tax value: 233466.78
2035,cash value: 1000,S&P 500 non-retirement value: 678988.39,tax-exempt bonds value: 3509.3,S&P 500 pre-tax value: 17848.62,S&P 500 after-tax value: 277333.28
2036,cash value: 1000,S&P 500 non-retirement value: 738968.6,tax-exempt bonds value: 3877.42,S&P 500 pre-tax value: 18973.57,S&P 500 after-tax value: 316700.83
2037,cash value: 1000,S&P 500 non-retirement value: 818008.76,tax-exempt bonds value: 4080.25,S&P 500 pre-tax value: 19932.04,S&P 500 after-tax value: 367511.18
2038,cash value: 1000,S&P 500 non-retirement value: 893002.15,tax-exempt bonds value: 4339.32,S&P 500 pre-tax value: 21398.13,S&P 500 after-tax value: 420236.31
2039,cash value: 1000,S&P 500 non-retirement value: 992700.83,tax-exempt bonds value: 4666.63,S&P 500 pre-tax value: 22822.59,S&P 500 after-tax value: 488942.2
2040,cash value: 1000,S&P 500 non-retirement value: 1096799.2,tax-exempt bonds value: 4815.43,S&P 500 pre-tax value: 24371.8,S&P 500 after-tax value: 565017.77
2041,cash value: 1000,S&P 500 non-retirement value: 1174566.81,tax-exempt bonds value: 5052.03,S&P 500 pre-tax value: 25264.75,S&P 500 after-tax value: 632459.05
2042,cash value: 1000,S&P 500 non-retirement value: 1279705.6,tax-exempt bonds value: 5233.86,S&P 500 pre-tax value: 26398.43,S&P 500 after-tax value: 719834.4
2043,cash value: 1000,S&P 500 non-retirement value: 1377937.8,tax-exempt bonds value: 5605.55,S&P 500 pre-tax value: 27440.53,S&P 500 after-tax value: 809265.06
2044,cash value: 1000,S&P 500 non-retirement value: 1492731.26,tax-exempt bonds value: 5880.84,S&P 500 pre-tax value: 28964.47,S&P 500 after-tax value: 914899.81
2045,cash value: 1000,S&P 500 non-retirement value: 1626902.47,tax-exempt bonds value: 6210.23,S&P 500 pre-tax value: 30715.97,S&P 500 after-tax value: 1040150.76
2046,cash value: 1000,S&P 500 non-retirement value: 1744651.94,tax-exempt bonds value: 6703.32,S&P 500 pre-tax value: 33205.38,S&P 500 after-tax value: 1163101.29
2047,cash value: 1000,S&P 500 non-retirement value: 1817946.67,tax-exempt bonds value: 7008.95,S&P 500 pre-tax value: 35638.42,S&P 500 after-tax value: 1263318.87
2048,cash value: 1000,S&P 500 non-retirement value: 1940516.91,tax-exempt bonds value: 7077.33,S&P 500 pre-tax value: 37721.04,S&P 500 after-tax value: 1405201.9
2049,cash value: 1000,S&P 500 non-retirement value: 2074178.5,tax-exempt bonds value: 7690.28,S&P 500 pre-tax value: 39370.41,S&P 500 after-tax value: 1564731.15
2050,cash value: 1000,S&P 500 non-retirement value: 2235059.93,tax-exempt bonds value: 8176.13,S&P 500 pre-tax value: 42363.69,S&P 500 after-tax value: 1756118.52
2051,cash value: 1000,S&P 500 non-retirement value: 2351082.32,tax-exempt bonds value: 8729,S&P 500 pre-tax value: 45177.65,S&P 500 after-tax value: 1923612.81
2052,cash value: 1000,S&P 500 non-retirement value: 2527365.72,tax-exempt bonds value: 9210.07,S&P 500 pre-tax value: 48193.75,S&P 500 after-tax value: 2152941.17
2053,cash value: 1000,S&P 500 non-retirement value: 2662418.47,tax-exempt bonds value: 9752.48,S&P 500 pre-tax value: 51106.37,S&P 500 after-tax value: 2361012.6
2054,cash value: 1000,S&P 500 non-retirement value: 2789673.07,tax-exempt bonds value: 10323.96,S&P 500 pre-tax value: 54762.19,S&P 500 after-tax value: 2575082.83
2055,cash value: 1000,S&P 500 non-retirement value: 2978905.75,tax-exempt bonds value: 11011.52,S&P 500 pre-tax value: 57779.26,S&P 500 after-tax value: 2862085.92
2056,cash value: 1000,S&P 500 non-retirement value: 3144652.83,tax-exempt bonds value: 11547.73,S&P 500 pre-tax value: 61771.23,S&P 500 after-tax value: 3144652.83
2057,cash value: 1000,S&P 500 non-retirement value: 3275403.19,tax-exempt bonds value: 12462,S&P 500 pre-tax value: 64939.27,S&P 500 after-tax value: 3409093.11
2058,cash value: 1000,S&P 500 non-retirement value: 3428393.04,tax-exempt bonds value: 13423.66,S&P 500 pre-tax value: 67911.62,S&P 500 after-tax value: 3714092.46
2059,cash value: 1000,S&P 500 non-retirement value: 3624445.65,tax-exempt bonds value: 14125.01,S&P 500 pre-tax value: 72730.05,S&P 500 after-tax value: 4087140.84
2060,cash value: 1000,S&P 500 non-retirement value: 3753126.05,tax-exempt bonds value: 14989.86,S&P 500 pre-tax value: 74330.46,S&P 500 after-tax value: 4405843.62
2061,cash value: 1000,S&P 500 non-retirement value: 3915724.16,tax-exempt bonds value: 15348.58,S&P 500 pre-tax value: 73222.1,S&P 500 after-tax value: 4785885.09
2062,cash value: 1000,S&P 500 non-retirement value: 4056980.57,tax-exempt bonds value: 16563.35,S&P 500 pre-tax value: 74065.88,S&P 500 after-tax value: 5163429.82
2063,cash value: 1000,S&P 500 non-retirement value: 4334436.91,tax-exempt bonds value: 17199.73,S&P 500 pre-tax value: 74765.31,S&P 500 after-tax value: 5745648.93
2064,cash value: 1000,S&P 500 non-retirement value: 4606028.53,tax-exempt bonds value: 18009.51,S&P 500 pre-tax value: 75475.8,S&P 500 after-tax value: 6360706.06
2065,cash value: 1000,S&P 500 non-retirement value: 4855946.02,tax-exempt bonds value: 19486.16,S&P 500 pre-tax value: 76306.1,S&P 500 after-tax value: 6987824.76
year,investments
2026,cash value: 1000,S&P 500 non-retirement value: 141565.7,tax-exempt bonds value: 2106.69,S&P 500 pre-tax value: 10337.18,S&P 500 after-tax value: 35391.42
2027,cash value: 1000,S&P 500 non-retirement value: 191263.79,tax-exempt bonds value: 2273.98,S&P 500 pre-tax value: 11190,S&P 500 after-tax value: 50842.27
2028,cash value: 1000,S&P 500 non-retirement value: 241647.43,tax-exempt bonds value: 2481.36,S&P 500 pre-tax value: 11680.11,S&P 500 after-tax value: 68156.97
2029,cash value: 1000,S&P 500 non-retirement value: 294983.11,tax-exempt bonds value: 2730.14,S&P 500 pre-tax value: 11952.76,S&P 500 after-tax value: 88111.84
2030,cash value: 1000,S&P 500 non-retirement value: 348495.6,tax-exempt bonds value: 2976.2,S&P 500 pre-tax value: 12648.73,S&P 500 after-tax value: 110051.24
2031,cash value: 1000,S&P 500 non-retirement value: 399821.47,tax-exempt bonds value: 3160.37,S&P 500 pre-tax value: 13432.8,S&P 500 after-tax value: 133273.82
2032,cash value: 1000,S&P 500 non-retirement value: 458835.46,tax-exempt bonds value: 3347.56,S&P 500 pre-tax value: 13995.7,S&P 500 after-tax value: 161212.46
2033,cash value: 1000,S&P 500 non-retirement value: 525124.8,tax-exempt bonds value: 3579.36,S&P 500 pre-tax value: 14671.24,S&P 500 after-tax value: 194224.24
2034,cash value: 1000,S&P 500 non-retirement value: 588940.11,tax-exempt bonds value: 3592.82,S&P 500 pre-tax value: 15466.08,S&P 500 after-tax value: 229032.27
2035,cash value: 1000,S&P 500 non-retirement value: 667821.57,tax-exempt bonds value: 3859.21,S&P 500 pre-tax value: 16370.98,S&P 500 after-tax value: 272772.19
2036,cash value: 1000,S&P 500 non-retirement value: 750410.54,tax-exempt bonds value: 4168.31,S&P 500 pre-tax value: 17431.49,S&P 500 after-tax value: 321604.52
2037,cash value: 1000,S&P 500 non-retirement value: 835915.75,tax-exempt bonds value: 4390.76,S&P 500 pre-tax value: 18508.91,S&P 500 after-tax value: 375556.35
2038,cash value: 1000,S&P 500 non-retirement value: 915420.91,tax-exempt bonds value: 4647.92,S&P 500 pre-tax value: 18680.61,S&P 500 after-tax value: 430786.31
2039,cash value: 1000,S&P 500 non-retirement value: 994649.93,tax-exempt bonds value: 4849.95,S&P 500 pre-tax value: 19555.46,S&P 500 after-tax value: 489902.2
2040,cash value: 1000,S&P 500 non-retirement value: 1051699.25,tax-exempt bonds value: 5027.03,S&P 500 pre-tax value: 21673.57,S&P 500 after-tax value: 541784.46
2041,cash value: 1000,S&P 500 non-retirement value: 1143250.11,tax-exempt bonds value: 5337.73,S&P 500 pre-tax value: 22857.65,S&P 500 after-tax value: 615596.21
2042,cash value: 1000,S&P 500 non-retirement value: 1212510.18,tax-exempt bonds value: 5751.25,S&P 500 pre-tax value: 24647.39,S&P 500 after-tax value: 682036.98
2043,cash value: 1000,S&P 500 non-retirement value: 1324962.32,tax-exempt bonds value: 5934.32,S&P 500 pre-tax value: 27227.92,S&P 500 after-tax value: 778152.47
2044,cash value: 1000,S&P 500 non-retirement value: 1452757.28,tax-exempt bonds value: 6271.52,S&P 500 pre-tax value: 28166.76,S&P 500 after-tax value: 890399.62
2045,cash value: 1000,S&P 500 non-retirement value: 1557167.28,tax-exempt bonds value: 6548.04,S&P 500 pre-tax value: 30073.88,S&P 500 after-tax value: 995565.96
2046,cash value: 1000,S&P 500 non-retirement value: 1692740.12,tax-exempt bonds value: 7084.32,S&P 500 pre-tax value: 31544.5,S&P 500 after-tax value: 1128493.41
2047,cash value: 1000,S&P 500 non-retirement value: 1812909.89,tax-exempt bonds value: 7622.82,S&P 500 pre-tax value: 33475.01,S&P 500 after-tax value: 1259818.74
2048,cash value: 1000,S&P 500 non-retirement value: 1917922.81,tax-exempt bonds value: 8057.49,S&P 500 pre-tax value: 35372.81,S&P 500 after-tax value: 1388840.66
2049,cash value: 1000,S&P 500 non-retirement value: 2048062.71,tax-exempt bonds value: 8445.75,S&P 500 pre-tax value: 38380.4,S&P 500 after-tax value: 1545029.76
2050,cash value: 1000,S&P 500 non-retirement value: 2210819.58,tax-exempt bonds value: 9407.88,S&P 500 pre-tax value: 40055.15,S&P 500 after-tax value: 1737072.52
2051,cash value: 1000,S&P 500 non-retirement value: 2323591.55,tax-exempt bonds value: 9939.86,S&P 500 pre-tax value: 42775.06,S&P 500 after-tax value: 1901120.36
2052,cash value: 1000,S&P 500 non-retirement value: 2489695.37,tax-exempt bonds value: 10387.84,S&P 500 pre-tax value: 45683.45,S&P 500 after-tax value: 2120851.61
2053,cash value: 1000,S&P 500 non-retirement value: 2579901.22,tax-exempt bonds value: 10719.41,S&P 500 pre-tax value: 48571.84,S&P 500 after-tax value: 2287836.93
2054,cash value: 1000,S&P 500 non-retirement value: 2734962.84,tax-exempt bonds value: 11506.31,S&P 500 pre-tax value: 50897.64,S&P 500 after-tax value: 2524581.08
2055,cash value: 1000,S&P 500 non-retirement value: 2917836.04,tax-exempt bonds value: 12244.65,S&P 500 pre-tax value: 54004.97,S&P 500 after-tax value: 2803411.1
2056,cash value: 1000,S&P 500 non-retirement value: 3088794.7,tax-exempt bonds value: 13263.18,S&P 500 pre-tax value: 57772.12,S&P 500 after-tax value: 3088794.7
2057,cash value: 1000,S&P 500 non-retirement value: 3244829.07,tax-exempt bonds value: 14342.8,S&P 500 pre-tax value: 61056.43,S&P 500 after-tax value: 3377271.07
2058,cash value: 1000,S&P 500 non-retirement value: 3406689.31,tax-exempt bonds value: 14993.95,S&P 500 pre-tax value: 65858.96,S&P 500 after-tax value: 3690580.08
2059,cash value: 1000,S&P 500 non-retirement value: 3579908.47,tax-exempt bonds value: 15613.56,S&P 500 pre-tax value: 71514.48,S&P 500 after-tax value: 4036918.06
2060,cash value: 1000,S&P 500 non-retirement value: 3748631.8,tax-exempt bonds value: 16670.52,S&P 500 pre-tax value: 74541.97,S&P 500 after-tax value: 4400567.77
2061,cash value: 1000,S&P 500 non-retirement value: 3964838.66,tax-exempt bonds value: 17807.03,S&P 500 pre-tax value: 76234.11,S&P 500 after-tax value: 4845913.92
2062,cash value: 1000,S&P 500 non-retirement value: 4116375.97,tax-exempt bonds value: 18610.48,S&P 500 pre-tax value: 78705.06,S&P 500 after-tax value: 5239023.96
2063,cash value: 1000,S&P 500 non-retirement value: 4284617.23,tax-exempt bonds value: 19847.69,S&P 500 pre-tax value: 78202.65,S&P 500 after-tax value: 5679608.88
2064,cash value: 1000,S&P 500 non-retirement value: 4604174.17,tax-exempt bonds value: 21222.72,S&P 500 pre-tax value: 78539.13,S&P 500 after-tax value: 6358145.28
2065,cash value: 1000,S&P 500 non-retirement value: 4868505.68,tax-exempt bonds value: 23007.01,S&P 500 pre-tax value: 78959.23,S&P 500 after-tax value: 7005898.42
year,investments
2026,cash value: 1000,S&P 500 non-retirement value: 140015.65,tax-exempt bonds value: 2098.92,S&P 500 pre-tax value: 10409.94,S&P 500 after-tax value: 35003.91
2027,cash value: 1000,S&P 500 non-retirement value: 192030.99,tax-exempt bonds value: 2166.38,S&P 500 pre-tax value: 10836.08,S&P 500 after-tax value: 51046.21
2028,cash value: 1000,S&P 500 non-retirement value: 246222.15,tax-exempt bonds value: 2280.46,S&P 500 pre-tax value: 11554.9,S&P 500 after-tax value: 69447.27
2029,cash value: 1000,S&P 500 non-retirement value: 309197.77,tax-exempt bonds value: 2362.13,S&P 500 pre-tax value: 12306.78,S&P 500 after-tax value: 92357.78
2030,cash value: 1000,S&P 500 non-retirement value: 361827.8,tax-exempt bonds value: 2507.26,S&P 500 pre-tax value: 12818.91,S&P 500 after-tax value: 114261.41
2031,cash value: 1000,S&P 500 non-retirement value: 434383.64,tax-exempt bonds value: 2705.08,S&P 500 pre-tax value: 13540.23,S&P 500 after-tax value: 144794.55
2032,cash value: 1000,S&P 500 non-retirement value: 493963.48,tax-exempt bonds value: 2903.82,S&P 500 pre-tax value: 14478.42,S&P 500 after-tax value: 173554.74
2033,cash value: 1000,S&P 500 non-retirement value: 566109.15,tax-exempt bonds value: 2993.36,S&P 500 pre-tax value: 15626.23,S&P 500 after-tax value: 209382.84
2034,cash value: 1000,S&P 500 non-retirement value: 636500.39,tax-exempt bonds value: 3222.44,S&P 500 pre-tax value: 16722.52,S&P 500 after-tax value: 247527.93
2035,cash value: 1000,S&P 500 non-retirement value: 707437.24,tax-exempt bonds value: 3443.2,S&P 500 pre-tax value: 18127.09,S&P 500 after-tax value: 288953.24
2036,cash value: 1000,S&P 500 non-retirement value: 799171.48,tax-exempt bonds value: 3580.03,S&P 500 pre-tax value: 19194.08,S&P 500 after-tax value: 342502.06
2037,cash value: 1000,S&P 500 non-retirement value: 880276.72,tax-exempt bonds value: 3805.59,S&P 500 pre-tax value: 20601.05,S&P 500 after-tax value: 395486.64
2038,cash value: 1000,S&P 500 non-retirement value: 959160.61,tax-exempt bonds value: 4075.43,S&P 500 pre-tax value: 22006.41,S&P 500 after-tax value: 451369.7
2039,cash value: 1000,S&P 500 non-retirement value: 1038804.66,tax-exempt bonds value: 4372.71,S&P 500 pre-tax value: 22663.29,S&P 500 after-tax value: 511650.06
2040,cash value: 1000,S&P 500 non-retirement value: 1123025.33,tax-exempt bonds value: 4580.39,S&P 500 pre-tax value: 24229.56,S&P 500 after-tax value: 578528.2
2041,cash value: 1000,S&P 500 non-retirement value: 1208121.1,tax-exempt bonds value: 4955.17,S&P 500 pre-tax value: 25014.48,S&P 500 after-tax value: 650526.75
2042,cash value: 1000,S&P 500 non-retirement value: 1298783.81,tax-exempt bonds value: 5420.51,S&P 500 pre-tax value: 26639.24,S&P 500 after-tax value: 730565.89
2043,cash value: 1000,S&P 500 non-retirement value: 1401512.11,tax-exempt bonds value: 5790.08,S&P 500 pre-tax value: 28525.84,S&P 500 after-tax value: 823110.29
2044,cash value: 1000,S&P 500 non-retirement value: 1512645.1,tax-exempt bonds value: 6100.11,S&P 500 pre-tax value: 30623.04,S&P 500 after-tax value: 927105.06
2045,cash value: 1000,S&P 500 non-retirement value: 1598990.2,tax-exempt bonds value: 6403.29,S&P 500 pre-tax value: 31387.71,S&P 500 after-tax value: 1022305.21
2046,cash value: 1000,S&P 500 non-retirement value: 1658708.88,tax-exempt bonds value: 6482.99,S&P 500 pre-tax value: 32373.72,S&P 500 after-tax value: 1105805.92
2047,cash value: 1000,S&P 500 non-retirement value: 1771660.33,tax-exempt bonds value: 6796.07,S&P 500 pre-tax value: 34509.16,S&P 500 after-tax value: 1231153.79
2048,cash value: 1000,S&P 500 non-retirement value: 1901746.51,tax-exempt bonds value: 7238.29,S&P 500 pre-tax value: 35871.96,S&P 500 after-tax value: 1377126.78
2049,cash value: 1000,S&P 500 non-retirement value: 2025198.44,tax-exempt bonds value: 7744.6,S&P 500 pre-tax value: 37463.09,S&P 500 after-tax value: 1527781.28
2050,cash value: 1000,S&P 500 non-retirement value: 2115549.12,tax-exempt bonds value: 8332.08,S&P 500 pre-tax value: 39660.07,S&P 500 after-tax value: 1662217.16
2051,cash value: 1000,S&P 500 non-retirement value: 2312796.75,tax-exempt bonds value: 8513.79,S&P 500 pre-tax value: 42723.41,S&P 500 after-tax value: 1892288.25
2052,cash value: 1000,S&P 500 non-retirement value: 2496324.1,tax-exempt bonds value: 8978.3,S&P 500 pre-tax value: 44912.52,S&P 500 after-tax value: 2126498.31
2053,cash value: 1000,S&P 500 non-retirement value: 2641312.01,tax-exempt bonds value: 9602.51,S&P 500 pre-tax value: 48727.79,S&P 500 after-tax value: 2342295.56
2054,cash value: 1000,S&P 500 non-retirement value: 2784583.5,tax-exempt bonds value: 10689.6,S&P 500 pre-tax value: 50574.33,S&P 500 after-tax value: 2570384.77
2055,cash value: 1000,S&P 500 non-retirement value: 2934706.76,tax-exempt bonds value: 11076.91,S&P 500 pre-tax value: 53268.53,S&P 500 after-tax value: 2819620.22
2056,cash value: 1000,S&P 500 non-retirement value: 3075301.26,tax-exempt bonds value: 11821.74,S&P 500 pre-tax value: 58391.77,S&P 500 after-tax value: 3075301.26
2057,cash value: 1000,S&P 500 non-retirement value: 3213854.17,tax-exempt bonds value: 12617.8,S&P 500 pre-tax value: 62556.77,S&P 500 after-tax value: 3345031.89
2058,cash value: 1000,S&P 500 non-retirement value: 3388832.61,tax-exempt bonds value: 13206.56,S&P 500 pre-tax value: 67027.28,S&P 500 after-tax value: 3671235.32
2059,cash value: 1000,S&P 500 non-retirement value: 3514477.53,tax-exempt bonds value: 14099.98,S&P 500 pre-tax value: 68935.88,S&P 500 after-tax value: 3963134.24
2060,cash value: 1000,S&P 500 non-retirement value: 3663722.38,tax-exempt bonds value: 14715.88,S&P 500 pre-tax value: 68480.53,S&P 500 after-tax value: 4300891.49
2061,cash value: 1000,S&P 500 non-retirement value: 3890576.47,tax-exempt bonds value: 15047.44,S&P 500 pre-tax value: 68010.03,S&P 500 after-tax value: 4755149.02
2062,cash value: 1000,S&P 500 non-retirement value: 4024889.33,tax-exempt bonds value: 15293,S&P 500 pre-tax value: 69646.72,S&P 500 after-tax value: 5122586.42
2063,cash value: 1000,S&P 500 non-retirement value: 4168375.08,tax-exempt bonds value: 15868.91,S&P 500 pre-tax value: 70963.07,S&P 500 after-tax value: 5525520.45
2064,cash value: 1000,S&P 500 non-retirement value: 4237005.36,tax-exempt bonds value: 16618.49,S&P 500 pre-tax value: 71472.43,S&P 500 after-tax value: 5851102.63
2065,cash value: 1000,S&P 500 non-retirement value: 4351555.44,tax-exempt bonds value: 17738.17,S&P 500 pre-tax value: 72995.77,S&P 500 after-tax value: 6261994.42
year,investments
2026,cash value: 1000,S&P 500 non-retirement value: 139612.19,tax-exempt bonds value: 2101.91,S&P 500 pre-tax value: 10416.31,S&P 500 after-tax value: 34903.05
2027,cash value: 1000,S&P 500 non-retirement value: 191900.86,tax-exempt bonds value: 2252.05,S&P 500 pre-tax value: 11077.23,S&P 500 after-tax value: 51011.62
2028,cash value: 1000,S&P 500 non-retirement value: 245492.43,tax-exempt bonds value: 2300.76,S&P 500 pre-tax value: 11652.5,S&P 500 after-tax value: 69241.45
2029,cash value: 1000,S&P 500 non-retirement value: 301027.45,tax-exempt bonds value: 2448.65,S&P 500 pre-tax value: 12190.91,S&P 500 after-tax value: 89917.29
2030,cash value: 1000,S&P 500 non-retirement value: 357675.59,tax-exempt bonds value: 2608.9,S&P 500 pre-tax value: 12533.33,S&P 500 after-tax value: 112950.19
2031,cash value: 1000,S&P 500 non-retirement value: 418570.14,tax-exempt bonds value: 2822.62,S&P 500 pre-tax value: 13097.41,S&P 500 after-tax value: 139523.38
2032,cash value: 1000,S&P 500 non-retirement value: 486074.5,tax-exempt bonds value: 2856.37,S&P 500 pre-tax value: 14138.64,S&P 500 after-tax value: 170782.93
2033,cash value: 1000,S&P 500 non-retirement value: 555968.14,tax-exempt bonds value: 3031.6,S&P 500 pre-tax value: 15608.21,S&P 500 after-tax value: 205632.05
2034,cash value: 1000,S&P 500 non-retirement value: 608828.86,tax-exempt bonds value: 3245.58,S&P 500 pre-tax value: 16537.34,S&P 500 after-tax value: 236766.78
2035,cash value: 1000,S&P 500 non-retirement value: 688070.26,tax-exempt bonds value: 3493.19,S&P 500 pre-tax value: 17344.21,S&P 500 after-tax value: 281042.78
2036,cash value: 1000,S&P 500 non-retirement value: 751218.52,tax-exempt bonds value: 3648.97,S&P 500 pre-tax value: 18301.52,S&P 500 after-tax value: 321950.79
2037,cash value: 1000,S&P 500 non-retirement value: 827878.48,tax-exempt bonds value: 3843.98,S&P 500 pre-tax value: 19287,S&P 500 after-tax value: 371945.41
2038,cash value: 1000,S&P 500 non-retirement value: 897458.12,tax-exempt bonds value: 3947.46,S&P 500 pre-tax value: 20155.63,S&P 500 after-tax value: 422333.23
2039,cash value: 1000,S&P 500 non-retirement value: 980313.55,tax-exempt bonds value: 4182.77,S&P 500 pre-tax value: 21314.72,S&P 500 after-tax value: 482841
2040,cash value: 1000,S&P 500 non-retirement value: 1067798.6,tax-exempt bonds value: 4409.52,S&P 500 pre-tax value: 22244.76,S&P 500 after-tax value: 550078.07
2041,cash value: 1000,S&P 500 non-retirement value: 1169956.2,tax-exempt bonds value: 4741.26,S&P 500 pre-tax value: 23411.3,S&P 500 after-tax value: 629976.41
2042,cash value: 1000,S&P 500 non-retirement value: 1247492.16,tax-exempt bonds value: 5042.82,S&P 500 pre-tax value: 25309.55,S&P 500 after-tax value: 701714.34
2043,cash value: 1000,S&P 500 non-retirement value: 1334533.25,tax-exempt bonds value: 5368.82,S&P 500 pre-tax value: 28138.97,S&P 500 after-tax value: 783773.5
2044,cash value: 1000,S&P 500 non-retirement value: 1408262.28,tax-exempt bonds value: 5784.38,S&P 500 pre-tax value: 29520.19,S&P 500 after-tax value: 863128.49
2045,cash value: 1000,S&P 500 non-retirement value: 1489277.56,tax-exempt bonds value: 6165.73,S&P 500 pre-tax value: 30957.96,S&P 500 after-tax value: 952161.06
2046,cash value: 1000,S&P 500 non-retirement value: 1560019.73,tax-exempt bonds value: 6557.48,S&P 500 pre-tax value: 32600.79,S&P 500 after-tax value: 1040013.15
2047,cash value: 1000,S&P 500 non-retirement value: 1631152.06,tax-exempt bonds value: 7041.52,S&P 500 pre-tax value: 35280.61,S&P 500 after-tax value: 1133512.45
2048,cash value: 1000,S&P 500 non-retirement value: 1697537.6,tax-exempt bonds value: 7250.67,S&P 500 pre-tax value: 38537.82,S&P 500 after-tax value: 1229251.37
2049,cash value: 1000,S&P 500 non-retirement value: 1818025.09,tax-exempt bonds value: 7772.31,S&P 500 pre-tax value: 41815.74,S&P 500 after-tax value: 1371492.61
2050,cash value: 1000,S&P 500 non-retirement value: 1892669.16,tax-exempt bonds value: 8312.54,S&P 500 pre-tax value: 43952.52,S&P 500 after-tax value: 1487097.2
2051,cash value: 1000,S&P 500 non-retirement value: 2004765.35,tax-exempt bonds value: 8896.06,S&P 500 pre-tax value: 45630.5,S&P 500 after-tax value: 1640262.56
2052,cash value: 1000,S&P 500 non-retirement value: 2117529.71,tax-exempt bonds value: 9079.79,S&P 500 pre-tax value: 47497.67,S&P 500 after-tax value: 1803821.6
2053,cash value: 1000,S&P 500 non-retirement value: 2238947.39,tax-exempt bonds value: 9604.71,S&P 500 pre-tax value: 49019.07,S&P 500 after-tax value: 1985481.65
2054,cash value: 1000,S&P 500 non-retirement value: 2325536.62,tax-exempt bonds value: 9786.39,S&P 500 pre-tax value: 52857.64,S&P 500 after-tax value: 2146649.19
2055,cash value: 1000,S&P 500 non-retirement value: 2469272.23,tax-exempt bonds value: 10589.72,S&P 500 pre-tax value: 55476.65,S&P 500 after-tax value: 2372438.03
2056,cash value: 1000,S&P 500 non-retirement value: 2599995.98,tax-exempt bonds value: 11215.66,S&P 500 pre-tax value: 59084.36,S&P 500 after-tax value: 2599995.98
2057,cash value: 1000,S&P 500 non-retirement value: 2775176.52,tax-exempt bonds value: 12048.81,S&P 500 pre-tax value: 64266.29,S&P 500 after-tax value: 2888449.03
2058,cash value: 1000,S&P 500 non-retirement value: 2916969.16,tax-exempt bonds value: 12430.95,S&P 500 pre-tax value: 70794.03,S&P 500 after-tax value: 3160049.92
2059,cash value: 1000,S&P 500 non-retirement value: 3025425.39,tax-exempt bonds value: 13269.47,S&P 500 pre-tax value: 73649.99,S&P 500 after-tax value: 3411649.9
2060,cash value: 1000,S&P 500 non-retirement value: 3169140.82,tax-exempt bonds value: 13722.28,S&P 500 pre-tax value: 75299.07,S&P 500 after-tax value: 3720295.74
2061,cash value: 1000,S&P 500 non-retirement value: 3324536.62,tax-exempt bonds value: 15027.26,S&P 500 pre-tax value: 77329.25,S&P 500 after-tax value: 4063322.54
2062,cash value: 1000,S&P 500 non-retirement value: 3482205.04,tax-exempt bonds value: 15661.11,S&P 500 pre-tax value: 77508.28,S&P 500 after-tax value: 4431897.32
2063,cash value: 1000,S&P 500 non-retirement value: 3660085.4,tax-exempt bonds value: 16655.22,S&P 500 pre-tax value: 78890.01,S&P 500 after-tax value: 4851741.11
2064,cash value: 1000,S&P 500 non-retirement value: 3810460.25,tax-exempt bonds value: 17801.39,S&P 500 pre-tax value: 79311.92,S&P 500 after-tax value: 5262064.16
2065,cash value: 1000,S&P 500 non-retirement value: 3865867.41,tax-exempt bonds value: 18694.36,S&P 500 pre-tax value: 80724.68,S&P 500 after-tax value: 5563077.49
year,investments
2026,cash value: 1000,S&P 500 non-retirement value: 140773.94,tax-exempt bonds value: 2102.38,S&P 500 pre-tax value: 10486.67,S&P 500 after-tax value: 35193.49
2027,cash value: 1000,S&P 500 non-retirement value: 192353.96,tax-exempt bonds value: 2218.51,S&P 500 pre-tax value: 11043.8,S&P 500 after-tax value: 51132.07
2028,cash value: 1000,S&P 500 non-retirement value: 244276.39,tax-exempt bonds value: 2357.73,S&P 500 pre-tax value: 11498.19,S&P 500 after-tax value: 68898.47
2029,cash value: 1000,S&P 500 non-retirement value: 300783,tax-exempt bonds value: 2513.49,S&P 500 pre-tax value: 12173.67,S&P 500 after-tax value: 89844.27
2030,cash value: 1000,S&P 500 non-retirement value: 358053.93,tax-exempt bonds value: 2620.53,S&P 500 pre-tax value: 13189.91,S&P 500 after-tax value: 113069.66
2031,cash value: 1000,S&P 500 non-retirement value: 420012.69,tax-exempt bonds value: 2831.8,S&P 500 pre-tax value: 13679.18,S&P 500 after-tax value: 140004.23
2032,cash value: 1000,S&P 500 non-retirement value: 485442.7,tax-exempt bonds value: 2974.89,S&P 500 pre-tax value: 14600.27,S&P 500 after-tax value: 170560.95
2033,cash value: 1000,S&P 500 non-retirement value: 552893.89,tax-exempt bonds value: 3183.77,S&P 500 pre-tax value: 14982.57,S&P 500 after-tax value: 204495
2034,cash value: 1000,S&P 500 non-retirement value: 627629.02,tax-exempt bonds value: 3393.55,S&P 500 pre-tax value: 16015.05,S&P 500 after-tax value: 244077.95
2035,cash value: 1000,S&P 500 non-retirement value: 690875.68,tax-exempt bonds value: 3590.97,S&P 500 pre-tax value: 16862.11,S&P 500 after-tax value: 282188.66
2036,cash value: 1000,S&P 500 non-retirement value: 768277.16,tax-exempt bonds value: 3796.19,S&P 500 pre-tax value: 17622.96,S&P 500 after-tax value: 329261.64
2037,cash value: 1000,S&P 500 non-retirement value: 823973.96,tax-exempt bonds value: 4101.78,S&P 500 pre-tax value: 18766.76,S&P 500 after-tax value: 370191.2
2038,cash value: 1000,S&P 500 non-retirement value: 902298.1,tax-exempt bonds value: 4276.33,S&P 500 pre-tax value: 20029.57,S&P 500 after-tax value: 424610.87
2039,cash value: 1000,S&P 500 non-retirement value: 998615.04,tax-exempt bonds value: 4480.46,S&P 500 pre-tax value: 21379.68,S&P 500 after-tax value: 491855.17
2040,cash value: 1000,S&P 500 non-retirement value: 1070462.94,tax-exempt bonds value: 4750.18,S&P 500 pre-tax value: 23027.29,S&P 500 after-tax value: 551450.6
2041,cash value: 1000,S&P 500 non-retirement value: 1164138.11,tax-exempt bonds value: 5126.96,S&P 500 pre-tax value: 23479.18,S&P 500 after-tax value: 626843.6
2042,cash value: 1000,S&P 500 non-retirement value: 1259213.48,tax-exempt bonds value: 5409.44,S&P 500 pre-tax value: 24776.14,S&P 500 after-tax value: 708307.58
2043,cash value: 1000,S&P 500 non-retirement value: 1364620.77,tax-exempt bonds value: 5752.78,S&P 500 pre-tax value: 25023.48,S&P 500 after-tax value: 801443.94
2044,cash value: 1000,S&P 500 non-retirement value: 1459192.89,tax-exempt bonds value: 5982.77,S&P 500 pre-tax value: 25992.63,S&P 500 after-tax value: 894344.03
2045,cash value: 1000,S&P 500 non-retirement value: 1600310.77,tax-exempt bonds value: 6389.76,S&P 500 pre-tax value: 27217.15,S&P 500 after-tax value: 1023149.51
2046,cash value: 1000,S&P 500 non-retirement value: 1761324.46,tax-exempt bonds value: 6757.46,S&P 500 pre-tax value: 28327.11,S&P 500 after-tax value: 1174216.31
2047,cash value: 1000,S&P 500 non-retirement value: 1899887.95,tax-exempt bonds value: 7213.83,S&P 500 pre-tax value: 30007.21,S&P 500 after-tax value: 1320261.12
2048,cash value: 1000,S&P 500 non-retirement value: 2002389.72,tax-exempt bonds value: 7717.65,S&P 500 pre-tax value: 31553.76,S&P 500 after-tax value: 1450006.35
2049,cash value: 1000,S&P 500 non-retirement value: 2164740.55,tax-exempt bonds value: 8435.43,S&P 500 pre-tax value: 33211.19,S&P 500 after-tax value: 1633049.89
2050,cash value: 1000,S&P 500 non-retirement value: 2274387.83,tax-exempt bonds value: 9276.2,S&P 500 pre-tax value: 35930.54,S&P 500 after-tax value: 1787019.01
2051,cash value: 1000,S&P 500 non-retirement value: 2420038.95,tax-exempt bonds value: 10053.43,S&P 500 pre-tax value: 38067.76,S&P 500 after-tax value: 1980031.87
2052,cash value: 1000,S&P 500 non-retirement value: 2559836.75,tax-exempt bonds value: 10905.79,S&P 500 pre-tax value: 38845.85,S&P 500 after-tax value: 2180601.68
2053,cash value: 1000,S&P 500 non-retirement value: 2670662.39,tax-exempt bonds value: 11821.06,S&P 500 pre-tax value: 41711.04,S&P 500 after-tax value: 2368323.25
2054,cash value: 1000,S&P 500 non-retirement value: 2795175.36,tax-exempt bonds value: 12736.28,S&P 500 pre-tax value: 44593.16,S&P 500 after-tax value: 2580161.87
2055,cash value: 1000,S&P 500 non-retirement value: 2981204.8,tax-exempt bonds value: 13159.51,S&P 500 pre-tax value: 48942.77,S&P 500 after-tax value: 2864294.81
2056,cash value: 1000,S&P 500 non-retirement value: 3035885.78,tax-exempt bonds value: 13758.98,S&P 500 pre-tax value: 53199.38,S&P 500 after-tax value: 3035885.78
2057,cash value: 1000,S&P 500 non-retirement value: 3299786.79,tax-exempt bonds value: 14719.08,S&P 500 pre-tax value: 55458.48,S&P 500 after-tax value: 3434471.97
2058,cash value: 1000,S&P 500 non-retirement value: 3468153.6,tax-exempt bonds value: 16207.3,S&P 500 pre-tax value: 57665.53,S&P 500 after-tax value: 3757166.4
2059,cash value: 1000,S&P 500 non-retirement value: 3622579.81,tax-exempt bonds value: 17082.77,S&P 500 pre-tax value: 61826.73,S&P 500 after-tax value: 4085036.8
2060,cash value: 1000,S&P 500 non-retirement value: 3835932.06,tax-exempt bonds value: 18562.37,S&P 500 pre-tax value: 62721.05,S&P 500 after-tax value: 4503050.67
2061,cash value: 1000,S&P 500 non-retirement value: 3980671.28,tax-exempt bonds value: 19616,S&P 500 pre-tax value: 64763.8,S&P 500 after-tax value: 4865264.9
2062,cash value: 1000,S&P 500 non-retirement value: 4193295.8,tax-exempt bonds value: 20615.72,S&P 500 pre-tax value: 64299.58,S&P 500 after-tax value: 5336921.93
2063,cash value: 1000,S&P 500 non-retirement value: 4374208.74,tax-exempt bonds value: 22537.09,S&P 500 pre-tax value: 64447.88,S&P 500 after-tax value: 5798369.73
2064,cash value: 1000,S&P 500 non-retirement value: 4618297.15,tax-exempt bonds value: 23118.59,S&P 500 pre-tax value: 64374.67,S&P 500 after-tax value: 6377648.44
2065,cash value: 1000,S&P 500 non-retirement value: 4844921.51,tax-exempt bonds value: 24892.75,S&P 500 pre-tax value: 64575.56,S&P 500 after-tax value: 6971960.22
year,investments
2026,cash value: 1000,S&P 500 non-retirement value: 142685.63,tax-exempt bonds value: 2120.45,S&P 500 pre-tax value: 10735.03,S&P 500 after-tax value: 35671.41
2027,cash value: 1000,S&P 500 non-retirement value: 196356.61,tax-exempt bonds value: 2256.31,S&P 500 pre-tax value: 11544.45,S&P 500 after-tax value: 52196.06
2028,cash value: 1000,S&P 500 non-retirement value: 245791.9,tax-exempt bonds value: 2419.16,S&P 500 pre-tax value: 12047.68,S&P 500 after-tax value: 69325.92
2029,cash value: 1000,S&P 500 non-retirement value: 307755.04,tax-exempt bonds value: 2540.05,S&P 500 pre-tax value: 13104.41,S&P 500 after-tax value: 91926.83
2030,cash value: 1000,S&P 500 non-retirement value: 364010.07,tax-exempt bonds value: 2669.65,S&P 500 pre-tax value: 14612.56,S&P 500 after-tax value: 114950.55
2031,cash value: 1000,S&P 500 non-retirement value: 418753.96,tax-exempt bonds value: 2774.63,S&P 500 pre-tax value: 14743.47,S&P 500 after-tax value: 139584.65
2032,cash value: 1000,S&P 500 non-retirement value: 491080.81,tax-exempt bonds value: 2913.16,S&P 500 pre-tax value: 15298,S&P 500 after-tax value: 172541.9
2033,cash value: 1000,S&P 500 non-retirement value: 557890.09,tax-exempt bonds value: 3059.35,S&P 500 pre-tax value: 16702.95,S&P 500 after-tax value: 206342.91
2034,cash value: 1000,S&P 500 non-retirement value: 634840.83,tax-exempt bonds value: 3324.88,S&P 500 pre-tax value: 18233.72,S&P 500 after-tax value: 246882.54
2035,cash value: 1000,S&P 500 non-retirement value: 725110.01,tax-exempt bonds value: 3468.93,S&P 500 pre-tax value: 19344.78,S&P 500 after-tax value: 296171.69
2036,cash value: 1000,S&P 500 non-retirement value: 790024.93,tax-exempt bonds value: 3687.27,S&P 500 pre-tax value: 20221.24,S&P 500 after-tax value: 338582.11
2037,cash value: 1000,S&P 500 non-retirement value: 866316.55,tax-exempt bonds value: 3862.23,S&P 500 pre-tax value: 21319.16,S&P 500 after-tax value: 389214.68
2038,cash value: 1000,S&P 500 non-retirement value: 939265.14,tax-exempt bonds value: 4236.91,S&P 500 pre-tax value: 23079.6,S&P 500 after-tax value: 442007.13
2039,cash value: 1000,S&P 500 non-retirement value: 1051051.1,tax-exempt bonds value: 4384.94,S&P 500 pre-tax value: 25163.16,S&P 500 after-tax value: 517681.89
2040,cash value: 1000,S&P 500 non-retirement value: 1135830.26,tax-exempt bonds value: 4671.27,S&P 500 pre-tax value: 26420.57,S&P 500 after-tax value: 585124.68
2041,cash value: 1000,S&P 500 non-retirement value: 1205614.82,tax-exempt bonds value: 4983.09,S&P 500 pre-tax value: 27779.92,S&P 500 after-tax value: 649177.21
2042,cash value: 1000,S&P 500 non-retirement value: 1307645.45,tax-exempt bonds value: 5375.8,S&P 500 pre-tax value: 29358.58,S&P 500 after-tax value: 735550.56
2043,cash value: 1000,S&P 500 non-retirement value: 1403137.22,tax-exempt bonds value: 5816.15,S&P 500 pre-tax value: 30670.21,S&P 500 after-tax value: 824064.72
2044,cash value: 1000,S&P 500 non-retirement value: 1530604.45,tax-exempt bonds value: 5985.68,S&P 500 pre-tax value: 32181.01,S&P 500 after-tax value: 938112.41
2045,cash value: 1000,S&P 500 non-retirement value: 1681516.61,tax-exempt bonds value: 6432.01,S&P 500 pre-tax value: 33087.89,S&P 500 after-tax value: 1075068
2046,cash value: 1000,S&P 500 non-retirement value: 1808644.28,tax-exempt bonds value: 6800.4,S&P 500 pre-tax value: 35441.51,S&P 500 after-tax value: 1205762.86
2047,cash value: 1000,S&P 500 non-retirement value: 1919028.29,tax-exempt bonds value: 7209.27,S&P 500 pre-tax value: 37853.72,S&P 500 after-tax value: 1333562.03
2048,cash value: 1000,S&P 500 non-retirement value: 2067962.29,tax-exempt bonds value: 7626.29,S&P 500 pre-tax value: 39776.06,S&P 500 after-tax value: 1497489.94
2049,cash value: 1000,S&P 500 non-retirement value: 2179525.42,tax-exempt bonds value: 8042.4,S&P 500 pre-tax value: 42564.94,S&P 500 after-tax value: 1644203.39
2050,cash value: 1000,S&P 500 non-retirement value: 2268057.57,tax-exempt bonds value: 8542.61,S&P 500 pre-tax value: 44590.18,S&P 500 after-tax value: 1782045.23
2051,cash value: 1000,S&P 500 non-retirement value: 2402147.85,tax-exempt bonds value: 9038.57,S&P 500 pre-tax value: 47410.03,S&P 500 after-tax value: 1965393.69
2052,cash value: 1000,S&P 500 non-retirement value: 2627170.17,tax-exempt bonds value: 9295.96,S&P 500 pre-tax value: 52317.16,S&P 500 after-tax value: 2237959.78
2053,cash value: 1000,S&P 500 non-retirement value: 2874239.36,tax-exempt bonds value: 9942.17,S&P 500 pre-tax value: 55393.98,S&P 500 after-tax value: 2548853.77
2054,cash value: 1000,S&P 500 non-retirement value: 3072809.18,tax-exempt bonds value: 10367.57,S&P 500 pre-tax value: 59434.63,S&P 500 after-tax value: 2836439.24
2055,cash value: 1000,S&P 500 non-retirement value: 3276424.77,tax-exempt bonds value: 11067.55,S&P 500 pre-tax value: 60957.62,S&P 500 after-tax value: 3147937.52
2056,cash value: 1000,S&P 500 non-retirement value: 3460722.77,tax-exempt bonds value: 11837.21,S&P 500 pre-tax value: 65461.08,S&P 500 after-tax value: 3460722.77
2057,cash value: 1000,S&P 500 non-retirement value: 3643867.6,tax-exempt bonds value: 12650.3,S&P 500 pre-tax value: 72666.29,S&P 500 after-tax value: 3792596.89
2058,cash value: 1000,S&P 500 non-retirement value: 3846594.6,tax-exempt bonds value: 13738.98,S&P 500 pre-tax value: 79475.59,S&P 500 after-tax value: 4167144.15
2059,cash value: 1000,S&P 500 non-retirement value: 4097852.76,tax-exempt bonds value: 14860.32,S&P 500 pre-tax value: 81010.23,S&P 500 after-tax value: 4620982.9
2060,cash value: 1000,S&P 500 non-retirement value: 4290282.13,tax-exempt bonds value: 15576.81,S&P 500 pre-tax value: 81740.73,S&P 500 after-tax value: 5036418.15
2061,cash value: 1000,S&P 500 non-retirement value: 4480240.64,tax-exempt bonds value: 16628.16,S&P 500 pre-tax value: 84929.64,S&P 500 after-tax value: 5475849.67
2062,cash value: 1000,S&P 500 non-retirement value: 4648388.29,tax-exempt bonds value: 18068.74,S&P 500 pre-tax value: 85716.9,S&P 500 after-tax value: 5916130.54
2063,cash value: 1000,S&P 500 non-retirement value: 4877660.21,tax-exempt bonds value: 19057.25,S&P 500 pre-tax value: 87593.49,S&P 500 after-tax value: 6465735.63
2064,cash value: 1000,S&P 500 non-retirement value: 5074718.96,tax-exempt bonds value: 20711.56,S&P 500 pre-tax value: 87705.16,S&P 500 after-tax value: 7007945.24
2065,cash value: 1000,S&P 500 non-retirement value: 5262422.86,tax-exempt bonds value: 21060.36,S&P 500 pre-tax value: 86687.84,S&P 500 after-tax value: 7572754.84
year,investments
2026,cash value: 1000,S&P 500 non-retirement value: 140322.43,tax-exempt bonds value: 2085.65,S&P 500 pre-tax value: 10500.12,S&P 500 after-tax value: 35080.61
2027,cash value: 1000,S&P 500 non-retirement value: 188092.94,tax-exempt bonds value: 2163.49,S&P 500 pre-tax value: 11404.82,S&P 500 after-tax value: 49999.39
2028,cash value: 1000,S&P 500 non-retirement value: 246604.86,tax-exempt bonds value: 2307.18,S&P 500 pre-tax value: 12592.53,S&P 500 after-tax value: 69555.22
2029,cash value: 1000,S&P 500 non-retirement value: 309103.03,tax-exempt bonds value: 2397.07,S&P 500 pre-tax value: 13361.06,S&P 500 after-tax value: 92329.48
2030,cash value: 1000,S&P 500 non-retirement value: 367621.97,tax-exempt bonds value: 2587.47,S&P 500 pre-tax value: 13994.29,S&P 500 after-tax value: 116091.15
2031,cash value: 1000,S&P 500 non-retirement value: 423934.38,tax-exempt bonds value: 2761.62,S&P 500 pre-tax value: 14236.71,S&P 500 after-tax value: 141311.46
2032,cash value: 1000,S&P 500 non-retirement value: 490071,tax-exempt bonds value: 2951.98,S&P 500 pre-tax value: 14567.28,S&P 500 after-tax value: 172187.11
2033,cash value: 1000,S&P 500 non-retirement value: 551602.96,tax-exempt bonds value: 3156,S&P 500 pre-tax value: 15149.62,S&P 500 after-tax value: 204017.53
2034,cash value: 1000,S&P 500 non-retirement value: 619638.2,tax-exempt bonds value: 3285.63,S&P 500 pre-tax value: 15873.59,S&P 500 after-tax value: 240970.41
2035,cash value: 1000,S&P 500 non-retirement value: 680393.74,tax-exempt bonds value: 3481.03,S&P 500 pre-tax value: 17614.92,S&P 500 after-tax value: 277907.3
2036,cash value: 1000,S&P 500 non-retirement value: 741663.63,tax-exempt bonds value: 3635.65,S&P 500 pre-tax value: 19108.72,S&P 500 after-tax value: 317855.84
2037,cash value: 1000,S&P 500 non-retirement value: 815545.43,tax-exempt bonds value: 3691.7,S&P 500 pre-tax value: 20279.25,S&P 500 after-tax value: 366404.47
2038,cash value: 1000,S&P 500 non-retirement value: 900368.53,tax-exempt bonds value: 3874.2,S&P 500 pre-tax value: 21481.13,S&P 500 after-tax value: 423702.84
2039,cash value: 1000,S&P 500 non-retirement value: 985564.65,tax-exempt bonds value: 4091.77,S&P 500 pre-tax value: 22398.79,S&P 500 after-tax value: 485427.36
2040,cash value: 1000,S&P 500 non-retirement value: 1040969.45,tax-exempt bonds value: 4371.6,S&P 500 pre-tax value: 24071.76,S&P 500 after-tax value: 536256.99
2041,cash value: 1000,S&P 500 non-retirement value: 1115853.08,tax-exempt bonds value: 4778.7,S&P 500 pre-tax value: 24804.7,S&P 500 after-tax value: 600843.97
2042,cash value: 1000,S&P 500 non-retirement value: 1189652.82,tax-exempt bonds value: 5067.81,S&P 500 pre-tax value: 26170.76,S&P 500 after-tax value: 669179.71
2043,cash value: 1000,S&P 500 non-retirement value: 1283505.3,tax-exempt bonds value: 5415.09,S&P 500 pre-tax value: 27236.83,S&P 500 after-tax value: 753804.7
2044,cash value: 1000,S&P 500 non-retirement value: 1379293.95,tax-exempt bonds value: 5892.07,S&P 500 pre-tax value: 28111.13,S&P 500 after-tax value: 845373.71
2045,cash value: 1000,S&P 500 non-retirement value: 1503550.16,tax-exempt bonds value: 6532.78,S&P 500 pre-tax value: 30137.73,S&P 500 after-tax value: 961286.17
2046,cash value: 1000,S&P 500 non-retirement value: 1622426.63,tax-exempt bonds value: 6707.63,S&P 500 pre-tax value: 32503.98,S&P 500 after-tax value: 1081617.75
2047,cash value: 1000,S&P 500 non-retirement value: 1779266.31,tax-exempt bonds value: 7043.75,S&P 500 pre-tax value: 33580.73,S&P 500 after-tax value: 1236439.3
2048,cash value: 1000,S&P 500 non-retirement value: 1906306.94,tax-exempt bonds value: 7561.01,S&P 500 pre-tax value: 34513.66,S&P 500 after-tax value: 1380429.16
2049,cash value: 1000,S&P 500 non-retirement value: 2033904.24,tax-exempt bonds value: 7979.47,S&P 500 pre-tax value: 37440.65,S&P 500 after-tax value: 1534348.81
2050,cash value: 1000,S&P 500 non-retirement value: 2158731.7,tax-exempt bonds value: 8349.93,S&P 500 pre-tax value: 40234.82,S&P 500 after-tax value: 1696146.34
2051,cash value: 1000,S&P 500 non-retirement value: 2293542.95,tax-exempt bonds value: 8926.81,S&P 500 pre-tax value: 41130.16,S&P 500 after-tax value: 1876535.14
2052,cash value: 1000,S&P 500 non-retirement value: 2364122.69,tax-exempt bonds value: 9627.85,S&P 500 pre-tax value: 43589.67,S&P 500 after-tax value: 2013882.29
2053,cash value: 1000,S&P 500 non-retirement value: 2521159.88,tax-exempt bonds value: 10756.41,S&P 500 pre-tax value: 47240.48,S&P 500 after-tax value: 2235745.55
2054,cash value: 1000,S&P 500 non-retirement value: 2669065.12,tax-exempt bonds value: 11582.22,S&P 500 pre-tax value: 49780.49,S&P 500 after-tax value: 2463752.42
2055,cash value: 1000,S&P 500 non-retirement value: 2832211.04,tax-exempt bonds value: 12508.68,S&P 500 pre-tax value: 54054.08,S&P 500 after-tax value: 2721143.94
2056,cash value: 1000,S&P 500 non-retirement value: 2968004.76,tax-exempt bonds value: 13632.76,S&P 500 pre-tax value: 56333.72,S&P 500 after-tax value: 2968004.76
2057,cash value: 1000,S&P 500 non-retirement value: 3133011.78,tax-exempt bonds value: 14601.56,S&P 500 pre-tax value: 59836.72,S&P 500 after-tax value: 3260889.82
2058,cash value: 1000,S&P 500 non-retirement value: 3226616.61,tax-exempt bonds value: 15556.86,S&P 500 pre-tax value: 63346.98,S&P 500 after-tax value: 3495501.33
2059,cash value: 1000,S&P 500 non-retirement value: 3320257.17,tax-exempt bonds value: 16099.68,S&P 500 pre-tax value: 67970.11,S&P 500 after-tax value: 3744119.79
2060,cash value: 1000,S&P 500 non-retirement value: 3512130.99,tax-exempt bonds value: 17265.11,S&P 500 pre-tax value: 70467.06,S&P 500 after-tax value: 4122936.38
2061,cash value: 1000,S&P 500 non-retirement value: 3567057.13,tax-exempt bonds value: 18950.17,S&P 500 pre-tax value: 70651.19,S&P 500 after-tax value: 4359736.5
2062,cash value: 1000,S&P 500 non-retirement value: 3747788.77,tax-exempt bonds value: 19984.55,S&P 500 pre-tax value: 71576.07,S&P 500 after-tax value: 4769912.98
2063,cash value: 1000,S&P 500 non-retirement value: 3905282.63,tax-exempt bonds value: 21873.5,S&P 500 pre-tax value: 72891.63,S&P 500 after-tax value: 5176770
2064,cash value: 1000,S&P 500 non-retirement value: 4051272.48,tax-exempt bonds value: 23841.4,S&P 500 pre-tax value: 74450.63,S&P 500 after-tax value: 5594614.37
2065,cash value: 1000,S&P 500 non-retirement value: 4198473.34,tax-exempt bonds value: 24784.95,S&P 500 pre-tax value: 76003.51,S&P 500 after-tax value: 6041705.54
year,investments
2026,cash value: 1000,S&P 500 non-retirement value: 136301,tax-exempt bonds value: 2088.14,S&P 500 pre-tax value: 10738.94,S&P 500 after-tax value: 34075.25
2027,cash value: 1000,S&P 500 non-retirement value: 190696.19,tax-exempt bonds value: 2231.91,S&P 500 pre-tax value: 11318.96,S&P 500 after-tax value: 50691.39
2028,cash value: 1000,S&P 500 non-retirement value: 236600.53,tax-exempt bonds value: 2377.02,S&P 500 pre-tax value: 11556.77,S&P 500 after-tax value: 66733.48
2029,cash value: 1000,S&P 500 non-retirement value: 293591.75,tax-exempt bonds value: 2561.44,S&P 500 pre-tax value: 12782.36,S&P 500 after-tax value: 87696.24
2030,cash value: 1000,S&P 500 non-retirement value: 349089.63,tax-exempt bonds value: 2697.61,S&P 500 pre-tax value: 13904.82,S&P 500 after-tax value: 110238.83
2031,cash value: 1000,S&P 500 non-retirement value: 407326.26,tax-exempt bonds value: 2819.53,S&P 500 pre-tax value: 14943.25,S&P 500 after-tax value: 135775.42
2032,cash value: 1000,S&P 500 non-retirement value: 467109.06,tax-exempt bonds value: 3015.63,S&P 500 pre-tax value: 15710.27,S&P 500 after-tax value: 164119.4
2033,cash value: 1000,S&P 500 non-retirement value: 536596.21,tax-exempt bonds value: 3054.12,S&P 500 pre-tax value: 16629.09,S&P 500 after-tax value: 198467.09
2034,cash value: 1000,S&P 500 non-retirement value: 602320.54,tax-exempt bonds value: 3093.08,S&P 500 pre-tax value: 18083.67,S&P 500 after-tax value: 234235.77
2035,cash value: 1000,S&P 500 non-retirement value: 670463.59,tax-exempt bonds value: 3310.28,S&P 500 pre-tax value: 18980.22,S&P 500 after-tax value: 273851.32
2036,cash value: 1000,S&P 500 non-retirement value: 741217.15,tax-exempt bonds value: 3532.14,S&P 500 pre-tax value: 20382.21,S&P 500 after-tax value: 317664.49
2037,cash value: 1000,S&P 500 non-retirement value: 833482.9,tax-exempt bonds value: 3746.75,S&P 500 pre-tax value: 21904.85,S&P 500 after-tax value: 374463.33
2038,cash value: 1000,S&P 500 non-retirement value: 914862.87,tax-exempt bonds value: 3992.59,S&P 500 pre-tax value: 23444.96,S&P 500 after-tax value: 430523.7
2039,cash value: 1000,S&P 500 non-retirement value: 1002316.34,tax-exempt bonds value: 4167.13,S&P 500 pre-tax value: 24848.94,S&P 500 after-tax value: 493678.2
2040,cash value: 1000,S&P 500 non-retirement value: 1090631.72,tax-exempt bonds value: 4329.72,S&P 500 pre-tax value: 26961.03,S&P 500 after-tax value: 561840.58
2041,cash value: 1000,S&P 500 non-retirement value: 1179934.93,tax-exempt bonds value: 4603.94,S&P 500 pre-tax value: 28566.93,S&P 500 after-tax value: 635349.58
2042,cash value: 1000,S&P 500 non-retirement value: 1274147.97,tax-exempt bonds value: 4773.16,S&P 500 pre-tax value: 30552.43,S&P 500 after-tax value: 716708.23
2043,cash value: 1000,S&P 500 non-retirement value: 1367333.24,tax-exempt bonds value: 5036.73,S&P 500 pre-tax value: 32740.61,S&P 500 after-tax value: 803036.98
2044,cash value: 1000,S&P 500 non-retirement value: 1475994.18,tax-exempt bonds value: 5546.86,S&P 500 pre-tax value: 32828.32,S&P 500 after-tax value: 904641.59
2045,cash value: 1000,S&P 500 non-retirement value: 1566099.08,tax-exempt bonds value: 5895.35,S&P 500 pre-tax value: 35582.87,S&P 500 after-tax value: 1001276.46
2046,cash value: 1000,S&P 500 non-retirement value: 1738982.45,tax-exempt bonds value: 6174.38,S&P 500 pre-tax value: 37310.2,S&P 500 after-tax value: 1159321.64
2047,cash value: 1000,S&P 500 non-retirement value: 1850896.64,tax-exempt bonds value: 6592.78,S&P 500 pre-tax value: 40077.49,S&P 500 after-tax value: 1286216.31
2048,cash value: 1000,S&P 500 non-retirement value: 2001327.87,tax-exempt bonds value: 6898.53,S&P 500 pre-tax value: 43949.8,S&P 500 after-tax value: 1449237.43
2049,cash value: 1000,S&P 500 non-retirement value: 2144384.2,tax-exempt bonds value: 7323.53,S&P 500 pre-tax value: 47184.34,S&P 500 after-tax value: 1617693.34
2050,cash value: 1000,S&P 500 non-retirement value: 2341074.3,tax-exempt bonds value: 7893.24,S&P 500 pre-tax value: 50552.77,S&P 500 after-tax value: 1839415.52
2051,cash value: 1000,S&P 500 non-retirement value: 2522978.41,tax-exempt bonds value: 8206.65,S&P 500 pre-tax value: 54397.72,S&P 500 after-tax value: 2064255.06
2052,cash value: 1000,S&P 500 non-retirement value: 2592729.16,tax-exempt bonds value: 8812.93,S&P 500 pre-tax value: 58648.95,S&P 500 after-tax value: 2208621.14
2053,cash value: 1000,S&P 500 non-retirement value: 2775749.12,tax-exempt bonds value: 9298.12,S&P 500 pre-tax value: 61807.24,S&P 500 after-tax value: 2461513.37
2054,cash value: 1000,S&P 500 non-retirement value: 2971782.17,tax-exempt bonds value: 9625.53,S&P 500 pre-tax value: 64751.84,S&P 500 after-tax value: 2743183.54
2055,cash value: 1000,S&P 500 non-retirement value: 3127999.82,tax-exempt bonds value: 9908.54,S&P 500 pre-tax value: 68619.15,S&P 500 after-tax value: 3005333.16
2056,cash value: 1000,S&P 500 non-retirement value: 3333618.56,tax-exempt bonds value: 10304.92,S&P 500 pre-tax value: 71655.89,S&P 500 after-tax value: 3333618.56
2057,cash value: 1000,S&P 500 non-retirement value: 3465280.55,tax-exempt bonds value: 11086.29,S&P 500 pre-tax value: 75457.77,S&P 500 after-tax value: 3606720.57
2058,cash value: 1000,S&P 500 non-retirement value: 3637835.52,tax-exempt bonds value: 11628.6,S&P 500 pre-tax value: 78230.62,S&P 500 after-tax value: 3940988.48
2059,cash value: 1000,S&P 500 non-retirement value: 3873504.61,tax-exempt bonds value: 12564.43,S&P 500 pre-tax value: 82980.66,S&P 500 after-tax value: 4367994.55
2060,cash value: 1000,S&P 500 non-retirement value: 4028222.47,tax-exempt bonds value: 13258.7,S&P 500 pre-tax value: 78594.58,S&P 500 after-tax value: 4728782.9
2061,cash value: 1000,S&P 500 non-retirement value: 4252763.29,tax-exempt bonds value: 13551.53,S&P 500 pre-tax value: 79448.91,S&P 500 after-tax value: 5197821.8
2062,cash value: 1000,S&P 500 non-retirement value: 4544918.07,tax-exempt bonds value: 14026.07,S&P 500 pre-tax value: 78767.7,S&P 500 after-tax value: 5784441.18
2063,cash value: 1000,S&P 500 non-retirement value: 4584000.11,tax-exempt bonds value: 14531.84,S&P 500 pre-tax value: 80159.41,S&P 500 after-tax value: 6076465.26
2064,cash value: 1000,S&P 500 non-retirement value: 4707912.4,tax-exempt bonds value: 15059.03,S&P 500 pre-tax value: 83583.67,S&P 500 after-tax value: 6501402.84
2065,cash value: 1000,S&P 500 non-retirement value: 5001058.79,tax-exempt bonds value: 16213.77,S&P 500 pre-tax value: 85011.95,S&P 500 after-tax value: 7196645.58
year,investments
2026,cash value: 1000,S&P 500 non-retirement value: 137011.59,tax-exempt bonds value: 2103.13,S&P 500 pre-tax value: 10709.55,S&P 500 after-tax value: 34252.9
2027,cash value: 1000,S&P 500 non-retirement value: 186726.17,tax-exempt bonds value: 2157.19,S&P 500 pre-tax value: 11415.83,S&P 500 after-tax value: 49636.07
2028,cash value: 1000,S&P 500 non-retirement value: 245612.48,tax-exempt bonds value: 2337.61,S&P 500 pre-tax value: 11854.03,S&P 500 after-tax value: 69275.32
2029,cash value: 1000,S&P 500 non-retirement value: 303069.28,tax-exempt bonds value: 2556.36,S&P 500 pre-tax value: 12616.73,S&P 500 after-tax value: 90527.19
2030,cash value: 1000,S&P 500 non-retirement value: 371661.71,tax-exempt bonds value: 2676.56,S&P 500 pre-tax value: 13495.37,S&P 500 after-tax value: 117366.85
2031,cash value: 1000,S&P 500 non-retirement value: 430606.85,tax-exempt bonds value: 2840.2,S&P 500 pre-tax value: 14229.13,S&P 500 after-tax value: 143535.62
2032,cash value: 1000,S&P 500 non-retirement value: 496312.11,tax-exempt bonds value: 2947.01,S&P 500 pre-tax value: 15356.84,S&P 500 after-tax value: 174379.93
2033,cash value: 1000,S&P 500 non-retirement value: 563544.1,tax-exempt bonds value: 3131.84,S&P 500 pre-tax value: 16379.65,S&P 500 after-tax value: 208434.12
2034,cash value: 1000,S&P 500 non-retirement value: 632889.77,tax-exempt bonds value: 3391.61,S&P 500 pre-tax value: 16896.84,S&P 500 after-tax value: 246123.8
2035,cash value: 1000,S&P 500 non-retirement value: 700323.73,tax-exempt bonds value: 3641.46,S&P 500 pre-tax value: 17654.1,S&P 500 after-tax value: 286047.72
2036,cash value: 1000,S&P 500 non-retirement value: 787125.93,tax-exempt bonds value: 3799.26,S&P 500 pre-tax value: 19206.91,S&P 500 after-tax value: 337339.68
2037,cash value: 1000,S&P 500 non-retirement value: 880062.84,tax-exempt bonds value: 4027.61,S&P 500 pre-tax value: 20455.63,S&P 500 after-tax value: 395390.55
2038,cash value: 1000,S&P 500 non-retirement value: 981501.23,tax-exempt bonds value: 4259.01,S&P 500 pre-tax value: 20768.19,S&P 500 after-tax value: 461882.93
2039,cash value: 1000,S&P 500 non-retirement value: 1078372.88,tax-exempt bonds value: 4435.92,S&P 500 pre-tax value: 22030.96,S&P 500 after-tax value: 531138.88
2040,cash value: 1000,S&P 500 non-retirement value: 1150756.39,tax-exempt bonds value: 4757.59,S&P 500 pre-tax value: 23350.42,S&P 500 after-tax value: 592813.9
2041,cash value: 1000,S&P 500 non-retirement value: 1230048.47,tax-exempt bonds value: 4991.54,S&P 500 pre-tax value: 25611.08,S&P 500 after-tax value: 662333.79
2042,cash value: 1000,S&P 500 non-retirement value: 1293022.17,tax-exempt bonds value: 5303.25,S&P 500 pre-tax value: 27506.37,S&P 500 after-tax value: 727324.97
2043,cash value: 1000,S&P 500 non-retirement value: 1378325.06,tax-exempt bonds value: 5710.24,S&P 500 pre-tax value: 28834.99,S&P 500 after-tax value: 809492.5
2044,cash value: 1000,S&P 500 non-retirement value: 1491631.5,tax-exempt bonds value: 6023.34,S&P 500 pre-tax value: 30636.21,S&P 500 after-tax value: 914225.76
2045,cash value: 1000,S&P 500 non-retirement value: 1589603.58,tax-exempt bonds value: 6277.91,S&P 500 pre-tax value: 32404.65,S&P 500 after-tax value: 1016303.93
2046,cash value: 1000,S&P 500 non-retirement value: 1714549.49,tax-exempt bonds value: 6820.16,S&P 500 pre-tax value: 33809.98,S&P 500 after-tax value: 1143032.99
2047,cash value: 1000,S&P 500 non-retirement value: 1850671.56,tax-exempt bonds value: 7208.27,S&P 500 pre-tax value: 35911.79,S&P 500 after-tax value: 1286059.9
2048,cash value: 1000,S&P 500 non-retirement value: 1950090.82,tax-exempt bonds value: 7761.55,S&P 500 pre-tax value: 37933.54,S&P 500 after-tax value: 1412134.73
2049,cash value: 1000,S&P 500 non-retirement value: 2042920.08,tax-exempt bonds value: 8289.37,S&P 500 pre-tax value: 40878.38,S&P 500 after-tax value: 1541150.23
2050,cash value: 1000,S&P 500 non-retirement value: 2172204.72,tax-exempt bonds value: 8515.81,S&P 500 pre-tax value: 42008.17,S&P 500 after-tax value: 1706732.28
2051,cash value: 1000,S&P 500 non-retirement value: 2243163.47,tax-exempt bonds value: 8991.56,S&P 500 pre-tax value: 45264.23,S&P 500 after-tax value: 1835315.56
2052,cash value: 1000,S&P 500 non-retirement value: 2380958.2,tax-exempt bonds value: 9630.12,S&P 500 pre-tax value: 46542.56,S&P 500 after-tax value: 2028223.65
2053,cash value: 1000,S&P 500 non-retirement value: 2534276.35,tax-exempt bonds value: 10338.11,S&P 500 pre-tax value: 48238.39,S&P 500 after-tax value: 2247377.14
2054,cash value: 1000,S&P 500 non-retirement value: 2711257.63,tax-exempt bonds value: 11391.75,S&P 500 pre-tax value: 50870.87,S&P 500 after-tax value: 2502699.35
2055,cash value: 1000,S&P 500 non-retirement value: 2871911.34,tax-exempt bonds value: 11798.19,S&P 500 pre-tax value: 54128.75,S&P 500 after-tax value: 2759287.37
2056,cash value: 1000,S&P 500 non-retirement value: 3037678.37,tax-exempt bonds value: 12352.43,S&P 500 pre-tax value: 58636.37,S&P 500 after-tax value: 3037678.37
2057,cash value: 1000,S&P 500 non-retirement value: 3205651.06,tax-exempt bonds value: 12795.89,S&P 500 pre-tax value: 60945.67,S&P 500 after-tax value: 3336493.96
2058,cash value: 1000,S&P 500 non-retirement value: 3362593.34,tax-exempt bonds value: 13666.58,S&P 500 pre-tax value: 65068.99,S&P 500 after-tax value: 3642809.45
2059,cash value: 1000,S&P 500 non-retirement value: 3514503.96,tax-exempt bonds value: 14356.85,S&P 500 pre-tax value: 67539.04,S&P 500 after-tax value: 3963164.04
2060,cash value: 1000,S&P 500 non-retirement value: 3595447.18,tax-exempt bonds value: 15337.94,S&P 500 pre-tax value: 69651.04,S&P 500 after-tax value: 4220742.34
2061,cash value: 1000,S&P 500 non-retirement value: 3666268.68,tax-exempt bonds value: 16649.65,S&P 500 pre-tax value: 67443.11,S&P 500 after-tax value: 4480995.06
2062,cash value: 1000,S&P 500 non-retirement value: 3760504.83,tax-exempt bonds value: 17813.33,S&P 500 pre-tax value: 70290.05,S&P 500 after-tax value: 4786097.06
2063,cash value: 1000,S&P 500 non-retirement value: 3920153.51,tax-exempt bonds value: 18168.82,S&P 500 pre-tax value: 69048.74,S&P 500 after-tax value: 5196482.57
2064,cash value: 1000,S&P 500 non-retirement value: 4048487.35,tax-exempt bonds value: 19755.61,S&P 500 pre-tax value: 71588.93,S&P 500 after-tax value: 5590768.25
2065,cash value: 1000,S&P 500 non-retirement value: 4298144.4,tax-exempt bonds value: 20919.17,S&P 500 pre-tax value: 72285.98,S&P 500 after-tax value: 6185134.63
year,investments
2026,cash value: 1000,S&P 500 non-retirement value: 140551.51,tax-exempt bonds value: 2110.51,S&P 500 pre-tax value: 10800.49,S&P 500 after-tax value: 35137.88
2027,cash value: 1000,S&P 500 non-retirement value: 190485.37,tax-exempt bonds value: 2276.76,S&P 500 pre-tax value: 11756.89,S&P 500 after-tax value: 50635.35
2028,cash value: 1000,S&P 500 non-retirement value: 243614.86,tax-exempt bonds value: 2357.69,S&P 500 pre-tax value: 12550.55,S&P 500 after-tax value: 68711.88
2029,cash value: 1000,S&P 500 non-retirement value: 292901.53,tax-exempt bonds value: 2553.08,S&P 500 pre-tax value: 13296.02,S&P 500 after-tax value: 87490.07
2030,cash value: 1000,S&P 500 non-retirement value: 352418.6,tax-exempt bonds value: 2729.88,S&P 500 pre-tax value: 14176.54,S&P 500 after-tax value: 111290.08
2031,cash value: 1000,S&P 500 non-retirement value: 417487.22,tax-exempt bonds value: 2800.88,S&P 500 pre-tax value: 15326.96,S&P 500 after-tax value: 139162.41
2032,cash value: 1000,S&P 500 non-retirement value: 483334.04,tax-exempt bonds value: 2900.68,S&P 500 pre-tax value: 16033.38,S&P 500 after-tax value: 169820.07
2033,cash value: 1000,S&P 500 non-retirement value: 548491.14,tax-exempt bonds value: 3040.79,S&P 500 pre-tax value: 16645.76,S&P 500 after-tax value: 202866.59
2034,cash value: 1000,S&P 500 non-retirement value: 632896.18,tax-exempt bonds value: 3139.16,S&P 500 pre-tax value: 17352.87,S&P 500 after-tax value: 246126.29
2035,cash value: 1000,S&P 500 non-retirement value: 715168.46,tax-exempt bonds value: 3434.9,S&P 500 pre-tax value: 18138.83,S&P 500 after-tax value: 292111.06
2036,cash value: 1000,S&P 500 non-retirement value: 798121.83,tax-exempt bonds value: 3579.05,S&P 500 pre-tax value: 19234.15,S&P 500 after-tax value: 342052.21
2037,cash value: 1000,S&P 500 non-retirement value: 858405.1,tax-exempt bonds value: 3709.11,S&P 500 pre-tax value: 20428.53,S&P 500 after-tax value: 385660.26
2038,cash value: 1000,S&P 500 non-retirement value: 930148.7,tax-exempt bonds value: 3968.76,S&P 500 pre-tax value: 20868.23,S&P 500 after-tax value: 437717.04
2039,cash value: 1000,S&P 500 non-retirement value: 1014503.07,tax-exempt bonds value: 4226.25,S&P 500 pre-tax value: 22594.2,S&P 500 after-tax value: 499680.62
2040,cash value: 1000,S&P 500 non-retirement value: 1087427.33,tax-exempt bonds value: 4587.24,S&P 500 pre-tax value: 24808.92,S&P 500 after-tax value: 560189.84
2041,cash value: 1000,S&P 500 non-retirement value: 1182345.41,tax-exempt bonds value: 4698.39,S&P 500 pre-tax value: 26449.33,S&P 500 after-tax value: 636647.53
2042,cash value: 1000,S&P 500 non-retirement value: 1263672.02,tax-exempt bonds value: 5100.42,S&P 500 pre-tax value: 27533.63,S&P 500 after-tax value: 710815.51
2043,cash value: 1000,S&P 500 non-retirement value: 1355357.36,tax-exempt bonds value: 5460.63,S&P 500 pre-tax value: 28594.93,S&P 500 after-tax value: 796003.53
2044,cash value: 1000,S&P 500 non-retirement value: 1444526.33,tax-exempt bonds value: 5972.41,S&P 500 pre-tax value: 30019.52,S&P 500 after-tax value: 885354.85
2045,cash value: 1000,S&P 500 non-retirement value: 1538798.14,tax-exempt bonds value: 6190.78,S&P 500 pre-tax value: 31447.29,S&P 500 after-tax value: 983821.76
2046,cash value: 1000,S&P 500 non-retirement value: 1642850.98,tax-exempt bonds value: 6801.61,S&P 500 pre-tax value: 33649.92,S&P 500 after-tax value: 1095233.99
2047,cash value: 1000,S&P 500 non-retirement value: 1790377.68,tax-exempt bonds value: 7175.1,S&P 500 pre-tax value: 35480.15,S&P 500 after-tax value: 1244160.76
2048,cash value: 1000,S&P 500 non-retirement value: 1917887.15,tax-exempt bonds value: 7459.71,S&P 500 pre-tax value: 36916.28,S&P 500 after-tax value: 1388814.83
2049,cash value: 1000,S&P 500 non-retirement value: 2016036.7,tax-exempt bonds value: 7904.25,S&P 500 pre-tax value: 40049.28,S&P 500 after-tax value: 1520869.79
2050,cash value: 1000,S&P 500 non-retirement value: 2148962.48,tax-exempt bonds value: 8514.68,S&P 500 pre-tax value: 41862.08,S&P 500 after-tax value: 1688470.52
2051,cash value: 1000,S&P 500 non-retirement value: 2230813.87,tax-exempt bonds value: 8961.63,S&P 500 pre-tax value: 43510.58,S&P 500 after-tax value: 1825211.35
2052,cash value: 1000,S&P 500 non-retirement value: 2342944.68,tax-exempt bonds value: 9643.75,S&P 500 pre-tax value: 46130.88,S&P 500 after-tax value: 1995841.77
2053,cash value: 1000,S&P 500 non-retirement value: 2512391.25,tax-exempt bonds value: 10040,S&P 500 pre-tax value: 48445.89,S&P 500 after-tax value: 2227969.6
2054,cash value: 1000,S&P 500 non-retirement value: 2673408.99,tax-exempt bonds value: 10840.11,S&P 500 pre-tax value: 50648.96,S&P 500 after-tax value: 2467762.14
2055,cash value: 1000,S&P 500 non-retirement value: 2864065.95,tax-exempt bonds value: 11545.2,S&P 500 pre-tax value: 54249.21,S&P 500 after-tax value: 2751749.64
2056,cash value: 1000,S&P 500 non-retirement value: 3050494.75,tax-exempt bonds value: 12503.55,S&P 500 pre-tax value: 59009.01,S&P 500 after-tax value: 3050494.75
2057,cash value: 1000,S&P 500 non-retirement value: 3226996.36,tax-exempt bonds value: 13663.75,S&P 500 pre-tax value: 65073.93,S&P 500 after-tax value: 3358710.5
2058,cash value: 1000,S&P 500 non-retirement value: 3361140.43,tax-exempt bonds value: 14180.86,S&P 500 pre-tax value: 71521.42,S&P 500 after-tax value: 3641235.47
2059,cash value: 1000,S&P 500 non-retirement value: 3518911.25,tax-exempt bonds value: 15333.47,S&P 500 pre-tax value: 72475.28,S&P 500 after-tax value: 3968133.96
2060,cash value: 1000,S&P 500 non-retirement value: 3586023.74,tax-exempt bonds value: 16752.78,S&P 500 pre-tax value: 73565.87,S&P 500 after-tax value: 4209680.04
2061,cash value: 1000,S&P 500 non-retirement value: 3742427.33,tax-exempt bonds value: 17298.17,S&P 500 pre-tax value: 75483.43,S&P 500 after-tax value: 4574077.85
2062,cash value: 1000,S&P 500 non-retirement value: 3911296.83,tax-exempt bonds value: 18552.57,S&P 500 pre-tax value: 75143,S&P 500 after-tax value: 4978014.15
2063,cash value: 1000,S&P 500 non-retirement value: 4132529.88,tax-exempt bonds value: 19573.82,S&P 500 pre-tax value: 78321.32,S&P 500 after-tax value: 5478004.72
2064,cash value: 1000,S&P 500 non-retirement value: 4302310.88,tax-exempt bonds value: 20723.73,S&P 500 pre-tax value: 78773.05,S&P 500 after-tax value: 5941286.45
2065,cash value: 1000,S&P 500 non-retirement value: 4398723.3,tax-exempt bonds value: 22037.4,S&P 500 pre-tax value: 81181.03,S&P 500 after-tax value: 6329870.11
year,investments
2026,cash value: 1000,S&P 500 non-retirement value: 139608.33,tax-exempt bonds value: 2108.53,S&P 500 pre-tax value: 10808.17,S&P 500 after-tax value: 34902.08
2027,cash value: 1000,S&P 500 non-retirement value: 191138.82,tax-exempt bonds value: 2264.09,S&P 500 pre-tax value: 11484.62,S&P 500 after-tax value: 50809.05
2028,cash value: 1000,S&P 500 non-retirement value: 246194.39,tax-exempt bonds value: 2379.13,S&P 500 pre-tax value: 11977.87,S&P 500 after-tax value: 69439.44
2029,cash value: 1000,S&P 500 non-retirement value: 302302.04,tax-exempt bonds value: 2535.31,S&P 500 pre-tax value: 12610.43,S&P 500 after-tax value: 90298.01
2030,cash value: 1000,S&P 500 non-retirement value: 361638.99,tax-exempt bonds value: 2639.36,S&P 500 pre-tax value: 13644.65,S&P 500 after-tax value: 114201.79
2031,cash value: 1000,S&P 500 non-retirement value: 429862.08,tax-exempt bonds value: 2890.76,S&P 500 pre-tax value: 14083.28,S&P 500 after-tax value: 143287.36
2032,cash value: 1000,S&P 500 non-retirement value: 498551.81,tax-exempt bonds value: 3081.83,S&P 500 pre-tax value: 14764.66,S&P 500 after-tax value: 175166.85
2033,cash value: 1000,S&P 500 non-retirement value: 570020.86,tax-exempt bonds value: 3247.8,S&P 500 pre-tax value: 15553.86,S&P 500 after-tax value: 210829.63
2034,cash value: 1000,S&P 500 non-retirement value: 638514.16,tax-exempt bonds value: 3387.77,S&P 500 pre-tax value: 16565.25,S&P 500 after-tax value: 248311.06
2035,cash value: 1000,S&P 500 non-retirement value: 704504.66,tax-exempt bonds value: 3590.98,S&P 500 pre-tax value: 17316.81,S&P 500 after-tax value: 287755.42
2036,cash value: 1000,S&P 500 non-retirement value: 759317.61,tax-exempt bonds value: 3703.88,S&P 500 pre-tax value: 17871.92,S&P 500 after-tax value: 325421.83
2037,cash value: 1000,S&P 500 non-retirement value: 820021.51,tax-exempt bonds value: 3826.53,S&P 500 pre-tax value: 18686.71,S&P 500 after-tax value: 368415.46
2038,cash value: 1000,S&P 500 non-retirement value: 897572.4,tax-exempt bonds value: 4072.78,S&P 500 pre-tax value: 20108,S&P 500 after-tax value: 422387.01
2039,cash value: 1000,S&P 500 non-retirement value: 995392.83,tax-exempt bonds value: 4346.83,S&P 500 pre-tax value: 22005.37,S&P 500 after-tax value: 490268.11
2040,cash value: 1000,S&P 500 non-retirement value: 1072408.52,tax-exempt bonds value: 4396.57,S&P 500 pre-tax value: 24016.27,S&P 500 after-tax value: 552452.88
2041,cash value: 1000,S&P 500 non-retirement value: 1160949.41,tax-exempt bonds value: 4622.55,S&P 500 pre-tax value: 25163.39,S&P 500 after-tax value: 625126.6
2042,cash value: 1000,S&P 500 non-retirement value: 1276198.53,tax-exempt bonds value: 4893.99,S&P 500 pre-tax value: 27150.05,S&P 500 after-tax value: 717861.67
2043,cash value: 1000,S&P 500 non-retirement value: 1378675.75,tax-exempt bonds value: 5212.28,S&P 500 pre-tax value: 29888.87,S&P 500 after-tax value: 809698.46
2044,cash value: 1000,S&P 500 non-retirement value: 1552448.47,tax-exempt bonds value: 5344.1,S&P 500 pre-tax value: 31809.9,S&P 500 after-tax value: 951500.67
2045,cash value: 1000,S&P 500 non-retirement value: 1672418.29,tax-exempt bonds value: 5724.87,S&P 500 pre-tax value: 33703.67,S&P 500 after-tax value: 1069251.04
2046,cash value: 1000,S&P 500 non-retirement value: 1783846.4,tax-exempt bonds value: 6133.34,S&P 500 pre-tax value: 35742.21,S&P 500 after-tax value: 1189230.94
2047,cash value: 1000,S&P 500 non-retirement value: 1875517.08,tax-exempt bonds value: 6593.67,S&P 500 pre-tax value: 37969.51,S&P 500 after-tax value: 1303325.43
2048,cash value: 1000,S&P 500 non-retirement value: 1972285.92,tax-exempt bonds value: 6976.12,S&P 500 pre-tax value: 42007.01,S&P 500 after-tax value: 1428207.05
2049,cash value: 1000,S&P 500 non-retirement value: 2079898.44,tax-exempt bonds value: 7307.55,S&P 500 pre-tax value: 44447.49,S&P 500 after-tax value: 1569046.19
2050,cash value: 1000,S&P 500 non-retirement value: 2173690.68,tax-exempt bonds value: 7762.56,S&P 500 pre-tax value: 45688.11,S&P 500 after-tax value: 1707899.82
2051,cash value: 1000,S&P 500 non-retirement value: 2330207.93,tax-exempt bonds value: 8176.18,S&P 500 pre-tax value: 47973.25,S&P 500 after-tax value: 1906533.76
2052,cash value: 1000,S&P 500 non-retirement value: 2514357.91,tax-exempt bonds value: 8737.74,S&P 500 pre-tax value: 51458.76,S&P 500 after-tax value: 2141860.44
2053,cash value: 1000,S&P 500 non-retirement value: 2673702.42,tax-exempt bonds value: 9398.1,S&P 500 pre-tax value: 53029.24,S&P 500 after-tax value: 2371019.13
2054,cash value: 1000,S&P 500 non-retirement value: 2797635.73,tax-exempt bonds value: 9903.7,S&P 500 pre-tax value: 56946.59,S&P 500 after-tax value: 2582432.98
2055,cash value: 1000,S&P 500 non-retirement value: 2941104.43,tax-exempt bonds value: 10676.13,S&P 500 pre-tax value: 60783.24,S&P 500 after-tax value: 2825767
2056,cash value: 1000,S&P 500 non-retirement value: 3148851.66,tax-exempt bonds value: 10997.15,S&P 500 pre-tax value: 65171.49,S&P 500 after-tax value: 3148851.66
2057,cash value: 1000,S&P 500 non-retirement value: 3309865.34,tax-exempt bonds value: 11926.92,S&P 500 pre-tax value: 67719.87,S&P 500 after-tax value: 3444961.88
2058,cash value: 1000,S&P 500 non-retirement value: 3504161.49,tax-exempt bonds value: 12682.84,S&P 500 pre-tax value: 70751.3,S&P 500 after-tax value: 3796174.95
2059,cash value: 1000,S&P 500 non-retirement value: 3700667.86,tax-exempt bonds value: 13699.05,S&P 500 pre-tax value: 75459.12,S&P 500 after-tax value: 4173093.54
2060,cash value: 1000,S&P 500 non-retirement value: 3825905.94,tax-exempt bonds value: 14808.86,S&P 500 pre-tax value: 75241.58,S&P 500 after-tax value: 4491280.88
2061,cash value: 1000,S&P 500 non-retirement value: 4002954.59,tax-exempt bonds value: 16336.55,S&P 500 pre-tax value: 77738.39,S&P 500 after-tax value: 4892500.06
2062,cash value: 1000,S&P 500 non-retirement value: 4184725.74,tax-exempt bonds value: 17414.51,S&P 500 pre-tax value: 76991.59,S&P 500 after-tax value: 5326014.58
2063,cash value: 1000,S&P 500 non-retirement value: 4363815.89,tax-exempt bonds value: 18535.08,S&P 500 pre-tax value: 77557.6,S&P 500 after-tax value: 5784593.15
2064,cash value: 1000,S&P 500 non-retirement value: 4541852.16,tax-exempt bonds value: 19372.36,S&P 500 pre-tax value: 79095.42,S&P 500 after-tax value: 6272081.55
2065,cash value: 1000,S&P 500 non-retirement value: 4646188.47,tax-exempt bonds value: 20625.75,S&P 500 pre-tax value: 79163.76,S&P 500 after-tax value: 6685978.53
year,investments
2026,cash value: 1000,S&P 500 non-retirement value: 140607.24,tax-exempt bonds value: 2179.57,S&P 500 pre-tax value: 10647.87,S&P 500 after-tax value: 35151.81
2027,cash value: 1000,S&P 500 non-retirement value: 189288.97,tax-exempt bonds value: 2400.86,S&P 500 pre-tax value: 11177.89,S&P 500 after-tax value: 50317.32
2028,cash value: 1000,S&P 500 non-retirement value: 235799.43,tax-exempt bonds value: 2550.87,S&P 500 pre-tax value: 11885.72,S&P 500 after-tax value: 66507.53
2029,cash value: 1000,S&P 500 non-retirement value: 295626.29,tax-exempt bonds value: 2796.47,S&P 500 pre-tax value: 12413.06,S&P 500 after-tax value: 88303.96
2030,cash value: 1000,S&P 500 non-retirement value: 350353.01,tax-exempt bonds value: 2960.58,S&P 500 pre-tax value: 12949.9,S&P 500 after-tax value: 110637.79
2031,cash value: 1000,S&P 500 non-retirement value: 412454.38,tax-exempt bonds value: 3227.27,S&P 500 pre-tax value: 13414.86,S&P 500 after-tax value: 137484.79
2032,cash value: 1000,S&P 500 non-retirement value: 483584.25,tax-exempt bonds value: 3435.43,S&P 500 pre-tax value: 14105.64,S&P 500 after-tax value: 169907.98
2033,cash value: 1000,S&P 500 non-retirement value: 550551.19,tax-exempt bonds value: 3636.26,S&P 500 pre-tax value: 14892.18,S&P 500 after-tax value: 203628.52
2034,cash value: 1000,S&P 500 non-retirement value: 619006.89,tax-exempt bonds value: 3843.49,S&P 500 pre-tax value: 15752.19,S&P 500 after-tax value: 240724.9
2035,cash value: 1000,S&P 500 non-retirement value: 690104.71,tax-exempt bonds value: 4049.7,S&P 500 pre-tax value: 16200.39,S&P 500 after-tax value: 281873.76
2036,cash value: 1000,S&P 500 non-retirement value: 754769.76,tax-exempt bonds value: 4278.86,S&P 500 pre-tax value: 16783.64,S&P 500 after-tax value: 323472.75
2037,cash value: 1000,S&P 500 non-retirement value: 848938.02,tax-exempt bonds value: 4535.21,S&P 500 pre-tax value: 18015.51,S&P 500 after-tax value: 381406.93
2038,cash value: 1000,S&P 500 non-retirement value: 910415.33,tax-exempt bonds value: 4852.55,S&P 500 pre-tax value: 18981.76,S&P 500 after-tax value: 428430.74
2039,cash value: 1000,S&P 500 non-retirement value: 993307.65,tax-exempt bonds value: 4928.15,S&P 500 pre-tax value: 19941.55,S&P 500 after-tax value: 489241.08
2040,cash value: 1000,S&P 500 non-retirement value: 1097182.85,tax-exempt bonds value: 5189.91,S&P 500 pre-tax value: 20621.69,S&P 500 after-tax value: 565215.41
2041,cash value: 1000,S&P 500 non-retirement value: 1180051.12,tax-exempt bonds value: 5613.55,S&P 500 pre-tax value: 22749.29,S&P 500 after-tax value: 635412.14
2042,cash value: 1000,S&P 500 non-retirement value: 1255674.33,tax-exempt bonds value: 6003.98,S&P 500 pre-tax value: 23273.41,S&P 500 after-tax value: 706316.81
2043,cash value: 1000,S&P 500 non-retirement value: 1365507.24,tax-exempt bonds value: 6409.35,S&P 500 pre-tax value: 24861.85,S&P 500 after-tax value: 801964.57
2044,cash value: 1000,S&P 500 non-retirement value: 1496197.92,tax-exempt bonds value: 6629.92,S&P 500 pre-tax value: 26674.04,S&P 500 after-tax value: 917024.53
2045,cash value: 1000,S&P 500 non-retirement value: 1650223.34,tax-exempt bonds value: 7150.38,S&P 500 pre-tax value: 28342.94,S&P 500 after-tax value: 1055060.82
2046,cash value: 1000,S&P 500 non-retirement value: 1768814.85,tax-exempt bonds value: 7664.58,S&P 500 pre-tax value: 29868.05,S&P 500 after-tax value: 1179209.9
2047,cash value: 1000,S&P 500 non-retirement value: 1861082.92,tax-exempt bonds value: 8189.23,S&P 500 pre-tax value: 32307.17,S&P 500 after-tax value: 1293294.91
2048,cash value: 1000,S&P 500 non-retirement value: 1994211.76,tax-exempt bonds value: 8610.56,S&P 500 pre-tax value: 33370.78,S&P 500 after-tax value: 1444084.38
2049,cash value: 1000,S&P 500 non-retirement value: 2156736.61,tax-exempt bonds value: 9104.09,S&P 500 pre-tax value: 36302.59,S&P 500 after-tax value: 1627011.83
2050,cash value: 1000,S&P 500 non-retirement value: 2287603.84,tax-exempt bonds value: 9523.8,S&P 500 pre-tax value: 37402,S&P 500 after-tax value: 1797403.02
2051,cash value: 1000,S&P 500 non-retirement value: 2369667.65,tax-exempt bonds value: 10045.99,S&P 500 pre-tax value: 40136.29,S&P 500 after-tax value: 1938818.98
2052,cash value: 1000,S&P 500 non-retirement value: 2541425.04,tax-exempt bonds value: 10932.76,S&P 500 pre-tax value: 42093.64,S&P 500 after-tax value: 2164917.63
2053,cash value: 1000,S&P 500 non-retirement value: 2686095.09,tax-exempt bonds value: 11647.64,S&P 500 pre-tax value: 43428.24,S&P 500 after-tax value: 2382008.85
2054,cash value: 1000,S&P 500 non-retirement value: 2827235.31,tax-exempt bonds value: 12226.53,S&P 500 pre-tax value: 45881.16,S&P 500 after-tax value: 2609755.67
2055,cash value: 1000,S&P 500 non-retirement value: 2937990.74,tax-exempt bonds value: 12989.24,S&P 500 pre-tax value: 48830.04,S&P 500 after-tax value: 2822775.42
2056,cash value: 1000,S&P 500 non-retirement value: 3062446.41,tax-exempt bonds value: 12793.79,S&P 500 pre-tax value: 48640.89,S&P 500 after-tax value: 3062446.41
2057,cash value: 1000,S&P 500 non-retirement value: 3187222.88,tax-exempt bonds value: 13730.21,S&P 500 pre-tax value: 52074.82,S&P 500 after-tax value: 3317313.61
2058,cash value: 1000,S&P 500 non-retirement value: 3312333.44,tax-exempt bonds value: 14367.57,S&P 500 pre-tax value: 54860.83,S&P 500 after-tax value: 3588361.23
2059,cash value: 1000,S&P 500 non-retirement value: 3464880.59,tax-exempt bonds value: 15671.9,S&P 500 pre-tax value: 57211.89,S&P 500 after-tax value: 3907205.77
2060,cash value: 1000,S&P 500 non-retirement value: 3670870.28,tax-exempt bonds value: 16882.05,S&P 500 pre-tax value: 57688.99,S&P 500 after-tax value: 4309282.5
2061,cash value: 1000,S&P 500 non-retirement value: 3827063.26,tax-exempt bonds value: 17899.88,S&P 500 pre-tax value: 59093.72,S&P 500 after-tax value: 4677521.76
2062,cash value: 1000,S&P 500 non-retirement value: 4092684.87,tax-exempt bonds value: 18545.79,S&P 500 pre-tax value: 60482.29,S&P 500 after-tax value: 5208871.66
2063,cash value: 1000,S&P 500 non-retirement value: 4216868.48,tax-exempt bonds value: 19555.59,S&P 500 pre-tax value: 60210.62,S&P 500 after-tax value: 5589802.41
2064,cash value: 1000,S&P 500 non-retirement value: 4471418.2,tax-exempt bonds value: 20855.64,S&P 500 pre-tax value: 60174.15,S&P 500 after-tax value: 6174815.61
2065,cash value: 1000,S&P 500 non-retirement value: 4668444.85,tax-exempt bonds value: 22171.74,S&P 500 pre-tax value: 62163.85,S&P 500 after-tax value: 6718006
year,investments
2026,cash value: 1000,S&P 500 non-retirement value: 142858.45,tax-exempt bonds value: 2074.64,S&P 500 pre-tax value: 10450.32,S&P 500 after-tax value: 35714.61
2027,cash value: 1000,S&P 500 non-retirement value: 190659.39,tax-exempt bonds value: 2155.8,S&P 500 pre-tax value: 11194.47,S&P 500 after-tax value: 50681.61
2028,cash value: 1000,S&P 500 non-retirement value: 239000.02,tax-exempt bonds value: 2338.45,S&P 500 pre-tax value: 12331.56,S&P 500 after-tax value: 67410.26
2029,cash value: 1000,S&P 500 non-retirement value: 294939.49,tax-exempt bonds value: 2453.43,S&P 500 pre-tax value: 12846.03,S&P 500 after-tax value: 88098.81
2030,cash value: 1000,S&P 500 non-retirement value: 353107.57,tax-exempt bonds value: 2572.3,S&P 500 pre-tax value: 14117.97,S&P 500 after-tax value: 111507.65
2031,cash value: 1000,S&P 500 non-retirement value: 408817.2,tax-exempt bonds value: 2678.73,S&P 500 pre-tax value: 14183.28,S&P 500 after-tax value: 136272.4
2032,cash value: 1000,S&P 500 non-retirement value: 468100.4,tax-exempt bonds value: 2736.39,S&P 500 pre-tax value: 14470.62,S&P 500 after-tax value: 164467.71
2033,cash value: 1000,S&P 500 non-retirement value: 516664.07,tax-exempt bonds value: 3025.29,S&P 500 pre-tax value: 14855.39,S&P 500 after-tax value: 191094.93
2034,cash value: 1000,S&P 500 non-retirement value: 590146.49,tax-exempt bonds value: 3202.44,S&P 500 pre-tax value: 15739.1,S&P 500 after-tax value: 229501.41
2035,cash value: 1000,S&P 500 non-retirement value: 666731.17,tax-exempt bonds value: 3396.97,S&P 500 pre-tax value: 17011.71,S&P 500 after-tax value: 272326.82
2036,cash value: 1000,S&P 500 non-retirement value: 733782.21,tax-exempt bonds value: 3630.45,S&P 500 pre-tax value: 17446.75,S&P 500 after-tax value: 314478.09
2037,cash value: 1000,S&P 500 non-retirement value: 818353.26,tax-exempt bonds value: 3898.43,S&P 500 pre-tax value: 19305.96,S&P 500 after-tax value: 367665.96
2038,cash value: 1000,S&P 500 non-retirement value: 891871.98,tax-exempt bonds value: 3984.03,S&P 500 pre-tax value: 20243.37,S&P 500 after-tax value: 419704.46
2039,cash value: 1000,S&P 500 non-retirement value: 972492.42,tax-exempt bonds value: 4215.7,S&P 500 pre-tax value: 21586.23,S&P 500 after-tax value: 478988.8
2040,cash value: 1000,S&P 500 non-retirement value: 1071883.11,tax-exempt bonds value: 4513.58,S&P 500 pre-tax value: 22717.33,S&P 500 after-tax value: 552182.21
2041,cash value: 1000,S&P 500 non-retirement value: 1185582.87,tax-exempt bonds value: 4847.49,S&P 500 pre-tax value: 24716.44,S&P 500 after-tax value: 638390.77
2042,cash value: 1000,S&P 500 non-retirement value: 1291468.01,tax-exempt bonds value: 5035.23,S&P 500 pre-tax value: 26403.95,S&P 500 after-tax value: 726450.75
2043,cash value: 1000,S&P 500 non-retirement value: 1377766.51,tax-exempt bonds value: 5203.34,S&P 500 pre-tax value: 27748.91,S&P 500 after-tax value: 809164.46
2044,cash value: 1000,S&P 500 non-retirement value: 1477027.13,tax-exempt bonds value: 5587.88,S&P 500 pre-tax value: 29678.57,S&P 500 after-tax value: 905274.69
2045,cash value: 1000,S&P 500 non-retirement value: 1563572.06,tax-exempt bonds value: 5776.61,S&P 500 pre-tax value: 30438.92,S&P 500 after-tax value: 999660.82
2046,cash value: 1000,S&P 500 non-retirement value: 1642649.36,tax-exempt bonds value: 6037.52,S&P 500 pre-tax value: 30684.03,S&P 500 after-tax value: 1095099.58
2047,cash value: 1000,S&P 500 non-retirement value: 1753627.91,tax-exempt bonds value: 6380.68,S&P 500 pre-tax value: 32855.83,S&P 500 after-tax value: 1218622.78
2048,cash value: 1000,S&P 500 non-retirement value: 1862074.94,tax-exempt bonds value: 6966.8,S&P 500 pre-tax value: 35069.18,S&P 500 after-tax value: 1348399.1
2049,cash value: 1000,S&P 500 non-retirement value: 1990890.55,tax-exempt bonds value: 7460.33,S&P 500 pre-tax value: 36410.63,S&P 500 after-tax value: 1501899.89
2050,cash value: 1000,S&P 500 non-retirement value: 2110178.47,tax-exempt bonds value: 7967.33,S&P 500 pre-tax value: 39456.9,S&P 500 after-tax value: 1657997.37
2051,cash value: 1000,S&P 500 non-retirement value: 2249703.28,tax-exempt bonds value: 8303.31,S&P 500 pre-tax value: 41618.68,S&P 500 after-tax value: 1840666.32
2052,cash value: 1000,S&P 500 non-retirement value: 2392745.73,tax-exempt bonds value: 9120.03,S&P 500 pre-tax value: 43741.64,S&P 500 after-tax value: 2038264.88
2053,cash value: 1000,S&P 500 non-retirement value: 2550489.41,tax-exempt bonds value: 9366.11,S&P 500 pre-tax value: 47064.67,S&P 500 after-tax value: 2261754.76
2054,cash value: 1000,S&P 500 non-retirement value: 2747507.32,tax-exempt bonds value: 9948.16,S&P 500 pre-tax value: 48060.2,S&P 500 after-tax value: 2536160.6
2055,cash value: 1000,S&P 500 non-retirement value: 2905466.62,tax-exempt bonds value: 10780.31,S&P 500 pre-tax value: 49934.38,S&P 500 after-tax value: 2791526.75
2056,cash value: 1000,S&P 500 non-retirement value: 3082745.53,tax-exempt bonds value: 10960.86,S&P 500 pre-tax value: 52701.86,S&P 500 after-tax value: 3082745.53
2057,cash value: 1000,S&P 500 non-retirement value: 3245980.82,tax-exempt bonds value: 11513.61,S&P 500 pre-tax value: 55612.09,S&P 500 after-tax value: 3378469.84
2058,cash value: 1000,S&P 500 non-retirement value: 3388846.58,tax-exempt bonds value: 11979.79,S&P 500 pre-tax value: 59878,S&P 500 after-tax value: 3671250.46
2059,cash value: 1000,S&P 500 non-retirement value: 3517121.79,tax-exempt bonds value: 12806.31,S&P 500 pre-tax value: 62565.39,S&P 500 after-tax value: 3966116.06
2060,cash value: 1000,S&P 500 non-retirement value: 3746249.78,tax-exempt bonds value: 13476.41,S&P 500 pre-tax value: 62495.14,S&P 500 after-tax value: 4397771.48
2061,cash value: 1000,S&P 500 non-retirement value: 3960215.08,tax-exempt bonds value: 14620.35,S&P 500 pre-tax value: 62933.77,S&P 500 after-tax value: 4840262.87
2062,cash value: 1000,S&P 500 non-retirement value: 4153131.65,tax-exempt bonds value: 15328.21,S&P 500 pre-tax value: 64623.76,S&P 500 after-tax value: 5285803.92
2063,cash value: 1000,S&P 500 non-retirement value: 4257868.29,tax-exempt bonds value: 15867.38,S&P 500 pre-tax value: 66684.13,S&P 500 after-tax value: 5644150.99
2064,cash value: 1000,S&P 500 non-retirement value: 4441213.65,tax-exempt bonds value: 16335.21,S&P 500 pre-tax value: 67903.9,S&P 500 after-tax value: 6133104.57
2065,cash value: 1000,S&P 500 non-retirement value: 4609317.84,tax-exempt bonds value: 17536.58,S&P 500 pre-tax value: 67505.51,S&P 500 after-tax value: 6632920.8
