year,investments
2026,cash value: 1000,S&P 500 non-retirement value: 141116.16,tax-exempt bonds value: 2057.78,S&P 500 pre-tax value: 10732.99,S&P 500 after-tax value: 35279.04
2027,cash value: 1000,S&P 500 non-retirement value: 193754.68,tax-exempt bonds value: 2205.83,S&P 500 pre-tax value: 10967.1,S&P 500 after-tax value: 51504.41
2028,cash value: 1000,S&P 500 non-retirement value: 243510.77,tax-exempt bonds value: 2321.22,S&P 500 pre-tax value: 11481.24,S&P 500 after-tax value: 68682.53
2029,cash value: 1000,S&P 500 non-retirement value: 304763.71,tax-exempt bonds value: 2435.75,S&P 500 pre-tax value: 12133.94,S&P 500 after-tax value: 91033.32
2030,cash value: 1000,S&P 500 non-retirement value: 357267.02,tax-exempt bonds value: 2504.51,S&P 500 pre-tax value: 13036.04,S&P 500 after-tax value: 112821.16
2031,cash value: 1000,S&P 500 non-retirement value: 410256.33,tax-exempt bonds value: 2711.32,S&P 500 pre-tax value: 13691.69,S&P 500 after-tax value: 136752.11
2032,cash value: 1000,S&P 500 non-retirement value: 482215.92,tax-exempt bonds value: 2911.94,S&P 500 pre-tax value: 14881.79,S&P 500 after-tax value: 169427.21
2033,cash value: 1000,S&P 500 non-retirement value: 534642.07,tax-exempt bonds value: 3100.33,S&P 500 pre-tax value: 16225,S&P 500 after-tax value: 197744.33
2034,cash value: 1000,S&P 500 non-retirement value: 591585.58,tax-exempt bonds value: 3284.65,S&P 500 pre-tax value: 17381.71,S&P 500 after-tax value: 230061.06
2035,cash value: 1000,S&P 500 non-retirement value: 651332.19,tax-exempt bonds value: 3478.52,S&P 500 pre-tax value: 17578.6,S&P 500 after-tax value: 266037.09
2036,cash value: 1000,S&P 500 non-retirement value: 740133.44,tax-exempt bonds value: 3574.04,S&P 500 pre-tax value: 18609.64,S&P 500 after-tax value: 317200.04
2037,cash value: 1000,S&P 500 non-retirement value: 809018.45,tax-exempt bonds value: 3811.36,S&P 500 pre-tax value: 20375.39,S&P 500 after-tax value: 363472.06
2038,cash value: 1000,S&P 500 non-retirement value: 905160.84,tax-exempt bonds value: 3919.01,S&P 500 pre-tax value: 21540.86,S&P 500 after-tax value: 425958.04
2039,cash value: 1000,S&P 500 non-retirement value: 978827.4,tax-exempt bonds value: 4203.69,S&P 500 pre-tax value: 22484.13,S&P 500 after-tax value: 482109.02
2040,cash value: 1000,S&P 500 non-retirement value: 1053091.82,tax-exempt bonds value: 4449.22,S&P 500 pre-tax value: 23492.98,S&P 500 after-tax value: 542501.85
2041,cash value: 1000,S&P 500 non-retirement value: 1167678.01,tax-exempt bonds value: 4717.89,S&P 500 pre-tax value: 23927.02,S&P 500 after-tax value: 628749.7
2042,cash value: 1000,S&P 500 non-retirement value: 1264285.15,tax-exempt bonds value: 4960.48,S&P 500 pre-tax value: 26449.72,S&P 500 after-tax value: 711160.39
2043,cash value: 1000,S&P 500 non-retirement value: 1376324.89,tax-exempt bonds value: 5157.72,S&P 500 pre-tax value: 27554.95,S&P 500 after-tax value: 808317.79
2044,cash value: 1000,S&P 500 non-retirement value: 1478510.36,tax-exempt bonds value: 5464.63,S&P 500 pre-tax value: 29924.66,S&P 500 after-tax value: 906183.77
2045,cash value: 1000,S&P 500 non-retirement value: 1563064.94,tax-exempt bonds value: 5718.51,S&P 500 pre-tax value: 31411.27,S&P 500 after-tax value: 999336.6
2046,cash value: 1000,S&P 500 non-retirement value: 1674955.99,tax-exempt bonds value: 6117.38,S&P 500 pre-tax value: 33878.6,S&P 500 after-tax value: 1116637.33
2047,cash value: 1000,S&P 500 non-retirement value: 1744929.79,tax-exempt bonds value: 6648.47,S&P 500 pre-tax value: 36093.48,S&P 500 after-tax value: 1212578.33
2048,cash value: 1000,S&P 500 non-retirement value: 1853949.76,tax-exempt bonds value: 7175.87,S&P 500 pre-tax value: 39101.05,S&P 500 after-tax value: 1342515.34
2049,cash value: 1000,S&P 500 non-retirement value: 1995059.95,tax-exempt bonds value: 7482.94,S&P 500 pre-tax value: 41406.05,S&P 500 after-tax value: 1505045.23
2050,cash value: 1000,S&P 500 non-retirement value: 2127268.55,tax-exempt bonds value: 7859.5,S&P 500 pre-tax value: 44129.63,S&P 500 after-tax value: 1671425.29
2051,cash value: 1000,S&P 500 non-retirement value: 2249277.58,tax-exempt bonds value: 8249.96,S&P 500 pre-tax value: 46449.2,S&P 500 after-tax value: 1840318.02
2052,cash value: 1000,S&P 500 non-retirement value: 2348755.37,tax-exempt bonds value: 8723.83,S&P 500 pre-tax value: 48138.94,S&P 500 after-tax value: 2000791.61
2053,cash value: 1000,S&P 500 non-retirement value: 2509167.64,tax-exempt bonds value: 9299.95,S&P 500 pre-tax value: 49732.61,S&P 500 after-tax value: 2225110.93
2054,cash value: 1000,S&P 500 non-retirement value: 2673350.8,tax-exempt bonds value: 10085.9,S&P 500 pre-tax value: 53711.91,S&P 500 after-tax value: 2467708.44
2055,cash value: 1000,S&P 500 non-retirement value: 2836859.73,tax-exempt bonds value: 10799.41,S&P 500 pre-tax value: 56913.65,S&P 500 after-tax value: 2725610.33
2056,cash value: 1000,S&P 500 non-retirement value: 3007612.39,tax-exempt bonds value: 11240.15,S&P 500 pre-tax value: 61630.67,S&P 500 after-tax value: 3007612.39
2057,cash value: 1000,S&P 500 non-retirement value: 3137016.48,tax-exempt bonds value: 12233.77,S&P 500 pre-tax value: 64415.73,S&P 500 after-tax value: 3265057.97
2058,cash value: 1000,S&P 500 non-retirement value: 3319745.2,tax-exempt bonds value: 12831.34,S&P 500 pre-tax value: 68411.01,S&P 500 after-tax value: 3596390.63
2059,cash value: 1000,S&P 500 non-retirement value: 3405415.56,tax-exempt bonds value: 13428.31,S&P 500 pre-tax value: 70312.65,S&P 500 after-tax value: 3840149.46
2060,cash value: 1000,S&P 500 non-retirement value: 3606190.15,tax-exempt bonds value: 14129.2,S&P 500 pre-tax value: 76632.83,S&P 500 after-tax value: 4233353.65
2061,cash value: 1000,S&P 500 non-retirement value: 3737658.97,tax-exempt bonds value: 15151.96,S&P 500 pre-tax value: 77557.72,S&P 500 after-tax value: 4568249.86
2062,cash value: 1000,S&P 500 non-retirement value: 3946413.4,tax-exempt bonds value: 16375.46,S&P 500 pre-tax value: 80097.96,S&P 500 after-tax value: 5022707.96
2063,cash value: 1000,S&P 500 non-retirement value: 4092265.65,tax-exempt bonds value: 17489.88,S&P 500 pre-tax value: 81681.55,S&P 500 after-tax value: 5424631.21
2064,cash value: 1000,S&P 500 non-retirement value: 4273122.45,tax-exempt bonds value: 18997.42,S&P 500 pre-tax value: 77361.54,S&P 500 after-tax value: 5900978.62
2065,cash value: 1000,S&P 500 non-retirement value: 4440479.55,tax-exempt bonds value: 20345.31,S&P 500 pre-tax value: 78001.53,S&P 500 after-tax value: 6389958.38
year,investments
2026,cash value: 1000,S&P 500 non-retirement value: 138599.3,tax-exempt bonds value: 2071.68,S&P 500 pre-tax value: 10782.7,S&P 500 after-tax value: 34649.83
2027,cash value: 1000,S&P 500 non-retirement value: 188195.04,tax-exempt bonds value: 2219.73,S&P 500 pre-tax value: 10870.26,S&P 500 after-tax value: 50026.53
2028,cash value: 1000,S&P 500 non-retirement value: 247560.03,tax-exempt bonds value: 2350.01,S&P 500 pre-tax value: 11420.51,S&P 500 after-tax value: 69824.62
2029,cash value: 1000,S&P 500 non-retirement value: 309924.86,tax-exempt bonds value: 2509.52,S&P 500 pre-tax value: 11862.32,S&P 500 after-tax value: 92574.96
2030,cash value: 1000,S&P 500 non-retirement value: 369066.07,tax-exempt bonds value: 2611.53,S&P 500 pre-tax value: 12811.24,S&P 500 after-tax value: 116547.18
2031,cash value: 1000,S&P 500 non-retirement value: 419151.2,tax-exempt bonds value: 2805.03,S&P 500 pre-tax value: 13569.07,S&P 500 after-tax value: 139717.07
2032,cash value: 1000,S&P 500 non-retirement value: 487778.49,tax-exempt bonds value: 2939.63,S&P 500 pre-tax value: 15014.13,S&P 500 after-tax value: 171381.63
2033,cash value: 1000,S&P 500 non-retirement value: 557959.21,tax-exempt bonds value: 3080.03,S&P 500 pre-tax value: 16015.61,S&P 500 after-tax value: 206368.48
2034,cash value: 1000,S&P 500 non-retirement value: 624479.12,tax-exempt bonds value: 3322.28,S&P 500 pre-tax value: 17073.19,S&P 500 after-tax value: 242852.99
2035,cash value: 1000,S&P 500 non-retirement value: 696056.32,tax-exempt bonds value: 3600.04,S&P 500 pre-tax value: 18010.76,S&P 500 after-tax value: 284304.7
2036,cash value: 1000,S&P 500 non-retirement value: 773893.51,tax-exempt bonds value: 3745.11,S&P 500 pre-tax value: 18861.6,S&P 500 after-tax value: 331668.65
2037,cash value: 1000,S&P 500 non-retirement value: 840166.81,tax-exempt bonds value: 3902.1,S&P 500 pre-tax value: 20322.06,S&P 500 after-tax value: 377466.25
2038,cash value: 1000,S&P 500 non-retirement value: 914078.61,tax-exempt bonds value: 4255.81,S&P 500 pre-tax value: 21520.79,S&P 500 after-tax value: 430154.64
2039,cash value: 1000,S&P 500 non-retirement value: 986298.94,tax-exempt bonds value: 4562.2,S&P 500 pre-tax value: 23145.36,S&P 500 after-tax value: 485789.03
2040,cash value: 1000,S&P 500 non-retirement value: 1058776.96,tax-exempt bonds value: 4797.73,S&P 500 pre-tax value: 23768.64,S&P 500 after-tax value: 545430.55
2041,cash value: 1000,S&P 500 non-retirement value: 1134103.26,tax-exempt bonds value: 4839.15,S&P 500 pre-tax value: 25157.4,S&P 500 after-tax value: 610670.98
2042,cash value: 1000,S&P 500 non-retirement value: 1234605.72,tax-exempt bonds value: 5025.56,S&P 500 pre-tax value: 26067.57,S&P 500 after-tax value: 694465.72
2043,cash value: 1000,S&P 500 non-retirement value: 1299638.71,tax-exempt bonds value: 5182.33,S&P 500 pre-tax value: 27740.83,S&P 500 after-tax value: 763279.88
2044,cash value: 1000,S&P 500 non-retirement value: 1399310.73,tax-exempt bonds value: 5464.87,S&P 500 pre-tax value: 30066.72,S&P 500 after-tax value: 857642.06
2045,cash value: 1000,S&P 500 non-retirement value: 1499334.51,tax-exempt bonds value: 5711.29,S&P 500 pre-tax value: 31097.16,S&P 500 after-tax value: 958590.92
2046,cash value: 1000,S&P 500 non-retirement value: 1589560.4,tax-exempt bonds value: 5987.87,S&P 500 pre-tax value: 33369.88,S&P 500 after-tax value: 1059706.93
2047,cash value: 1000,S&P 500 non-retirement value: 1741605.95,tax-exempt bonds value: 6381.49,S&P 500 pre-tax value: 34890.17,S&P 500 after-tax value: 1210268.54
2048,cash value: 1000,S&P 500 non-retirement value: 1833692.6,tax-exempt bonds value: 6826.89,S&P 500 pre-tax value: 35473.05,S&P 500 after-tax value: 1327846.36
2049,cash value: 1000,S&P 500 non-retirement value: 1945600.27,tax-exempt bonds value: 7491.69,S&P 500 pre-tax value: 38713.74,S&P 500 after-tax value: 1467733.53
2050,cash value: 1000,S&P 500 non-retirement value: 2043571.8,tax-exempt bonds value: 7960.88,S&P 500 pre-tax value: 40361.35,S&P 500 after-tax value: 1605663.55
2051,cash value: 1000,S&P 500 non-retirement value: 2227868.25,tax-exempt bonds value: 8346.99,S&P 500 pre-tax value: 43557.01,S&P 500 after-tax value: 1822801.3
2052,cash value: 1000,S&P 500 non-retirement value: 2305270.61,tax-exempt bonds value: 9121.15,S&P 500 pre-tax value: 46510.17,S&P 500 after-tax value: 1963749.04
2053,cash value: 1000,S&P 500 non-retirement value: 2461699.71,tax-exempt bonds value: 9721.34,S&P 500 pre-tax value: 48820.65,S&P 500 after-tax value: 2183016.72
2054,cash value: 1000,S&P 500 non-retirement value: 2617753.26,tax-exempt bonds value: 10104.05,S&P 500 pre-tax value: 50558.01,S&P 500 after-tax value: 2416387.63
2055,cash value: 1000,S&P 500 non-retirement value: 2744457.24,tax-exempt bonds value: 10602.86,S&P 500 pre-tax value: 54548.27,S&P 500 after-tax value: 2636831.46
2056,cash value: 1000,S&P 500 non-retirement value: 2896686.01,tax-exempt bonds value: 10905.97,S&P 500 pre-tax value: 57803.76,S&P 500 after-tax value: 2896686.01
2057,cash value: 1000,S&P 500 non-retirement value: 3018468.9,tax-exempt bonds value: 11768.28,S&P 500 pre-tax value: 61396.06,S&P 500 after-tax value: 3141671.71
2058,cash value: 1000,S&P 500 non-retirement value: 3076414.84,tax-exempt bonds value: 12582.59,S&P 500 pre-tax value: 63816.18,S&P 500 after-tax value: 3332782.74
2059,cash value: 1000,S&P 500 non-retirement value: 3240890.35,tax-exempt bonds value: 13495.62,S&P 500 pre-tax value: 67351.57,S&P 500 after-tax value: 3654621.03
2060,cash value: 1000,S&P 500 non-retirement value: 3364861.31,tax-exempt bonds value: 14542.34,S&P 500 pre-tax value: 67131.19,S&P 500 after-tax value: 3950054.58
2061,cash value: 1000,S&P 500 non-retirement value: 3557636.57,tax-exempt bonds value: 15082.56,S&P 500 pre-tax value: 67777.42,S&P 500 after-tax value: 4348222.47
2062,cash value: 1000,S&P 500 non-retirement value: 3801144.1,tax-exempt bonds value: 16373.62,S&P 500 pre-tax value: 67879.9,S&P 500 after-tax value: 4837819.76
2063,cash value: 1000,S&P 500 non-retirement value: 3905228.46,tax-exempt bonds value: 17414.91,S&P 500 pre-tax value: 68620.05,S&P 500 after-tax value: 5176698.19
2064,cash value: 1000,S&P 500 non-retirement value: 4089929.79,tax-exempt bonds value: 18377.24,S&P 500 pre-tax value: 68478.73,S&P 500 after-tax value: 5647998.28
2065,cash value: 1000,S&P 500 non-retirement value: 4323211.09,tax-exempt bonds value: 19477.12,S&P 500 pre-tax value: 69964.59,S&P 500 after-tax value: 6221206.21
year,investments
2026,cash value: 1000,S&P 500 non-retirement value: 139918.34,tax-exempt bonds value: 2109.92,S&P 500 pre-tax value: 10623.25,S&P 500 after-tax value: 34979.59
2027,cash value: 1000,S&P 500 non-retirement value: 192914.63,tax-exempt bonds value: 2262.92,S&P 500 pre-tax value: 11465.48,S&P 500 after-tax value: 51281.1
2028,cash value: 1000,S&P 500 non-retirement value: 248452.38,tax-exempt bonds value: 2371.61,S&P 500 pre-tax value: 12322.06,S&P 500 after-tax value: 70076.31
2029,cash value: 1000,S&P 500 non-retirement value: 300901.01,tax-exempt bonds value: 2425.95,S&P 500 pre-tax value: 13223.95,S&P 500 after-tax value: 89879.52
2030,cash value: 1000,S&P 500 non-retirement value: 361206.53,tax-exempt bonds value: 2548.35,S&P 500 pre-tax value: 13777.72,S&P 500 after-tax value: 114065.22
2031,cash value: 1000,S&P 500 non-retirement value: 417046.57,tax-exempt bonds value: 2711.26,S&P 500 pre-tax value: 14374.95,S&P 500 after-tax value: 139015.52
2032,cash value: 1000,S&P 500 non-retirement value: 483655.01,tax-exempt bonds value: 2871.33,S&P 500 pre-tax value: 15826.74,S&P 500 after-tax value: 169932.84
2033,cash value: 1000,S&P 500 non-retirement value: 539815.8,tax-exempt bonds value: 3069.96,S&P 500 pre-tax value: 17223.88,S&P 500 after-tax value: 199657.9
2034,cash value: 1000,S&P 500 non-retirement value: 611748,tax-exempt bonds value: 3180.69,S&P 500 pre-tax value: 17423.23,S&P 500 after-tax value: 237902
2035,cash value: 1000,S&P 500 non-retirement value: 667114.49,tax-exempt bonds value: 3340.12,S&P 500 pre-tax value: 18577.54,S&P 500 after-tax value: 272483.38
2036,cash value: 1000,S&P 500 non-retirement value: 760880.71,tax-exempt bonds value: 3534.58,S&P 500 pre-tax value: 19516.64,S&P 500 after-tax value: 326091.73
2037,cash value: 1000,S&P 500 non-retirement value: 832716.71,tax-exempt bonds value: 3787.47,S&P 500 pre-tax value: 20522.63,S&P 500 after-tax value: 374119.1
2038,cash value: 1000,S&P 500 non-retirement value: 938956.36,tax-exempt bonds value: 3980.3,S&P 500 pre-tax value: 21881.54,S&P 500 after-tax value: 441861.82
2039,cash value: 1000,S&P 500 non-retirement value: 1031315.35,tax-exempt bonds value: 4326.5,S&P 500 pre-tax value: 22934.21,S&P 500 after-tax value: 507961.29
2040,cash value: 1000,S&P 500 non-retirement value: 1128788.11,tax-exempt bonds value: 4438.6,S&P 500 pre-tax value: 24034.68,S&P 500 after-tax value: 581496.9
2041,cash value: 1000,S&P 500 non-retirement value: 1225964.9,tax-exempt bonds value: 4860.46,S&P 500 pre-tax value: 25702.04,S&P 500 after-tax value: 660134.94
2042,cash value: 1000,S&P 500 non-retirement value: 1311569.6,tax-exempt bonds value: 5238.63,S&P 500 pre-tax value: 26464.24,S&P 500 after-tax value: 737757.9
2043,cash value: 1000,S&P 500 non-retirement value: 1435382.93,tax-exempt bonds value: 5524.84,S&P 500 pre-tax value: 27533.1,S&P 500 after-tax value: 843002.67
2044,cash value: 1000,S&P 500 non-retirement value: 1550124.53,tax-exempt bonds value: 5729.16,S&P 500 pre-tax value: 29123.56,S&P 500 after-tax value: 950076.33
2045,cash value: 1000,S&P 500 non-retirement value: 1634460.67,tax-exempt bonds value: 6042.83,S&P 500 pre-tax value: 30238.65,S&P 500 after-tax value: 1044983.05
2046,cash value: 1000,S&P 500 non-retirement value: 1735854.84,tax-exempt bonds value: 6465.27,S&P 500 pre-tax value: 31547.2,S&P 500 after-tax value: 1157236.56
2047,cash value: 1000,S&P 500 non-retirement value: 1858231.15,tax-exempt bonds value: 7112.79,S&P 500 pre-tax value: 33678.47,S&P 500 after-tax value: 1291313.17
2048,cash value: 1000,S&P 500 non-retirement value: 2040879.78,tax-exempt bonds value: 7752.04,S&P 500 pre-tax value: 35321.4,S&P 500 after-tax value: 1477878.46
2049,cash value: 1000,S&P 500 non-retirement value: 2157104.03,tax-exempt bonds value: 8243.63,S&P 500 pre-tax value: 36327.95,S&P 500 after-tax value: 1627289
2050,cash value: 1000,S&P 500 non-retirement value: 2232002.08,tax-exempt bonds value: 9133.78,S&P 500 pre-tax value: 39183.75,S&P 500 after-tax value: 1753715.92
2051,cash value: 1000,S&P 500 non-retirement value: 2348786.18,tax-exempt bonds value: 9826.75,S&P 500 pre-tax value: 41674.95,S&P 500 after-tax value: 1921734.15
2052,cash value: 1000,S&P 500 non-retirement value: 2487016.53,tax-exempt bonds value: 10430.5,S&P 500 pre-tax value: 43775.59,S&P 500 after-tax value: 2118569.64
2053,cash value: 1000,S&P 500 non-retirement value: 2620736.52,tax-exempt bonds value: 10937.29,S&P 500 pre-tax value: 45244.9,S&P 500 after-tax value: 2324049.36
2054,cash value: 1000,S&P 500 non-retirement value: 2818316.7,tax-exempt bonds value: 11634.6,S&P 500 pre-tax value: 47312.44,S&P 500 after-tax value: 2601523.11
2055,cash value: 1000,S&P 500 non-retirement value: 3024356.06,tax-exempt bonds value: 12794.66,S&P 500 pre-tax value: 50015.18,S&P 500 after-tax value: 2905753.86
2056,cash value: 1000,S&P 500 non-retirement value: 3204224.18,tax-exempt bonds value: 13714.94,S&P 500 pre-tax value: 51144.65,S&P 500 after-tax value: 3204224.18
2057,cash value: 1000,S&P 500 non-retirement value: 3298952.43,tax-exempt bonds value: 14641.47,S&P 500 pre-tax value: 53769.99,S&P 500 after-tax value: 3433603.55
2058,cash value: 1000,S&P 500 non-retirement value: 3494291.04,tax-exempt bonds value: 15631.74,S&P 500 pre-tax value: 55772.88,S&P 500 after-tax value: 3785481.96
2059,cash value: 1000,S&P 500 non-retirement value: 3583814.54,tax-exempt bonds value: 16308.84,S&P 500 pre-tax value: 58952.2,S&P 500 after-tax value: 4041322.77
2060,cash value: 1000,S&P 500 non-retirement value: 3777546.08,tax-exempt bonds value: 17194.88,S&P 500 pre-tax value: 61715.29,S&P 500 after-tax value: 4434510.61
2061,cash value: 1000,S&P 500 non-retirement value: 4019022.83,tax-exempt bonds value: 18432.16,S&P 500 pre-tax value: 62067.48,S&P 500 after-tax value: 4912139.01
2062,cash value: 1000,S&P 500 non-retirement value: 4137240.87,tax-exempt bonds value: 19528.77,S&P 500 pre-tax value: 62959.12,S&P 500 after-tax value: 5265579.28
2063,cash value: 1000,S&P 500 non-retirement value: 4291928.8,tax-exempt bonds value: 21114.69,S&P 500 pre-tax value: 65447.85,S&P 500 after-tax value: 5689300.97
2064,cash value: 1000,S&P 500 non-retirement value: 4412559.63,tax-exempt bonds value: 22008.55,S&P 500 pre-tax value: 65215,S&P 500 after-tax value: 6093534.72
2065,cash value: 1000,S&P 500 non-retirement value: 4539648.42,tax-exempt bonds value: 22526.33,S&P 500 pre-tax value: 65497.5,S&P 500 after-tax value: 6532664.8
year,investments
2026,cash value: 1000,S&P 500 non-retirement value: 137985.21,tax-exempt bonds value: 2067,S&P 500 pre-tax value: 10830.12,S&P 500 after-tax value: 34496.3
2027,cash value: 1000,S&P 500 non-retirement value: 188818.58,tax-exempt bonds value: 2130.3,S&P 500 pre-tax value: 11132.96,S&P 500 after-tax value: 50192.28
2028,cash value: 1000,S&P 500 non-retirement value: 248373.34,tax-exempt bonds value: 2189.32,S&P 500 pre-tax value: 11750.21,S&P 500 after-tax value: 70054.02
2029,cash value: 1000,S&P 500 non-retirement value: 307972.59,tax-exempt bonds value: 2365.2,S&P 500 pre-tax value: 12098.39,S&P 500 after-tax value: 91991.81
2030,cash value: 1000,S&P 500 non-retirement value: 369191.06,tax-exempt bonds value: 2479.9,S&P 500 pre-tax value: 12600.17,S&P 500 after-tax value: 116586.65
2031,cash value: 1000,S&P 500 non-retirement value: 439431.48,tax-exempt bonds value: 2656.18,S&P 500 pre-tax value: 12930.89,S&P 500 after-tax value: 146477.16
2032,cash value: 1000,S&P 500 non-retirement value: 515512.24,tax-exempt bonds value: 2839.24,S&P 500 pre-tax value: 13821.28,S&P 500 after-tax value: 181125.92
2033,cash value: 1000,S&P 500 non-retirement value: 585874.79,tax-exempt bonds value: 2998.84,S&P 500 pre-tax value: 14463.57,S&P 500 after-tax value: 216693.42
2034,cash value: 1000,S&P 500 non-retirement value: 659180.36,tax-exempt bonds value: 3079.15,S&P 500 pre-tax value: 15434.37,S&P 500 after-tax value: 256347.92
2035,cash value: 1000,S&P 500 non-retirement value: 739285.36,tax-exempt bonds value: 3233.76,S&P 500 pre-tax value: 16381.17,S&P 500 after-tax value: 301961.63
2036,cash value: 1000,S&P 500 non-retirement value: 795536.63,tax-exempt bonds value: 3439.74,S&P 500 pre-tax value: 17572.67,S&P 500 after-tax value: 340944.27
2037,cash value: 1000,S&P 500 non-retirement value: 859560.6,tax-exempt bonds value: 3576.49,S&P 500 pre-tax value: 18318.35,S&P 500 after-tax value: 386179.4
2038,cash value: 1000,S&P 500 non-retirement value: 934263.35,tax-exempt bonds value: 3788.49,S&P 500 pre-tax value: 19611.06,S&P 500 after-tax value: 439653.34
2039,cash value: 1000,S&P 500 non-retirement value: 1008817.02,tax-exempt bonds value: 4143.88,S&P 500 pre-tax value: 20140.6,S&P 500 after-tax value: 496880.02
2040,cash value: 1000,S&P 500 non-retirement value: 1104562.67,tax-exempt bonds value: 4437.88,S&P 500 pre-tax value: 21962.02,S&P 500 after-tax value: 569017.13
2041,cash value: 1000,S&P 500 non-retirement value: 1167622.43,tax-exempt bonds value: 4578.09,S&P 500 pre-tax value: 22568.96,S&P 500 after-tax value: 628719.77
2042,cash value: 1000,S&P 500 non-retirement value: 1279736.38,tax-exempt bonds value: 4837.73,S&P 500 pre-tax value: 23930.57,S&P 500 after-tax value: 719851.71
2043,cash value: 1000,S&P 500 non-retirement value: 1376075.95,tax-exempt bonds value: 5117.7,S&P 500 pre-tax value: 24881.37,S&P 500 after-tax value: 808171.59
2044,cash value: 1000,S&P 500 non-retirement value: 1482145.06,tax-exempt bonds value: 5504.55,S&P 500 pre-tax value: 26455.59,S&P 500 after-tax value: 908411.49
2045,cash value: 1000,S&P 500 non-retirement value: 1582865.62,tax-exempt bonds value: 5720.8,S&P 500 pre-tax value: 28041.17,S&P 500 after-tax value: 1011996.05
2046,cash value: 1000,S&P 500 non-retirement value: 1704322.69,tax-exempt bonds value: 6268.88,S&P 500 pre-tax value: 30803.81,S&P 500 after-tax value: 1136215.13
2047,cash value: 1000,S&P 500 non-retirement value: 1810084.64,tax-exempt bonds value: 6869.28,S&P 500 pre-tax value: 34001.53,S&P 500 after-tax value: 1257855.42
2048,cash value: 1000,S&P 500 non-retirement value: 1967121.65,tax-exempt bonds value: 7016.59,S&P 500 pre-tax value: 35756.81,S&P 500 after-tax value: 1424467.4
2049,cash value: 1000,S&P 500 non-retirement value: 2057823.83,tax-exempt bonds value: 7451.05,S&P 500 pre-tax value: 38121.13,S&P 500 after-tax value: 1552393.42
2050,cash value: 1000,S&P 500 non-retirement value: 2159100.87,tax-exempt bonds value: 8218.66,S&P 500 pre-tax value: 39507.36,S&P 500 after-tax value: 1696436.4
2051,cash value: 1000,S&P 500 non-retirement value: 2298357.8,tax-exempt bonds value: 8620.95,S&P 500 pre-tax value: 40332.36,S&P 500 after-tax value: 1880474.57
2052,cash value: 1000,S&P 500 non-retirement value: 2406313.74,tax-exempt bonds value: 8993.89,S&P 500 pre-tax value: 41707.16,S&P 500 after-tax value: 2049822.82
2053,cash value: 1000,S&P 500 non-retirement value: 2482070.95,tax-exempt bonds value: 9879.45,S&P 500 pre-tax value: 42802.6,S&P 500 after-tax value: 2201081.78
2054,cash value: 1000,S&P 500 non-retirement value: 2647019.93,tax-exempt bonds value: 10696.42,S&P 500 pre-tax value: 45673.72,S&P 500 after-tax value: 2443403.01
2055,cash value: 1000,S&P 500 non-retirement value: 2806101.75,tax-exempt bonds value: 11008.6,S&P 500 pre-tax value: 46376.47,S&P 500 after-tax value: 2696058.55
2056,cash value: 1000,S&P 500 non-retirement value: 2995518.4,tax-exempt bonds value: 12195.19,S&P 500 pre-tax value: 49673.3,S&P 500 after-tax value: 2995518.4
2057,cash value: 1000,S&P 500 non-retirement value: 3144071.56,tax-exempt bonds value: 12661.44,S&P 500 pre-tax value: 51686.84,S&P 500 after-tax value: 3272401.01
2058,cash value: 1000,S&P 500 non-retirement value: 3307567.43,tax-exempt bonds value: 12913.95,S&P 500 pre-tax value: 55734.73,S&P 500 after-tax value: 3583198.05
2059,cash value: 1000,S&P 500 non-retirement value: 3485476.11,tax-exempt bonds value: 14051.9,S&P 500 pre-tax value: 59748,S&P 500 after-tax value: 3930430.5
2060,cash value: 1000,S&P 500 non-retirement value: 3672171.24,tax-exempt bonds value: 14872.08,S&P 500 pre-tax value: 61214.63,S&P 500 after-tax value: 4310809.72
2061,cash value: 1000,S&P 500 non-retirement value: 3768759.89,tax-exempt bonds value: 15877.87,S&P 500 pre-tax value: 60923.83,S&P 500 after-tax value: 4606262.08
2062,cash value: 1000,S&P 500 non-retirement value: 4003807.41,tax-exempt bonds value: 16484.76,S&P 500 pre-tax value: 62721.51,S&P 500 after-tax value: 5095754.88
2063,cash value: 1000,S&P 500 non-retirement value: 4206712.47,tax-exempt bonds value: 17473.79,S&P 500 pre-tax value: 64059.67,S&P 500 after-tax value: 5576339.79
2064,cash value: 1000,S&P 500 non-retirement value: 4367505.68,tax-exempt bonds value: 17982.73,S&P 500 pre-tax value: 62846.83,S&P 500 after-tax value: 6031317.37
2065,cash value: 1000,S&P 500 non-retirement value: 4504150.75,tax-exempt bonds value: 18654.27,S&P 500 pre-tax value: 65648.15,S&P 500 after-tax value: 6481582.79
year,investments
2026,cash value: 1000,S&P 500 non-retirement value: 141716.09,tax-exempt bonds value: 2108.44,S&P 500 pre-tax value: 10748.79,S&P 500 after-tax value: 35429.02
2027,cash value: 1000,S&P 500 non-retirement value: 193868.52,tax-exempt bonds value: 2174.44,S&P 500 pre-tax value: 11413.73,S&P 500 after-tax value: 51534.67
2028,cash value: 1000,S&P 500 non-retirement value: 251206.14,tax-exempt bonds value: 2358.84,S&P 500 pre-tax value: 12196.84,S&P 500 after-tax value: 70853.01
2029,cash value: 1000,S&P 500 non-retirement value: 310015.14,tax-exempt bonds value: 2497.96,S&P 500 pre-tax value: 12876.76,S&P 500 after-tax value: 92601.92
2030,cash value: 1000,S&P 500 non-retirement value: 372814.36,tax-exempt bonds value: 2674.6,S&P 500 pre-tax value: 13720.69,S&P 500 after-tax value: 117730.85
2031,cash value: 1000,S&P 500 non-retirement value: 438586.68,tax-exempt bonds value: 2817.48,S&P 500 pre-tax value: 14356.32,S&P 500 after-tax value: 146195.56
2032,cash value: 1000,S&P 500 non-retirement value: 496181.7,tax-exempt bonds value: 3068.57,S&P 500 pre-tax value: 15452.81,S&P 500 after-tax value: 174334.11
2033,cash value: 1000,S&P 500 non-retirement value: 562637.46,tax-exempt bonds value: 3351.29,S&P 500 pre-tax value: 16242.59,S&P 500 after-tax value: 208098.79
2034,cash value: 1000,S&P 500 non-retirement value: 639221.55,tax-exempt bonds value: 3691.71,S&P 500 pre-tax value: 16840.29,S&P 500 after-tax value: 248586.16
2035,cash value: 1000,S&P 500 non-retirement value: 694748.35,tax-exempt bonds value: 3969.65,S&P 500 pre-tax value: 17949.37,S&P 500 after-tax value: 283770.45
2036,cash value: 1000,S&P 500 non-retirement value: 763619.98,tax-exempt bonds value: 4304.43,S&P 500 pre-tax value: 19067.34,S&P 500 after-tax value: 327265.71
2037,cash value: 1000,S&P 500 non-retirement value: 851726.13,tax-exempt bonds value: 4500.61,S&P 500 pre-tax value: 20032.03,S&P 500 after-tax value: 382659.56
2038,cash value: 1000,S&P 500 non-retirement value: 935888.32,tax-exempt bonds value: 4753.07,S&P 500 pre-tax value: 20843.76,S&P 500 after-tax value: 440418.03
2039,cash value: 1000,S&P 500 non-retirement value: 1007269.91,tax-exempt bonds value: 4942.82,S&P 500 pre-tax value: 21806.51,S&P 500 after-tax value: 496118.02
2040,cash value: 1000,S&P 500 non-retirement value: 1091814.07,tax-exempt bonds value: 5153.34,S&P 500 pre-tax value: 23080.84,S&P 500 after-tax value: 562449.67
2041,cash value: 1000,S&P 500 non-retirement value: 1152677.9,tax-exempt bonds value: 5528.82,S&P 500 pre-tax value: 24081.54,S&P 500 after-tax value: 620672.72
2042,cash value: 1000,S&P 500 non-retirement value: 1264782.73,tax-exempt bonds value: 5853.07,S&P 500 pre-tax value: 24967.68,S&P 500 after-tax value: 711440.29
2043,cash value: 1000,S&P 500 non-retirement value: 1364075.49,tax-exempt bonds value: 6213.79,S&P 500 pre-tax value: 26345.81,S&P 500 after-tax value: 801123.7
2044,cash value: 1000,S&P 500 non-retirement value: 1495211.82,tax-exempt bonds value: 6719.22,S&P 500 pre-tax value: 27556.02,S&P 500 after-tax value: 916420.15
2045,cash value: 1000,S&P 500 non-retirement value: 1621085.29,tax-exempt bonds value: 7476.3,S&P 500 pre-tax value: 29580.83,S&P 500 after-tax value: 1036431.58
2046,cash value: 1000,S&P 500 non-retirement value: 1724306.27,tax-exempt bonds value: 7848.59,S&P 500 pre-tax value: 31911.46,S&P 500 after-tax value: 1149537.51
2047,cash value: 1000,S&P 500 non-retirement value: 1815292.51,tax-exempt bonds value: 8295.27,S&P 500 pre-tax value: 33691.43,S&P 500 after-tax value: 1261474.46
2048,cash value: 1000,S&P 500 non-retirement value: 1974114.82,tax-exempt bonds value: 8752.48,S&P 500 pre-tax value: 35642.58,S&P 500 after-tax value: 1429531.42
2049,cash value: 1000,S&P 500 non-retirement value: 2111386.21,tax-exempt bonds value: 9386.6,S&P 500 pre-tax value: 37884.55,S&P 500 after-tax value: 1592800.12
2050,cash value: 1000,S&P 500 non-retirement value: 2245557.2,tax-exempt bonds value: 9710.73,S&P 500 pre-tax value: 39420.73,S&P 500 after-tax value: 1764366.37
2051,cash value: 1000,S&P 500 non-retirement value: 2383092.74,tax-exempt bonds value: 10400.32,S&P 500 pre-tax value: 41563.23,S&P 500 after-tax value: 1949803.15
2052,cash value: 1000,S&P 500 non-retirement value: 2560871.99,tax-exempt bonds value: 11304.57,S&P 500 pre-tax value: 43414.11,S&P 500 after-tax value: 2181483.55
2053,cash value: 1000,S&P 500 non-retirement value: 2699092.07,tax-exempt bonds value: 12317.29,S&P 500 pre-tax value: 46561.52,S&P 500 after-tax value: 2393534.48
2054,cash value: 1000,S&P 500 non-retirement value: 2921599.26,tax-exempt bonds value: 13313.55,S&P 500 pre-tax value: 47812.82,S&P 500 after-tax value: 2696860.86
2055,cash value: 1000,S&P 500 non-retirement value: 3091275.96,tax-exempt bonds value: 14289.3,S&P 500 pre-tax value: 51304.99,S&P 500 after-tax value: 2970049.45
2056,cash value: 1000,S&P 500 non-retirement value: 3298096.19,tax-exempt bonds value: 15450.31,S&P 500 pre-tax value: 53186.05,S&P 500 after-tax value: 3298096.19
2057,cash value: 1000,S&P 500 non-retirement value: 3465335.97,tax-exempt bonds value: 16078.67,S&P 500 pre-tax value: 56867.3,S&P 500 after-tax value: 3606778.25
2058,cash value: 1000,S&P 500 non-retirement value: 3548442.83,tax-exempt bonds value: 17009.02,S&P 500 pre-tax value: 59030.39,S&P 500 after-tax value: 3844146.4
2059,cash value: 1000,S&P 500 non-retirement value: 3747222.02,tax-exempt bonds value: 17875.83,S&P 500 pre-tax value: 63144.56,S&P 500 after-tax value: 4225590.79
2060,cash value: 1000,S&P 500 non-retirement value: 3931561.99,tax-exempt bonds value: 18732.74,S&P 500 pre-tax value: 64435.29,S&P 500 after-tax value: 4615311.9
2061,cash value: 1000,S&P 500 non-retirement value: 4052476.75,tax-exempt bonds value: 19580.42,S&P 500 pre-tax value: 65038.12,S&P 500 after-tax value: 4953027.14
2062,cash value: 1000,S&P 500 non-retirement value: 4283373.6,tax-exempt bonds value: 21407.43,S&P 500 pre-tax value: 65096.19,S&P 500 after-tax value: 5451566.4
2063,cash value: 1000,S&P 500 non-retirement value: 4492632.15,tax-exempt bonds value: 22405.3,S&P 500 pre-tax value: 66441.55,S&P 500 after-tax value: 5955349.6
2064,cash value: 1000,S&P 500 non-retirement value: 4706927.95,tax-exempt bonds value: 24315.77,S&P 500 pre-tax value: 67421.92,S&P 500 after-tax value: 6500043.36
2065,cash value: 1000,S&P 500 non-retirement value: 4896526.05,tax-exempt bonds value: 25699.41,S&P 500 pre-tax value: 66635.13,S&P 500 after-tax value: 7046220.41
