year,investments
2026,cash value: 1000,S&P 500 non-retirement value: 144909.9,tax-exempt bonds value: 2078.77,S&P 500 pre-tax value: 10477.79,S&P 500 after-tax value: 36227.48
2027,cash value: 1000,S&P 500 non-retirement value: 196131.22,tax-exempt bonds value: 2208.44,S&P 500 pre-tax value: 11372.96,S&P 500 after-tax value: 52136.15
2028,cash value: 1000,S&P 500 non-retirement value: 250096.88,tax-exempt bonds value: 2296.26,S&P 500 pre-tax value: 12280.86,S&P 500 after-tax value: 70540.15
2029,cash value: 1000,S&P 500 non-retirement value: 305571.07,tax-exempt bonds value: 2374.2,S&P 500 pre-tax value: 13209.16,S&P 500 after-tax value: 91274.47
2030,cash value: 1000,S&P 500 non-retirement value: 363568.69,tax-exempt bonds value: 2527.43,S&P 500 pre-tax value: 13825.39,S&P 500 after-tax value: 114811.17
2031,cash value: 1000,S&P 500 non-retirement value: 417383.56,tax-exempt bonds value: 2714.21,S&P 500 pre-tax value: 14576.55,S&P 500 after-tax value: 139127.85
2032,cash value: 1000,S&P 500 non-retirement value: 489601.96,tax-exempt bonds value: 2722.74,S&P 500 pre-tax value: 15415.39,S&P 500 after-tax value: 172022.31
2033,cash value: 1000,S&P 500 non-retirement value: 562189.72,tax-exempt bonds value: 2938.84,S&P 500 pre-tax value: 15578.43,S&P 500 after-tax value: 207933.18
2034,cash value: 1000,S&P 500 non-retirement value: 627566.04,tax-exempt bonds value: 3095.97,S&P 500 pre-tax value: 16546.33,S&P 500 after-tax value: 244053.46
2035,cash value: 1000,S&P 500 non-retirement value: 715934.68,tax-exempt bonds value: 3247.93,S&P 500 pre-tax value: 17812.43,S&P 500 after-tax value: 292424.02
2036,cash value: 1000,S&P 500 non-retirement value: 790914.01,tax-exempt bonds value: 3392.85,S&P 500 pre-tax value: 19123.36,S&P 500 after-tax value: 338963.15
2037,cash value: 1000,S&P 500 non-retirement value: 864843.1,tax-exempt bonds value: 3559.71,S&P 500 pre-tax value: 20763.27,S&P 500 after-tax value: 388552.7
2038,cash value: 1000,S&P 500 non-retirement value: 960114.08,tax-exempt bonds value: 3726.66,S&P 500 pre-tax value: 21679.15,S&P 500 after-tax value: 451818.39
2039,cash value: 1000,S&P 500 non-retirement value: 1022448.17,tax-exempt bonds value: 3924.19,S&P 500 pre-tax value: 22020.45,S&P 500 after-tax value: 503593.88
2040,cash value: 1000,S&P 500 non-retirement value: 1109110.59,tax-exempt bonds value: 4166.36,S&P 500 pre-tax value: 23680.08,S&P 500 after-tax value: 571360
2041,cash value: 1000,S&P 500 non-retirement value: 1201438.41,tax-exempt bonds value: 4513.63,S&P 500 pre-tax value: 25074.04,S&P 500 after-tax value: 646928.37
2042,cash value: 1000,S&P 500 non-retirement value: 1313505.98,tax-exempt bonds value: 4647.04,S&P 500 pre-tax value: 26506.94,S&P 500 after-tax value: 738847.12
2043,cash value: 1000,S&P 500 non-retirement value: 1414238.96,tax-exempt bonds value: 4824.02,S&P 500 pre-tax value: 28028.61,S&P 500 after-tax value: 830584.79
2044,cash value: 1000,S&P 500 non-retirement value: 1506194.23,tax-exempt bonds value: 5091.52,S&P 500 pre-tax value: 28696.96,S&P 500 after-tax value: 923151.3
2045,cash value: 1000,S&P 500 non-retirement value: 1659532.78,tax-exempt bonds value: 5465.28,S&P 500 pre-tax value: 30083.28,S&P 500 after-tax value: 1061012.76
2046,cash value: 1000,S&P 500 non-retirement value: 1814755.72,tax-exempt bonds value: 5637.2,S&P 500 pre-tax value: 32155.87,S&P 500 after-tax value: 1209837.15
2047,cash value: 1000,S&P 500 non-retirement value: 1906265.16,tax-exempt bonds value: 5737.84,S&P 500 pre-tax value: 33679.48,S&P 500 after-tax value: 1324692.74
2048,cash value: 1000,S&P 500 non-retirement value: 2060901.88,tax-exempt bonds value: 5975.36,S&P 500 pre-tax value: 35871.48,S&P 500 after-tax value: 1492377.23
2049,cash value: 1000,S&P 500 non-retirement value: 2202015.41,tax-exempt bonds value: 6401.49,S&P 500 pre-tax value: 38050.27,S&P 500 after-tax value: 1661169.52
2050,cash value: 1000,S&P 500 non-retirement value: 2281404.95,tax-exempt bonds value: 6673.82,S&P 500 pre-tax value: 40121.25,S&P 500 after-tax value: 1792532.46
2051,cash value: 1000,S&P 500 non-retirement value: 2452807.84,tax-exempt bonds value: 7108.55,S&P 500 pre-tax value: 41788.76,S&P 500 after-tax value: 2006842.78
2052,cash value: 1000,S&P 500 non-retirement value: 2579565.59,tax-exempt bonds value: 7518.71,S&P 500 pre-tax value: 45067.48,S&P 500 after-tax value: 2197407.72
2053,cash value: 1000,S&P 500 non-retirement value: 2721547.37,tax-exempt bonds value: 7871,S&P 500 pre-tax value: 48456.99,S&P 500 after-tax value: 2413447.66
2054,cash value: 1000,S&P 500 non-retirement value: 2875716.98,tax-exempt bonds value: 8541.57,S&P 500 pre-tax value: 51288.52,S&P 500 after-tax value: 2654507.98
2055,cash value: 1000,S&P 500 non-retirement value: 2988262.66,tax-exempt bonds value: 8937.71,S&P 500 pre-tax value: 55295.47,S&P 500 after-tax value: 2871075.89
2056,cash value: 1000,S&P 500 non-retirement value: 3174187.27,tax-exempt bonds value: 9261.68,S&P 500 pre-tax value: 58146.26,S&P 500 after-tax value: 3174187.27
2057,cash value: 1000,S&P 500 non-retirement value: 3334958.04,tax-exempt bonds value: 9749.84,S&P 500 pre-tax value: 61087.44,S&P 500 after-tax value: 3471078.78
2058,cash value: 1000,S&P 500 non-retirement value: 3558315.41,tax-exempt bonds value: 10237.06,S&P 500 pre-tax value: 63737.98,S&P 500 after-tax value: 3854841.7
2059,cash value: 1000,S&P 500 non-retirement value: 3847607.9,tax-exempt bonds value: 10900.05,S&P 500 pre-tax value: 68999.48,S&P 500 after-tax value: 4338791.88
2060,cash value: 1000,S&P 500 non-retirement value: 4063055.98,tax-exempt bonds value: 11442.77,S&P 500 pre-tax value: 70737.96,S&P 500 after-tax value: 4769674.42
2061,cash value: 1000,S&P 500 non-retirement value: 4280088.04,tax-exempt bonds value: 12255.94,S&P 500 pre-tax value: 72263.98,S&P 500 after-tax value: 5231218.71
2062,cash value: 1000,S&P 500 non-retirement value: 4590996.65,tax-exempt bonds value: 12729.5,S&P 500 pre-tax value: 71591.09,S&P 500 after-tax value: 5843086.64
2063,cash value: 1000,S&P 500 non-retirement value: 4727345.46,tax-exempt bonds value: 13492,S&P 500 pre-tax value: 74667.68,S&P 500 after-tax value: 6266481.2
2064,cash value: 1000,S&P 500 non-retirement value: 4802606.53,tax-exempt bonds value: 14643.13,S&P 500 pre-tax value: 74428.68,S&P 500 after-tax value: 6632170.92
2065,cash value: 1000,S&P 500 non-retirement value: 5089206.32,tax-exempt bonds value: 15286.62,S&P 500 pre-tax value: 75314.67,S&P 500 after-tax value: 7323492.02
year,investments
2026,cash value: 1000,S&P 500 non-retirement value: 140279.37,tax-exempt bonds value: 2110.95,S&P 500 pre-tax value: 10714.91,S&P 500 after-tax value: 35069.84
2027,cash value: 1000,S&P 500 non-retirement value: 191202.04,tax-exempt bonds value: 2288.18,S&P 500 pre-tax value: 11364.46,S&P 500 after-tax value: 50825.86
2028,cash value: 1000,S&P 500 non-retirement value: 243789.97,tax-exempt bonds value: 2430.25,S&P 500 pre-tax value: 12016.32,S&P 500 after-tax value: 68761.27
2029,cash value: 1000,S&P 500 non-retirement value: 297084.36,tax-exempt bonds value: 2520.68,S&P 500 pre-tax value: 12786.2,S&P 500 after-tax value: 88739.48
2030,cash value: 1000,S&P 500 non-retirement value: 355841.62,tax-exempt bonds value: 2726,S&P 500 pre-tax value: 13821.68,S&P 500 after-tax value: 112371.04
2031,cash value: 1000,S&P 500 non-retirement value: 419263.16,tax-exempt bonds value: 2847.05,S&P 500 pre-tax value: 14075.98,S&P 500 after-tax value: 139754.39
2032,cash value: 1000,S&P 500 non-retirement value: 481607.35,tax-exempt bonds value: 3042.94,S&P 500 pre-tax value: 14779.48,S&P 500 after-tax value: 169213.39
2033,cash value: 1000,S&P 500 non-retirement value: 543254.89,tax-exempt bonds value: 3307.48,S&P 500 pre-tax value: 15565.04,S&P 500 after-tax value: 200929.89
2034,cash value: 1000,S&P 500 non-retirement value: 617536.66,tax-exempt bonds value: 3549.86,S&P 500 pre-tax value: 16285.92,S&P 500 after-tax value: 240153.14
2035,cash value: 1000,S&P 500 non-retirement value: 688055.6,tax-exempt bonds value: 3576.75,S&P 500 pre-tax value: 16833.44,S&P 500 after-tax value: 281036.79
2036,cash value: 1000,S&P 500 non-retirement value: 754913.76,tax-exempt bonds value: 3748.18,S&P 500 pre-tax value: 17440.56,S&P 500 after-tax value: 323534.47
2037,cash value: 1000,S&P 500 non-retirement value: 806510.91,tax-exempt bonds value: 4002.49,S&P 500 pre-tax value: 18256.22,S&P 500 after-tax value: 362345.48
2038,cash value: 1000,S&P 500 non-retirement value: 858571.7,tax-exempt bonds value: 4258.31,S&P 500 pre-tax value: 19252.45,S&P 500 after-tax value: 404033.74
2039,cash value: 1000,S&P 500 non-retirement value: 945422.92,tax-exempt bonds value: 4611.59,S&P 500 pre-tax value: 21146.17,S&P 500 after-tax value: 465656.07
2040,cash value: 1000,S&P 500 non-retirement value: 1029036.26,tax-exempt bonds value: 4915.42,S&P 500 pre-tax value: 22289.73,S&P 500 after-tax value: 530109.59
2041,cash value: 1000,S&P 500 non-retirement value: 1131987.25,tax-exempt bonds value: 5240.31,S&P 500 pre-tax value: 23677.55,S&P 500 after-tax value: 609531.6
2042,cash value: 1000,S&P 500 non-retirement value: 1217513.82,tax-exempt bonds value: 5480.19,S&P 500 pre-tax value: 25957.65,S&P 500 after-tax value: 684851.52
2043,cash value: 1000,S&P 500 non-retirement value: 1317627.92,tax-exempt bonds value: 5737.82,S&P 500 pre-tax value: 28330.8,S&P 500 after-tax value: 773844.97
2044,cash value: 1000,S&P 500 non-retirement value: 1396046.59,tax-exempt bonds value: 5916.8,S&P 500 pre-tax value: 29385.22,S&P 500 after-tax value: 855641.46
2045,cash value: 1000,S&P 500 non-retirement value: 1492116.45,tax-exempt bonds value: 6594.53,S&P 500 pre-tax value: 32119.91,S&P 500 after-tax value: 953976.09
2046,cash value: 1000,S&P 500 non-retirement value: 1601312,tax-exempt bonds value: 7019.72,S&P 500 pre-tax value: 34021.46,S&P 500 after-tax value: 1067541.33
2047,cash value: 1000,S&P 500 non-retirement value: 1738194.43,tax-exempt bonds value: 7428.5,S&P 500 pre-tax value: 35893.8,S&P 500 after-tax value: 1207897.82
2048,cash value: 1000,S&P 500 non-retirement value: 1815291.91,tax-exempt bonds value: 8033.12,S&P 500 pre-tax value: 37346.34,S&P 500 after-tax value: 1314521.73
2049,cash value: 1000,S&P 500 non-retirement value: 1962305.79,tax-exempt bonds value: 8869.83,S&P 500 pre-tax value: 39482.35,S&P 500 after-tax value: 1480335.95
2050,cash value: 1000,S&P 500 non-retirement value: 2115391.87,tax-exempt bonds value: 9664.86,S&P 500 pre-tax value: 42286.42,S&P 500 after-tax value: 1662093.62
2051,cash value: 1000,S&P 500 non-retirement value: 2258903.19,tax-exempt bonds value: 10331.41,S&P 500 pre-tax value: 45269.15,S&P 500 after-tax value: 1848193.52
2052,cash value: 1000,S&P 500 non-retirement value: 2366029.28,tax-exempt bonds value: 10739.07,S&P 500 pre-tax value: 49234.97,S&P 500 after-tax value: 2015506.42
2053,cash value: 1000,S&P 500 non-retirement value: 2523770.02,tax-exempt bonds value: 11223.76,S&P 500 pre-tax value: 53385.1,S&P 500 after-tax value: 2238060.2
2054,cash value: 1000,S&P 500 non-retirement value: 2687699.62,tax-exempt bonds value: 11965.07,S&P 500 pre-tax value: 58084.32,S&P 500 after-tax value: 2480953.5
2055,cash value: 1000,S&P 500 non-retirement value: 2850879.59,tax-exempt bonds value: 12395.62,S&P 500 pre-tax value: 59962.96,S&P 500 after-tax value: 2739080.39
2056,cash value: 1000,S&P 500 non-retirement value: 3011657.59,tax-exempt bonds value: 13350.43,S&P 500 pre-tax value: 63382.05,S&P 500 after-tax value: 3011657.59
2057,cash value: 1000,S&P 500 non-retirement value: 3104567.58,tax-exempt bonds value: 14438.02,S&P 500 pre-tax value: 66751.72,S&P 500 after-tax value: 3231284.62
2058,cash value: 1000,S&P 500 non-retirement value: 3227374.99,tax-exempt bonds value: 15458.13,S&P 500 pre-tax value: 69371.76,S&P 500 after-tax value: 3496322.9
2059,cash value: 1000,S&P 500 non-retirement value: 3401471.16,tax-exempt bonds value: 15547.92,S&P 500 pre-tax value: 73731.1,S&P 500 after-tax value: 3835701.52
2060,cash value: 1000,S&P 500 non-retirement value: 3614989.65,tax-exempt bonds value: 16645.89,S&P 500 pre-tax value: 75557.85,S&P 500 after-tax value: 4243683.51
2061,cash value: 1000,S&P 500 non-retirement value: 3830090.56,tax-exempt bonds value: 17606.78,S&P 500 pre-tax value: 76328.16,S&P 500 after-tax value: 4681221.79
2062,cash value: 1000,S&P 500 non-retirement value: 4104167.76,tax-exempt bonds value: 18647.34,S&P 500 pre-tax value: 77103.91,S&P 500 after-tax value: 5223486.23
2063,cash value: 1000,S&P 500 non-retirement value: 4236235.6,tax-exempt bonds value: 19966.65,S&P 500 pre-tax value: 81025.95,S&P 500 after-tax value: 5615475.1
2064,cash value: 1000,S&P 500 non-retirement value: 4427817.13,tax-exempt bonds value: 21444.37,S&P 500 pre-tax value: 83746.53,S&P 500 after-tax value: 6114604.6
2065,cash value: 1000,S&P 500 non-retirement value: 4558949.71,tax-exempt bonds value: 22297.61,S&P 500 pre-tax value: 82452.12,S&P 500 after-tax value: 6560439.83
year,investments
2026,cash value: 1000,S&P 500 non-retirement value: 140149.71,tax-exempt bonds value: 2067.76,S&P 500 pre-tax value: 10569.84,S&P 500 after-tax value: 35037.43
2027,cash value: 1000,S&P 500 non-retirement value: 189581.33,tax-exempt bonds value: 2182.82,S&P 500 pre-tax value: 11003.84,S&P 500 after-tax value: 50395.04
2028,cash value: 1000,S&P 500 non-retirement value: 244532.8,tax-exempt bonds value: 2306.37,S&P 500 pre-tax value: 11979.04,S&P 500 after-tax value: 68970.79
2029,cash value: 1000,S&P 500 non-retirement value: 304303.14,tax-exempt bonds value: 2464.74,S&P 500 pre-tax value: 12699.09,S&P 500 after-tax value: 90895.74
2030,cash value: 1000,S&P 500 non-retirement value: 359584.74,tax-exempt bonds value: 2547.67,S&P 500 pre-tax value: 13042.1,S&P 500 after-tax value: 113553.08
2031,cash value: 1000,S&P 500 non-retirement value: 428612.5,tax-exempt bonds value: 2710.66,S&P 500 pre-tax value: 13895.57,S&P 500 after-tax value: 142870.83
2032,cash value: 1000,S&P 500 non-retirement value: 486267.11,tax-exempt bonds value: 2882.28,S&P 500 pre-tax value: 15245.01,S&P 500 after-tax value: 170850.61
2033,cash value: 1000,S&P 500 non-retirement value: 569151.82,tax-exempt bonds value: 3020.6,S&P 500 pre-tax value: 15895.66,S&P 500 after-tax value: 210508.21
2034,cash value: 1000,S&P 500 non-retirement value: 645887.23,tax-exempt bonds value: 3142.67,S&P 500 pre-tax value: 16589.44,S&P 500 after-tax value: 251178.37
2035,cash value: 1000,S&P 500 non-retirement value: 710757.49,tax-exempt bonds value: 3359.77,S&P 500 pre-tax value: 17346.77,S&P 500 after-tax value: 290309.4
2036,cash value: 1000,S&P 500 non-retirement value: 792923.38,tax-exempt bonds value: 3529.1,S&P 500 pre-tax value: 18465.02,S&P 500 after-tax value: 339824.31
2037,cash value: 1000,S&P 500 non-retirement value: 869690.78,tax-exempt bonds value: 3692.47,S&P 500 pre-tax value: 19630.85,S&P 500 after-tax value: 390730.64
2038,cash value: 1000,S&P 500 non-retirement value: 954306.64,tax-exempt bonds value: 3960.47,S&P 500 pre-tax value: 20723.07,S&P 500 after-tax value: 449085.48
2039,cash value: 1000,S&P 500 non-retirement value: 1047530.68,tax-exempt bonds value: 4118.11,S&P 500 pre-tax value: 22327.71,S&P 500 after-tax value: 515947.95
2040,cash value: 1000,S&P 500 non-retirement value: 1139850.51,tax-exempt bonds value: 4361.87,S&P 500 pre-tax value: 23329.98,S&P 500 after-tax value: 587195.72
2041,cash value: 1000,S&P 500 non-retirement value: 1286433.31,tax-exempt bonds value: 4556.68,S&P 500 pre-tax value: 24186.24,S&P 500 after-tax value: 692694.86
2042,cash value: 1000,S&P 500 non-retirement value: 1364744.64,tax-exempt bonds value: 4839.13,S&P 500 pre-tax value: 25028.75,S&P 500 after-tax value: 767668.86
2043,cash value: 1000,S&P 500 non-retirement value: 1447030.52,tax-exempt bonds value: 4927.86,S&P 500 pre-tax value: 27221.74,S&P 500 after-tax value: 849843.32
2044,cash value: 1000,S&P 500 non-retirement value: 1522176.05,tax-exempt bonds value: 5151.98,S&P 500 pre-tax value: 28035.42,S&P 500 after-tax value: 932946.61
2045,cash value: 1000,S&P 500 non-retirement value: 1595762.9,tax-exempt bonds value: 5426.83,S&P 500 pre-tax value: 28148.72,S&P 500 after-tax value: 1020241.85
2046,cash value: 1000,S&P 500 non-retirement value: 1718315.74,tax-exempt bonds value: 5638.96,S&P 500 pre-tax value: 30667.42,S&P 500 after-tax value: 1145543.83
2047,cash value: 1000,S&P 500 non-retirement value: 1811996.59,tax-exempt bonds value: 5860.39,S&P 500 pre-tax value: 33811.64,S&P 500 after-tax value: 1259184.07
2048,cash value: 1000,S&P 500 non-retirement value: 1899483.84,tax-exempt bonds value: 6153.97,S&P 500 pre-tax value: 36657.78,S&P 500 after-tax value: 1375488.3
2049,cash value: 1000,S&P 500 non-retirement value: 1994813.94,tax-exempt bonds value: 6589.17,S&P 500 pre-tax value: 38599.25,S&P 500 after-tax value: 1504859.64
2050,cash value: 1000,S&P 500 non-retirement value: 2109774.31,tax-exempt bonds value: 7099.36,S&P 500 pre-tax value: 40184.12,S&P 500 after-tax value: 1657679.82
2051,cash value: 1000,S&P 500 non-retirement value: 2171383.48,tax-exempt bonds value: 7455.4,S&P 500 pre-tax value: 42349.37,S&P 500 after-tax value: 1776586.48
2052,cash value: 1000,S&P 500 non-retirement value: 2264724.66,tax-exempt bonds value: 7839.75,S&P 500 pre-tax value: 46509.77,S&P 500 after-tax value: 1929209.9
2053,cash value: 1000,S&P 500 non-retirement value: 2379297.43,tax-exempt bonds value: 8506.15,S&P 500 pre-tax value: 49390.74,S&P 500 after-tax value: 2109943.01
2054,cash value: 1000,S&P 500 non-retirement value: 2463981.37,tax-exempt bonds value: 8857.04,S&P 500 pre-tax value: 51515.97,S&P 500 after-tax value: 2274444.34
2055,cash value: 1000,S&P 500 non-retirement value: 2676925.04,tax-exempt bonds value: 9711.85,S&P 500 pre-tax value: 53290.38,S&P 500 after-tax value: 2571947.59
2056,cash value: 1000,S&P 500 non-retirement value: 2885322.32,tax-exempt bonds value: 10492.21,S&P 500 pre-tax value: 56869.15,S&P 500 after-tax value: 2885322.32
2057,cash value: 1000,S&P 500 non-retirement value: 2980209.42,tax-exempt bonds value: 11009.84,S&P 500 pre-tax value: 58275.83,S&P 500 after-tax value: 3101850.62
2058,cash value: 1000,S&P 500 non-retirement value: 3143247.54,tax-exempt bonds value: 11663.21,S&P 500 pre-tax value: 63436.64,S&P 500 after-tax value: 3405184.84
2059,cash value: 1000,S&P 500 non-retirement value: 3316563.16,tax-exempt bonds value: 12611.08,S&P 500 pre-tax value: 68243.19,S&P 500 after-tax value: 3739954.2
2060,cash value: 1000,S&P 500 non-retirement value: 3373402.65,tax-exempt bonds value: 13539,S&P 500 pre-tax value: 70803.97,S&P 500 after-tax value: 3960081.37
2061,cash value: 1000,S&P 500 non-retirement value: 3533312.77,tax-exempt bonds value: 14161.3,S&P 500 pre-tax value: 69350.36,S&P 500 after-tax value: 4318493.39
2062,cash value: 1000,S&P 500 non-retirement value: 3696933.96,tax-exempt bonds value: 15327.79,S&P 500 pre-tax value: 71303.47,S&P 500 after-tax value: 4705188.68
2063,cash value: 1000,S&P 500 non-retirement value: 3997741.33,tax-exempt bonds value: 16160.25,S&P 500 pre-tax value: 70865.18,S&P 500 after-tax value: 5299331.53
2064,cash value: 1000,S&P 500 non-retirement value: 4221621.94,tax-exempt bonds value: 17626.55,S&P 500 pre-tax value: 69881.27,S&P 500 after-tax value: 5829858.87
2065,cash value: 1000,S&P 500 non-retirement value: 4479964.67,tax-exempt bonds value: 18707.83,S&P 500 pre-tax value: 70464.71,S&P 500 after-tax value: 6446778.42
year,investments
2026,cash value: 1000,S&P 500 non-retirement value: 143064.46,tax-exempt bonds value: 2149.36,S&P 500 pre-tax value: 10584.88,S&P 500 after-tax value: 35766.12
2027,cash value: 1000,S&P 500 non-retirement value: 192669.11,tax-exempt bonds value: 2199.63,S&P 500 pre-tax value: 11527.35,S&P 500 after-tax value: 51215.84
2028,cash value: 1000,S&P 500 non-retirement value: 244953.5,tax-exempt bonds value: 2384.72,S&P 500 pre-tax value: 12713.7,S&P 500 after-tax value: 69089.45
2029,cash value: 1000,S&P 500 non-retirement value: 303623.62,tax-exempt bonds value: 2509.35,S&P 500 pre-tax value: 13701.11,S&P 500 after-tax value: 90692.77
2030,cash value: 1000,S&P 500 non-retirement value: 361927.93,tax-exempt bonds value: 2630.51,S&P 500 pre-tax value: 14790.69,S&P 500 after-tax value: 114293.03
2031,cash value: 1000,S&P 500 non-retirement value: 419517.47,tax-exempt bonds value: 2880.94,S&P 500 pre-tax value: 15750.74,S&P 500 after-tax value: 139839.16
2032,cash value: 1000,S&P 500 non-retirement value: 495991.14,tax-exempt bonds value: 3141.41,S&P 500 pre-tax value: 16695.29,S&P 500 after-tax value: 174267.16
2033,cash value: 1000,S&P 500 non-retirement value: 559630.54,tax-exempt bonds value: 3363,S&P 500 pre-tax value: 17751.8,S&P 500 after-tax value: 206986.64
2034,cash value: 1000,S&P 500 non-retirement value: 620453.77,tax-exempt bonds value: 3515.4,S&P 500 pre-tax value: 19029.01,S&P 500 after-tax value: 241287.58
2035,cash value: 1000,S&P 500 non-retirement value: 715723.25,tax-exempt bonds value: 3761.37,S&P 500 pre-tax value: 20033.05,S&P 500 after-tax value: 292337.67
2036,cash value: 1000,S&P 500 non-retirement value: 782030.73,tax-exempt bonds value: 4036.65,S&P 500 pre-tax value: 20792.53,S&P 500 after-tax value: 335156.03
2037,cash value: 1000,S&P 500 non-retirement value: 867619.28,tax-exempt bonds value: 4408.76,S&P 500 pre-tax value: 21147.48,S&P 500 after-tax value: 389799.97
2038,cash value: 1000,S&P 500 non-retirement value: 940315.44,tax-exempt bonds value: 4814.57,S&P 500 pre-tax value: 22507.12,S&P 500 after-tax value: 442501.39
2039,cash value: 1000,S&P 500 non-retirement value: 1039805.7,tax-exempt bonds value: 5110.23,S&P 500 pre-tax value: 23220.6,S&P 500 after-tax value: 512143.11
2040,cash value: 1000,S&P 500 non-retirement value: 1130174.13,tax-exempt bonds value: 5417.77,S&P 500 pre-tax value: 24530.72,S&P 500 after-tax value: 582210.91
2041,cash value: 1000,S&P 500 non-retirement value: 1231457.46,tax-exempt bonds value: 5724.97,S&P 500 pre-tax value: 25864.58,S&P 500 after-tax value: 663092.48
2042,cash value: 1000,S&P 500 non-retirement value: 1330557.36,tax-exempt bonds value: 6061.77,S&P 500 pre-tax value: 27877.13,S&P 500 after-tax value: 748438.51
2043,cash value: 1000,S&P 500 non-retirement value: 1446909.32,tax-exempt bonds value: 6309.08,S&P 500 pre-tax value: 28317.58,S&P 500 after-tax value: 849772.14
2044,cash value: 1000,S&P 500 non-retirement value: 1577034.01,tax-exempt bonds value: 6605.4,S&P 500 pre-tax value: 30593.13,S&P 500 after-tax value: 966569.23
2045,cash value: 1000,S&P 500 non-retirement value: 1701110.4,tax-exempt bonds value: 6848.8,S&P 500 pre-tax value: 31952.05,S&P 500 after-tax value: 1087595.17
2046,cash value: 1000,S&P 500 non-retirement value: 1803383.79,tax-exempt bonds value: 7148.83,S&P 500 pre-tax value: 33399.25,S&P 500 after-tax value: 1202255.86
2047,cash value: 1000,S&P 500 non-retirement value: 1962681.45,tax-exempt bonds value: 7639.88,S&P 500 pre-tax value: 35959.6,S&P 500 after-tax value: 1363897.28
2048,cash value: 1000,S&P 500 non-retirement value: 2029442.57,tax-exempt bonds value: 7848.88,S&P 500 pre-tax value: 38294.83,S&P 500 after-tax value: 1469596.34
2049,cash value: 1000,S&P 500 non-retirement value: 2171909.4,tax-exempt bonds value: 8408.31,S&P 500 pre-tax value: 40398.18,S&P 500 after-tax value: 1638457.96
2050,cash value: 1000,S&P 500 non-retirement value: 2310167.88,tax-exempt bonds value: 8885.79,S&P 500 pre-tax value: 41536.88,S&P 500 after-tax value: 1815131.9
2051,cash value: 1000,S&P 500 non-retirement value: 2400025.87,tax-exempt bonds value: 9604.8,S&P 500 pre-tax value: 45245.74,S&P 500 after-tax value: 1963657.53
2052,cash value: 1000,S&P 500 non-retirement value: 2501959.44,tax-exempt bonds value: 10558.02,S&P 500 pre-tax value: 50124.4,S&P 500 after-tax value: 2131298.78
2053,cash value: 1000,S&P 500 non-retirement value: 2569065.65,tax-exempt bonds value: 11412.09,S&P 500 pre-tax value: 53397.88,S&P 500 after-tax value: 2278228.03
2054,cash value: 1000,S&P 500 non-retirement value: 2724318.72,tax-exempt bonds value: 12313.8,S&P 500 pre-tax value: 56341.51,S&P 500 after-tax value: 2514755.75
2055,cash value: 1000,S&P 500 non-retirement value: 2890747.48,tax-exempt bonds value: 12942.05,S&P 500 pre-tax value: 60176.13,S&P 500 after-tax value: 2777384.83
2056,cash value: 1000,S&P 500 non-retirement value: 3102363.79,tax-exempt bonds value: 13927.21,S&P 500 pre-tax value: 60086.99,S&P 500 after-tax value: 3102363.79
2057,cash value: 1000,S&P 500 non-retirement value: 3309474.25,tax-exempt bonds value: 15331.31,S&P 500 pre-tax value: 61541.14,S&P 500 after-tax value: 3444554.83
2058,cash value: 1000,S&P 500 non-retirement value: 3436486.38,tax-exempt bonds value: 16504.51,S&P 500 pre-tax value: 65176.96,S&P 500 after-tax value: 3722860.24
2059,cash value: 1000,S&P 500 non-retirement value: 3493288.25,tax-exempt bonds value: 17431.95,S&P 500 pre-tax value: 68647.56,S&P 500 after-tax value: 3939239.94
2060,cash value: 1000,S&P 500 non-retirement value: 3713889.25,tax-exempt bonds value: 18688.66,S&P 500 pre-tax value: 70303.24,S&P 500 after-tax value: 4359783.04
2061,cash value: 1000,S&P 500 non-retirement value: 3791893.73,tax-exempt bonds value: 19773.39,S&P 500 pre-tax value: 72554.68,S&P 500 after-tax value: 4634536.78
2062,cash value: 1000,S&P 500 non-retirement value: 3968646.26,tax-exempt bonds value: 21246.35,S&P 500 pre-tax value: 74315.8,S&P 500 after-tax value: 5051004.32
2063,cash value: 1000,S&P 500 non-retirement value: 4157558.79,tax-exempt bonds value: 22984.89,S&P 500 pre-tax value: 76408.97,S&P 500 after-tax value: 5511182.58
2064,cash value: 1000,S&P 500 non-retirement value: 4301240.83,tax-exempt bonds value: 24140.48,S&P 500 pre-tax value: 78501.69,S&P 500 after-tax value: 5939808.76
2065,cash value: 1000,S&P 500 non-retirement value: 4486816.05,tax-exempt bonds value: 25671.98,S&P 500 pre-tax value: 79135.09,S&P 500 after-tax value: 6456637.73
year,investments
2026,cash value: 1000,S&P 500 non-retirement value: 137489.34,tax-exempt bonds value: 2097.66,S&P 500 pre-tax value: 10401.22,S&P 500 after-tax value: 34372.33
2027,cash value: 1000,S&P 500 non-retirement value: 185838.62,tax-exempt bonds value: 2217.14,S&P 500 pre-tax value: 10928.26,S&P 500 after-tax value: 49400.14
2028,cash value: 1000,S&P 500 non-retirement value: 240212.21,tax-exempt bonds value: 2368.46,S&P 500 pre-tax value: 11561.59,S&P 500 after-tax value: 67752.16
2029,cash value: 1000,S&P 500 non-retirement value: 297582.88,tax-exempt bonds value: 2422.84,S&P 500 pre-tax value: 12488.81,S&P 500 after-tax value: 88888.39
2030,cash value: 1000,S&P 500 non-retirement value: 349662.67,tax-exempt bonds value: 2538.22,S&P 500 pre-tax value: 13517.26,S&P 500 after-tax value: 110419.79
2031,cash value: 1000,S&P 500 non-retirement value: 408588.93,tax-exempt bonds value: 2741.83,S&P 500 pre-tax value: 14342.91,S&P 500 after-tax value: 136196.31
2032,cash value: 1000,S&P 500 non-retirement value: 462929.58,tax-exempt bonds value: 2893.37,S&P 500 pre-tax value: 15882.8,S&P 500 after-tax value: 162650.93
2033,cash value: 1000,S&P 500 non-retirement value: 517240.87,tax-exempt bonds value: 2966.84,S&P 500 pre-tax value: 16651.47,S&P 500 after-tax value: 191308.27
2034,cash value: 1000,S&P 500 non-retirement value: 594423.11,tax-exempt bonds value: 3180.73,S&P 500 pre-tax value: 17920.15,S&P 500 after-tax value: 231164.54
2035,cash value: 1000,S&P 500 non-retirement value: 669079.01,tax-exempt bonds value: 3357.4,S&P 500 pre-tax value: 18756.1,S&P 500 after-tax value: 273285.79
2036,cash value: 1000,S&P 500 non-retirement value: 731618.58,tax-exempt bonds value: 3630.15,S&P 500 pre-tax value: 19660.06,S&P 500 after-tax value: 313550.82
2037,cash value: 1000,S&P 500 non-retirement value: 817918.23,tax-exempt bonds value: 3860.3,S&P 500 pre-tax value: 20929.1,S&P 500 after-tax value: 367470.51
2038,cash value: 1000,S&P 500 non-retirement value: 901871.02,tax-exempt bonds value: 3937.57,S&P 500 pre-tax value: 22269.82,S&P 500 after-tax value: 424409.89
2039,cash value: 1000,S&P 500 non-retirement value: 1016007.54,tax-exempt bonds value: 4073.21,S&P 500 pre-tax value: 23344.71,S&P 500 after-tax value: 500421.62
2040,cash value: 1000,S&P 500 non-retirement value: 1105013.06,tax-exempt bonds value: 4252.55,S&P 500 pre-tax value: 25213.51,S&P 500 after-tax value: 569249.15
2041,cash value: 1000,S&P 500 non-retirement value: 1185510.32,tax-exempt bonds value: 4460.69,S&P 500 pre-tax value: 26004.94,S&P 500 after-tax value: 638351.71
2042,cash value: 1000,S&P 500 non-retirement value: 1269332.49,tax-exempt bonds value: 4673.31,S&P 500 pre-tax value: 26812.8,S&P 500 after-tax value: 713999.52
2043,cash value: 1000,S&P 500 non-retirement value: 1373087.76,tax-exempt bonds value: 4834.58,S&P 500 pre-tax value: 27822.19,S&P 500 after-tax value: 806416.62
2044,cash value: 1000,S&P 500 non-retirement value: 1457017.66,tax-exempt bonds value: 5141.91,S&P 500 pre-tax value: 30183.97,S&P 500 after-tax value: 893010.82
2045,cash value: 1000,S&P 500 non-retirement value: 1533885.95,tax-exempt bonds value: 5206.01,S&P 500 pre-tax value: 31999.3,S&P 500 after-tax value: 980681.18
2046,cash value: 1000,S&P 500 non-retirement value: 1684207.01,tax-exempt bonds value: 5302.71,S&P 500 pre-tax value: 34342.48,S&P 500 after-tax value: 1122804.67
2047,cash value: 1000,S&P 500 non-retirement value: 1802739.61,tax-exempt bonds value: 5632.99,S&P 500 pre-tax value: 35653.73,S&P 500 after-tax value: 1252751.25
2048,cash value: 1000,S&P 500 non-retirement value: 1970288.94,tax-exempt bonds value: 5910.65,S&P 500 pre-tax value: 36809.66,S&P 500 after-tax value: 1426760.96
2049,cash value: 1000,S&P 500 non-retirement value: 2102962.28,tax-exempt bonds value: 6238,S&P 500 pre-tax value: 38856.51,S&P 500 after-tax value: 1586445.23
2050,cash value: 1000,S&P 500 non-retirement value: 2196153.91,tax-exempt bonds value: 6562.31,S&P 500 pre-tax value: 40005.41,S&P 500 after-tax value: 1725549.5
2051,cash value: 1000,S&P 500 non-retirement value: 2297798.8,tax-exempt bonds value: 6940.06,S&P 500 pre-tax value: 42535.64,S&P 500 after-tax value: 1880017.2
2052,cash value: 1000,S&P 500 non-retirement value: 2436662.88,tax-exempt bonds value: 7557.34,S&P 500 pre-tax value: 45128.23,S&P 500 after-tax value: 2075675.78
2053,cash value: 1000,S&P 500 non-retirement value: 2568674.82,tax-exempt bonds value: 8330.99,S&P 500 pre-tax value: 47844.52,S&P 500 after-tax value: 2277881.44
2054,cash value: 1000,S&P 500 non-retirement value: 2664900.66,tax-exempt bonds value: 9041.64,S&P 500 pre-tax value: 50791.05,S&P 500 after-tax value: 2459908.3
2055,cash value: 1000,S&P 500 non-retirement value: 2782635.13,tax-exempt bonds value: 9575,S&P 500 pre-tax value: 55036.95,S&P 500 after-tax value: 2673512.18
2056,cash value: 1000,S&P 500 non-retirement value: 2993496.09,tax-exempt bonds value: 10094.74,S&P 500 pre-tax value: 58739.36,S&P 500 after-tax value: 2993496.09
2057,cash value: 1000,S&P 500 non-retirement value: 3132313.22,tax-exempt bonds value: 10613.04,S&P 500 pre-tax value: 64125.93,S&P 500 after-tax value: 3260162.74
2058,cash value: 1000,S&P 500 non-retirement value: 3290189.92,tax-exempt bonds value: 11473.34,S&P 500 pre-tax value: 68555.78,S&P 500 after-tax value: 3564372.42
2059,cash value: 1000,S&P 500 non-retirement value: 3425927.09,tax-exempt bonds value: 12059.26,S&P 500 pre-tax value: 74893.65,S&P 500 after-tax value: 3863279.49
2060,cash value: 1000,S&P 500 non-retirement value: 3639429.93,tax-exempt bonds value: 12828.38,S&P 500 pre-tax value: 77566.03,S&P 500 after-tax value: 4272374.26
2061,cash value: 1000,S&P 500 non-retirement value: 3800980.08,tax-exempt bonds value: 13849.31,S&P 500 pre-tax value: 76866.08,S&P 500 after-tax value: 4645642.32
2062,cash value: 1000,S&P 500 non-retirement value: 3953367.07,tax-exempt bonds value: 14309.66,S&P 500 pre-tax value: 77595.75,S&P 500 after-tax value: 5031558.08
2063,cash value: 1000,S&P 500 non-retirement value: 4148017.89,tax-exempt bonds value: 14972.09,S&P 500 pre-tax value: 78842.48,S&P 500 after-tax value: 5498535.34
2064,cash value: 1000,S&P 500 non-retirement value: 4274947.43,tax-exempt bonds value: 15648.67,S&P 500 pre-tax value: 77939.4,S&P 500 after-tax value: 5903498.83
2065,cash value: 1000,S&P 500 non-retirement value: 4413982.31,tax-exempt bonds value: 16498.82,S&P 500 pre-tax value: 72585.01,S&P 500 after-tax value: 6351828.2
year,investments
2026,cash value: 1000,S&P 500 non-retirement value: 141361.5,tax-exempt bonds value: 2126.48,S&P 500 pre-tax value: 10545.48,S&P 500 after-tax value: 35340.38
2027,cash value: 1000,S&P 500 non-retirement value: 191083.32,tax-exempt bonds value: 2281.94,S&P 500 pre-tax value: 11206.86,S&P 500 after-tax value: 50794.3
2028,cash value: 1000,S&P 500 non-retirement value: 246052.94,tax-exempt bonds value: 2399.88,S&P 500 pre-tax value: 11969.66,S&P 500 after-tax value: 69399.55
2029,cash value: 1000,S&P 500 non-retirement value: 300337.61,tax-exempt bonds value: 2621.75,S&P 500 pre-tax value: 12533.29,S&P 500 after-tax value: 89711.23
2030,cash value: 1000,S&P 500 non-retirement value: 357207.72,tax-exempt bonds value: 2789.41,S&P 500 pre-tax value: 12893.26,S&P 500 after-tax value: 112802.44
2031,cash value: 1000,S&P 500 non-retirement value: 415925.61,tax-exempt bonds value: 2989.33,S&P 500 pre-tax value: 13657.67,S&P 500 after-tax value: 138641.87
2032,cash value: 1000,S&P 500 non-retirement value: 479112.2,tax-exempt bonds value: 3152.02,S&P 500 pre-tax value: 14543.98,S&P 500 after-tax value: 168336.72
2033,cash value: 1000,S&P 500 non-retirement value: 550836.57,tax-exempt bonds value: 3278.02,S&P 500 pre-tax value: 15508.95,S&P 500 after-tax value: 203734.07
2034,cash value: 1000,S&P 500 non-retirement value: 607548.91,tax-exempt bonds value: 3477.72,S&P 500 pre-tax value: 16296.09,S&P 500 after-tax value: 236269.02
2035,cash value: 1000,S&P 500 non-retirement value: 693475.08,tax-exempt bonds value: 3689.71,S&P 500 pre-tax value: 17063.65,S&P 500 after-tax value: 283250.38
2036,cash value: 1000,S&P 500 non-retirement value: 764413.92,tax-exempt bonds value: 3938.11,S&P 500 pre-tax value: 18268.79,S&P 500 after-tax value: 327605.96
2037,cash value: 1000,S&P 500 non-retirement value: 862615.63,tax-exempt bonds value: 4017.34,S&P 500 pre-tax value: 18942.2,S&P 500 after-tax value: 387551.95
2038,cash value: 1000,S&P 500 non-retirement value: 931340.38,tax-exempt bonds value: 4291.14,S&P 500 pre-tax value: 19676.4,S&P 500 after-tax value: 438277.83
2039,cash value: 1000,S&P 500 non-retirement value: 1011023.04,tax-exempt bonds value: 4717.56,S&P 500 pre-tax value: 21170.34,S&P 500 after-tax value: 497966.57
2040,cash value: 1000,S&P 500 non-retirement value: 1105531.68,tax-exempt bonds value: 4906.55,S&P 500 pre-tax value: 22748.22,S&P 500 after-tax value: 569516.32
2041,cash value: 1000,S&P 500 non-retirement value: 1173745.86,tax-exempt bonds value: 5112.48,S&P 500 pre-tax value: 23882.85,S&P 500 after-tax value: 632017
2042,cash value: 1000,S&P 500 non-retirement value: 1240382.96,tax-exempt bonds value: 5324.84,S&P 500 pre-tax value: 25599.82,S&P 500 after-tax value: 697715.41
2043,cash value: 1000,S&P 500 non-retirement value: 1335534.27,tax-exempt bonds value: 5663.11,S&P 500 pre-tax value: 28213.95,S&P 500 after-tax value: 784361.39
2044,cash value: 1000,S&P 500 non-retirement value: 1438478.94,tax-exempt bonds value: 5987.8,S&P 500 pre-tax value: 30276.07,S&P 500 after-tax value: 881648.38
2045,cash value: 1000,S&P 500 non-retirement value: 1558604.89,tax-exempt bonds value: 6470.45,S&P 500 pre-tax value: 32226.61,S&P 500 after-tax value: 996485.09
2046,cash value: 1000,S&P 500 non-retirement value: 1638555.37,tax-exempt bonds value: 6926.51,S&P 500 pre-tax value: 33061.86,S&P 500 after-tax value: 1092370.25
2047,cash value: 1000,S&P 500 non-retirement value: 1711373.37,tax-exempt bonds value: 7349.8,S&P 500 pre-tax value: 35187.09,S&P 500 after-tax value: 1189259.46
2048,cash value: 1000,S&P 500 non-retirement value: 1809956.19,tax-exempt bonds value: 7655.57,S&P 500 pre-tax value: 37403.04,S&P 500 after-tax value: 1310657.93
2049,cash value: 1000,S&P 500 non-retirement value: 1969971.75,tax-exempt bonds value: 8233.85,S&P 500 pre-tax value: 39195.03,S&P 500 after-tax value: 1486119.04
2050,cash value: 1000,S&P 500 non-retirement value: 2108064.79,tax-exempt bonds value: 8489.75,S&P 500 pre-tax value: 39860.69,S&P 500 after-tax value: 1656336.62
2051,cash value: 1000,S&P 500 non-retirement value: 2221546.24,tax-exempt bonds value: 8988.05,S&P 500 pre-tax value: 42120.69,S&P 500 after-tax value: 1817628.75
2052,cash value: 1000,S&P 500 non-retirement value: 2327764.32,tax-exempt bonds value: 9350.8,S&P 500 pre-tax value: 44780.28,S&P 500 after-tax value: 1982910.35
2053,cash value: 1000,S&P 500 non-retirement value: 2449717.95,tax-exempt bonds value: 9764.64,S&P 500 pre-tax value: 46147.34,S&P 500 after-tax value: 2172391.39
2054,cash value: 1000,S&P 500 non-retirement value: 2559663.98,tax-exempt bonds value: 10238.31,S&P 500 pre-tax value: 49056.52,S&P 500 after-tax value: 2362766.75
2055,cash value: 1000,S&P 500 non-retirement value: 2698228.24,tax-exempt bonds value: 10942.18,S&P 500 pre-tax value: 52158.88,S&P 500 after-tax value: 2592415.37
2056,cash value: 1000,S&P 500 non-retirement value: 2813199.35,tax-exempt bonds value: 11388.04,S&P 500 pre-tax value: 55737.01,S&P 500 after-tax value: 2813199.35
2057,cash value: 1000,S&P 500 non-retirement value: 2863371.56,tax-exempt bonds value: 12290.34,S&P 500 pre-tax value: 58411.04,S&P 500 after-tax value: 2980243.86
2058,cash value: 1000,S&P 500 non-retirement value: 3015713.11,tax-exempt bonds value: 13148.6,S&P 500 pre-tax value: 61309.76,S&P 500 after-tax value: 3267022.54
2059,cash value: 1000,S&P 500 non-retirement value: 3161830.34,tax-exempt bonds value: 13745.77,S&P 500 pre-tax value: 63914.52,S&P 500 after-tax value: 3565468.26
2060,cash value: 1000,S&P 500 non-retirement value: 3303090.24,tax-exempt bonds value: 14940.54,S&P 500 pre-tax value: 64134.14,S&P 500 after-tax value: 3877540.72
2061,cash value: 1000,S&P 500 non-retirement value: 3483056.96,tax-exempt bonds value: 16061.65,S&P 500 pre-tax value: 65768.47,S&P 500 after-tax value: 4257069.61
2062,cash value: 1000,S&P 500 non-retirement value: 3651226.05,tax-exempt bonds value: 17003.17,S&P 500 pre-tax value: 66518.9,S&P 500 after-tax value: 4647014.97
2063,cash value: 1000,S&P 500 non-retirement value: 3817111.64,tax-exempt bonds value: 17786.04,S&P 500 pre-tax value: 67247.55,S&P 500 after-tax value: 5059892.17
2064,cash value: 1000,S&P 500 non-retirement value: 3917371.08,tax-exempt bonds value: 18620.9,S&P 500 pre-tax value: 67435.76,S&P 500 after-tax value: 5409702.92
2065,cash value: 1000,S&P 500 non-retirement value: 4039615.17,tax-exempt bonds value: 19341.16,S&P 500 pre-tax value: 68015.22,S&P 500 after-tax value: 5813104.75
