year,investments
2026,cash value: 62000,i1 value: 1600,i2 value: 9.9
2027,cash value: 116473.75,i1 value: 2200,i2 value: 9.8
2028,cash value: 170947.5,i1 value: 2800,i2 value: 9.7
2029,cash value: 225421.25,i1 value: 3400,i2 value: 9.6
2030,cash value: 279895,i1 value: 4000,i2 value: 9.5
2031,cash value: 334368.75,i1 value: 4600,i2 value: 9.4
2032,cash value: 388842.5,i1 value: 5200,i2 value: 9.31
2033,cash value: 443316.25,i1 value: 5800,i2 value: 9.22
2034,cash value: 497790,i1 value: 6400,i2 value: 9.13
2035,cash value: 552263.75,i1 value: 7000,i2 value: 9.04
2036,cash value: 606737.5,i1 value: 7600,i2 value: 8.95
2037,cash value: 661211.25,i1 value: 8200,i2 value: 8.86
2038,cash value: 715685,i1 value: 8800,i2 value: 8.77
2039,cash value: 770158.75,i1 value: 9400,i2 value: 8.68
2040,cash value: 824632.5,i1 value: 10000,i2 value: 8.59
2041,cash value: 879106.25,i1 value: 10600,i2 value: 8.5
2042,cash value: 933580,i1 value: 11200,i2 value: 8.41
2043,cash value: 988053.75,i1 value: 11800,i2 value: 8.33
2044,cash value: 1042527.5,i1 value: 12400,i2 value: 8.25
