year,investments
2026,cash value: 1000,S&P 500 non-retirement value: 140673.92,tax-exempt bonds value: 2124.06,S&P 500 pre-tax value: 10455.53,S&P 500 after-tax value: 35168.48
2027,cash value: 1000,S&P 500 non-retirement value: 191005.3,tax-exempt bonds value: 2191.65,S&P 500 pre-tax value: 11290.53,S&P 500 after-tax value: 50773.56
2028,cash value: 1000,S&P 500 non-retirement value: 243214.3,tax-exempt bonds value: 2331.57,S&P 500 pre-tax value: 12127.14,S&P 500 after-tax value: 68598.91
2029,cash value: 1000,S&P 500 non-retirement value: 300600.44,tax-exempt bonds value: 2463.28,S&P 500 pre-tax value: 12596.07,S&P 500 after-tax value: 89789.74
2030,cash value: 1000,S&P 500 non-retirement value: 363330.15,tax-exempt bonds value: 2595.27,S&P 500 pre-tax value: 13457.1,S&P 500 after-tax value: 114735.84
2031,cash value: 1000,S&P 500 non-retirement value: 426563.4,tax-exempt bonds value: 2776.98,S&P 500 pre-tax value: 14093,S&P 500 after-tax value: 142187.8
2032,cash value: 1000,S&P 500 non-retirement value: 497509.5,tax-exempt bonds value: 2901.59,S&P 500 pre-tax value: 14645.25,S&P 500 after-tax value: 174800.64
2033,cash value: 1000,S&P 500 non-retirement value: 574407.15,tax-exempt bonds value: 3106.02,S&P 500 pre-tax value: 14948.57,S&P 500 after-tax value: 212451.96
2034,cash value: 1000,S&P 500 non-retirement value: 633923.61,tax-exempt bonds value: 3128.78,S&P 500 pre-tax value: 15962.91,S&P 500 after-tax value: 246525.85
2035,cash value: 1000,S&P 500 non-retirement value: 709288.61,tax-exempt bonds value: 3314.55,S&P 500 pre-tax value: 16969.01,S&P 500 after-tax value: 289709.43
2036,cash value: 1000,S&P 500 non-retirement value: 787957.02,tax-exempt bonds value: 3393.22,S&P 500 pre-tax value: 18281.84,S&P 500 after-tax value: 337695.87
2037,cash value: 1000,S&P 500 non-retirement value: 872889.3,tax-exempt bonds value: 3584.79,S&P 500 pre-tax value: 19422.36,S&P 500 after-tax value: 392167.66
2038,cash value: 1000,S&P 500 non-retirement value: 965885.75,tax-exempt bonds value: 3755.86,S&P 500 pre-tax value: 20553.99,S&P 500 after-tax value: 454534.47
2039,cash value: 1000,S&P 500 non-retirement value: 1080306.83,tax-exempt bonds value: 3904.42,S&P 500 pre-tax value: 21509.6,S&P 500 after-tax value: 532091.43
2040,cash value: 1000,S&P 500 non-retirement value: 1164569.52,tax-exempt bonds value: 4221.5,S&P 500 pre-tax value: 22365.13,S&P 500 after-tax value: 599929.75
2041,cash value: 1000,S&P 500 non-retirement value: 1301689.18,tax-exempt bonds value: 4451.29,S&P 500 pre-tax value: 24694.88,S&P 500 after-tax value: 700909.56
2042,cash value: 1000,S&P 500 non-retirement value: 1387534.93,tax-exempt bonds value: 4722.92,S&P 500 pre-tax value: 25984.61,S&P 500 after-tax value: 780488.4
2043,cash value: 1000,S&P 500 non-retirement value: 1468046.12,tax-exempt bonds value: 4834.76,S&P 500 pre-tax value: 27551.29,S&P 500 after-tax value: 862185.82
2044,cash value: 1000,S&P 500 non-retirement value: 1584885.13,tax-exempt bonds value: 5015.74,S&P 500 pre-tax value: 29091.19,S&P 500 after-tax value: 971381.21
2045,cash value: 1000,S&P 500 non-retirement value: 1719021.49,tax-exempt bonds value: 5402.2,S&P 500 pre-tax value: 30985.04,S&P 500 after-tax value: 1099046.53
2046,cash value: 1000,S&P 500 non-retirement value: 1831811.71,tax-exempt bonds value: 5625.8,S&P 500 pre-tax value: 33911.1,S&P 500 after-tax value: 1221207.81
2047,cash value: 1000,S&P 500 non-retirement value: 1919459.04,tax-exempt bonds value: 5824.25,S&P 500 pre-tax value: 35881.19,S&P 500 after-tax value: 1333861.37
2048,cash value: 1000,S&P 500 non-retirement value: 1990986.4,tax-exempt bonds value: 6096.05,S&P 500 pre-tax value: 38255.8,S&P 500 after-tax value: 1441748.77
2049,cash value: 1000,S&P 500 non-retirement value: 2090334.78,tax-exempt bonds value: 6377.36,S&P 500 pre-tax value: 40413.26,S&P 500 after-tax value: 1576919.22
2050,cash value: 1000,S&P 500 non-retirement value: 2241610.82,tax-exempt bonds value: 6731.89,S&P 500 pre-tax value: 43287.2,S&P 500 after-tax value: 1761265.65
2051,cash value: 1000,S&P 500 non-retirement value: 2340215.48,tax-exempt bonds value: 7323.02,S&P 500 pre-tax value: 44537.56,S&P 500 after-tax value: 1914721.75
2052,cash value: 1000,S&P 500 non-retirement value: 2472215.57,tax-exempt bonds value: 7558.19,S&P 500 pre-tax value: 46973.87,S&P 500 after-tax value: 2105961.41
2053,cash value: 1000,S&P 500 non-retirement value: 2616973,tax-exempt bonds value: 7925.3,S&P 500 pre-tax value: 49109.78,S&P 500 after-tax value: 2320711.91
2054,cash value: 1000,S&P 500 non-retirement value: 2701906.28,tax-exempt bonds value: 8490.62,S&P 500 pre-tax value: 51737.56,S&P 500 after-tax value: 2494067.34
2055,cash value: 1000,S&P 500 non-retirement value: 2830331.91,tax-exempt bonds value: 9301.36,S&P 500 pre-tax value: 55436.87,S&P 500 after-tax value: 2719338.5
2056,cash value: 1000,S&P 500 non-retirement value: 2953634.8,tax-exempt bonds value: 9938.68,S&P 500 pre-tax value: 59643.48,S&P 500 after-tax value: 2953634.8
2057,cash value: 1000,S&P 500 non-retirement value: 3142407.06,tax-exempt bonds value: 10290.38,S&P 500 pre-tax value: 61209.58,S&P 500 after-tax value: 3270668.58
2058,cash value: 1000,S&P 500 non-retirement value: 3324315.47,tax-exempt bonds value: 10824.61,S&P 500 pre-tax value: 65030.62,S&P 500 after-tax value: 3601341.76
2059,cash value: 1000,S&P 500 non-retirement value: 3518484.71,tax-exempt bonds value: 11013.49,S&P 500 pre-tax value: 69622.29,S&P 500 after-tax value: 3967652.97
2060,cash value: 1000,S&P 500 non-retirement value: 3680305.16,tax-exempt bonds value: 11638.63,S&P 500 pre-tax value: 71246.93,S&P 500 after-tax value: 4320358.23
2061,cash value: 1000,S&P 500 non-retirement value: 3851217.5,tax-exempt bonds value: 12422.99,S&P 500 pre-tax value: 73455.97,S&P 500 after-tax value: 4707043.61
2062,cash value: 1000,S&P 500 non-retirement value: 4054129.58,tax-exempt bonds value: 13277.49,S&P 500 pre-tax value: 74578.49,S&P 500 after-tax value: 5159801.28
2063,cash value: 1000,S&P 500 non-retirement value: 4206775.2,tax-exempt bonds value: 13916.38,S&P 500 pre-tax value: 77888.42,S&P 500 after-tax value: 5576422.93
2064,cash value: 1000,S&P 500 non-retirement value: 4431597.82,tax-exempt bonds value: 14879.66,S&P 500 pre-tax value: 81171.62,S&P 500 after-tax value: 6119825.56
2065,cash value: 1000,S&P 500 non-retirement value: 4666741.63,tax-exempt bonds value: 15443.69,S&P 500 pre-tax value: 81325.25,S&P 500 after-tax value: 6715555.03
year,investments
2026,cash value: 1000,S&P 500 non-retirement value: 140374.49,tax-exempt bonds value: 2148.56,S&P 500 pre-tax value: 10493.93,S&P 500 after-tax value: 35093.62
2027,cash value: 1000,S&P 500 non-retirement value: 191513.52,tax-exempt bonds value: 2266.28,S&P 500 pre-tax value: 11398.87,S&P 500 after-tax value: 50908.66
2028,cash value: 1000,S&P 500 non-retirement value: 243299.12,tax-exempt bonds value: 2462.53,S&P 500 pre-tax value: 12341.42,S&P 500 after-tax value: 68622.83
2029,cash value: 1000,S&P 500 non-retirement value: 297000.28,tax-exempt bonds value: 2643.56,S&P 500 pre-tax value: 13137.24,S&P 500 after-tax value: 88714.37
2030,cash value: 1000,S&P 500 non-retirement value: 355017.46,tax-exempt bonds value: 2812.52,S&P 500 pre-tax value: 13514.65,S&P 500 after-tax value: 112110.78
2031,cash value: 1000,S&P 500 non-retirement value: 408059.77,tax-exempt bonds value: 3096.54,S&P 500 pre-tax value: 14660.43,S&P 500 after-tax value: 136019.92
2032,cash value: 1000,S&P 500 non-retirement value: 468561.65,tax-exempt bonds value: 3255.62,S&P 500 pre-tax value: 14684.81,S&P 500 after-tax value: 164629.77
2033,cash value: 1000,S&P 500 non-retirement value: 548666,tax-exempt bonds value: 3457.07,S&P 500 pre-tax value: 15770.06,S&P 500 after-tax value: 202931.26
2034,cash value: 1000,S&P 500 non-retirement value: 611119.69,tax-exempt bonds value: 3714.34,S&P 500 pre-tax value: 16721.88,S&P 500 after-tax value: 237657.66
2035,cash value: 1000,S&P 500 non-retirement value: 677512.69,tax-exempt bonds value: 3866.96,S&P 500 pre-tax value: 18206.25,S&P 500 after-tax value: 276730.53
2036,cash value: 1000,S&P 500 non-retirement value: 745723.68,tax-exempt bonds value: 4140.76,S&P 500 pre-tax value: 19290.92,S&P 500 after-tax value: 319595.86
2037,cash value: 1000,S&P 500 non-retirement value: 794447.29,tax-exempt bonds value: 4445.07,S&P 500 pre-tax value: 19413.15,S&P 500 after-tax value: 356925.59
2038,cash value: 1000,S&P 500 non-retirement value: 889185.43,tax-exempt bonds value: 4688.76,S&P 500 pre-tax value: 20038.17,S&P 500 after-tax value: 418440.2
2039,cash value: 1000,S&P 500 non-retirement value: 981811.54,tax-exempt bonds value: 4922.95,S&P 500 pre-tax value: 20955.77,S&P 500 after-tax value: 483578.82
2040,cash value: 1000,S&P 500 non-retirement value: 1066156.74,tax-exempt bonds value: 5197.96,S&P 500 pre-tax value: 22159.68,S&P 500 after-tax value: 549232.26
2041,cash value: 1000,S&P 500 non-retirement value: 1154955.08,tax-exempt bonds value: 5534.76,S&P 500 pre-tax value: 22986.77,S&P 500 after-tax value: 621898.89
2042,cash value: 1000,S&P 500 non-retirement value: 1222948.53,tax-exempt bonds value: 5935.16,S&P 500 pre-tax value: 24979.77,S&P 500 after-tax value: 687908.55
2043,cash value: 1000,S&P 500 non-retirement value: 1344946.28,tax-exempt bonds value: 6259.64,S&P 500 pre-tax value: 26681.61,S&P 500 after-tax value: 789889.09
2044,cash value: 1000,S&P 500 non-retirement value: 1427461.24,tax-exempt bonds value: 6570.81,S&P 500 pre-tax value: 28453.19,S&P 500 after-tax value: 874895.6
2045,cash value: 1000,S&P 500 non-retirement value: 1530444.88,tax-exempt bonds value: 6710.6,S&P 500 pre-tax value: 30177.14,S&P 500 after-tax value: 978481.15
2046,cash value: 1000,S&P 500 non-retirement value: 1645651.27,tax-exempt bonds value: 7025.51,S&P 500 pre-tax value: 30840.76,S&P 500 after-tax value: 1097100.85
2047,cash value: 1000,S&P 500 non-retirement value: 1751449.66,tax-exempt bonds value: 7497.56,S&P 500 pre-tax value: 33698.82,S&P 500 after-tax value: 1217109.08
2048,cash value: 1000,S&P 500 non-retirement value: 1878791.3,tax-exempt bonds value: 7935.92,S&P 500 pre-tax value: 34745.78,S&P 500 after-tax value: 1360504.05
2049,cash value: 1000,S&P 500 non-retirement value: 1976803.14,tax-exempt bonds value: 8212.65,S&P 500 pre-tax value: 37210.98,S&P 500 after-tax value: 1491272.54
2050,cash value: 1000,S&P 500 non-retirement value: 2059617.49,tax-exempt bonds value: 8481.92,S&P 500 pre-tax value: 39430.99,S&P 500 after-tax value: 1618270.88
2051,cash value: 1000,S&P 500 non-retirement value: 2166152.59,tax-exempt bonds value: 8966.67,S&P 500 pre-tax value: 41335.32,S&P 500 after-tax value: 1772306.67
2052,cash value: 1000,S&P 500 non-retirement value: 2301106.47,tax-exempt bonds value: 9321.09,S&P 500 pre-tax value: 44754.75,S&P 500 after-tax value: 1960201.81
2053,cash value: 1000,S&P 500 non-retirement value: 2412299.61,tax-exempt bonds value: 9823.7,S&P 500 pre-tax value: 48246.74,S&P 500 after-tax value: 2139209.09
2054,cash value: 1000,S&P 500 non-retirement value: 2554256.95,tax-exempt bonds value: 10703.47,S&P 500 pre-tax value: 51769.03,S&P 500 after-tax value: 2357775.64
2055,cash value: 1000,S&P 500 non-retirement value: 2658985.72,tax-exempt bonds value: 11371.91,S&P 500 pre-tax value: 55388.08,S&P 500 after-tax value: 2554711.77
2056,cash value: 1000,S&P 500 non-retirement value: 2802803.39,tax-exempt bonds value: 12082.98,S&P 500 pre-tax value: 60344.07,S&P 500 after-tax value: 2802803.39
2057,cash value: 1000,S&P 500 non-retirement value: 2928300.06,tax-exempt bonds value: 12288.03,S&P 500 pre-tax value: 63996.44,S&P 500 after-tax value: 3047822.51
2058,cash value: 1000,S&P 500 non-retirement value: 3056042.3,tax-exempt bonds value: 12944.13,S&P 500 pre-tax value: 66417.41,S&P 500 after-tax value: 3310712.49
2059,cash value: 1000,S&P 500 non-retirement value: 3229935.36,tax-exempt bonds value: 13435.48,S&P 500 pre-tax value: 72199.29,S&P 500 after-tax value: 3642267.54
2060,cash value: 1000,S&P 500 non-retirement value: 3412695.63,tax-exempt bonds value: 14243.71,S&P 500 pre-tax value: 72725.58,S&P 500 after-tax value: 4006207.91
2061,cash value: 1000,S&P 500 non-retirement value: 3567907.3,tax-exempt bonds value: 15355.95,S&P 500 pre-tax value: 75216.48,S&P 500 after-tax value: 4360775.59
2062,cash value: 1000,S&P 500 non-retirement value: 3754650.62,tax-exempt bonds value: 16182.22,S&P 500 pre-tax value: 76839.71,S&P 500 after-tax value: 4778646.25
2063,cash value: 1000,S&P 500 non-retirement value: 3900131.97,tax-exempt bonds value: 17054.25,S&P 500 pre-tax value: 76439.78,S&P 500 after-tax value: 5169942.39
2064,cash value: 1000,S&P 500 non-retirement value: 4126819.24,tax-exempt bonds value: 18076.13,S&P 500 pre-tax value: 78919.54,S&P 500 after-tax value: 5698940.86
2065,cash value: 1000,S&P 500 non-retirement value: 4382324.7,tax-exempt bonds value: 19223.9,S&P 500 pre-tax value: 78418.88,S&P 500 after-tax value: 6306272.12
year,investments
2026,cash value: 1000,S&P 500 non-retirement value: 139363.06,tax-exempt bonds value: 2144.07,S&P 500 pre-tax value: 10615.38,S&P 500 after-tax value: 34840.77
2027,cash value: 1000,S&P 500 non-retirement value: 187007.01,tax-exempt bonds value: 2176.43,S&P 500 pre-tax value: 11075.1,S&P 500 after-tax value: 49710.72
2028,cash value: 1000,S&P 500 non-retirement value: 241118.2,tax-exempt bonds value: 2340.39,S&P 500 pre-tax value: 12418.44,S&P 500 after-tax value: 68007.7
2029,cash value: 1000,S&P 500 non-retirement value: 303854.76,tax-exempt bonds value: 2525.77,S&P 500 pre-tax value: 13071.47,S&P 500 after-tax value: 90761.81
2030,cash value: 1000,S&P 500 non-retirement value: 353666.37,tax-exempt bonds value: 2656.53,S&P 500 pre-tax value: 13755.77,S&P 500 after-tax value: 111684.12
2031,cash value: 1000,S&P 500 non-retirement value: 419987.88,tax-exempt bonds value: 2790.53,S&P 500 pre-tax value: 13819.55,S&P 500 after-tax value: 139995.96
2032,cash value: 1000,S&P 500 non-retirement value: 489085.26,tax-exempt bonds value: 3026.86,S&P 500 pre-tax value: 14787.39,S&P 500 after-tax value: 171840.77
2033,cash value: 1000,S&P 500 non-retirement value: 541987.84,tax-exempt bonds value: 3321.86,S&P 500 pre-tax value: 15280.48,S&P 500 after-tax value: 200461.25
2034,cash value: 1000,S&P 500 non-retirement value: 599946.75,tax-exempt bonds value: 3493.63,S&P 500 pre-tax value: 15919.32,S&P 500 after-tax value: 233312.62
2035,cash value: 1000,S&P 500 non-retirement value: 676254.1,tax-exempt bonds value: 3701.94,S&P 500 pre-tax value: 16509.8,S&P 500 after-tax value: 276216.46
2036,cash value: 1000,S&P 500 non-retirement value: 758043.91,tax-exempt bonds value: 4070.98,S&P 500 pre-tax value: 17368.43,S&P 500 after-tax value: 324875.96
2037,cash value: 1000,S&P 500 non-retirement value: 818519.28,tax-exempt bonds value: 4465.87,S&P 500 pre-tax value: 18268.13,S&P 500 after-tax value: 367740.55
2038,cash value: 1000,S&P 500 non-retirement value: 894596.41,tax-exempt bonds value: 4725.76,S&P 500 pre-tax value: 19729.95,S&P 500 after-tax value: 420986.55
2039,cash value: 1000,S&P 500 non-retirement value: 975873.73,tax-exempt bonds value: 4937.41,S&P 500 pre-tax value: 21308.25,S&P 500 after-tax value: 480654.23
2040,cash value: 1000,S&P 500 non-retirement value: 1054539.84,tax-exempt bonds value: 5216.05,S&P 500 pre-tax value: 22759.62,S&P 500 after-tax value: 543247.8
2041,cash value: 1000,S&P 500 non-retirement value: 1158080.16,tax-exempt bonds value: 5588.83,S&P 500 pre-tax value: 24291.1,S&P 500 after-tax value: 623581.62
2042,cash value: 1000,S&P 500 non-retirement value: 1248347.73,tax-exempt bonds value: 5946.43,S&P 500 pre-tax value: 25494.03,S&P 500 after-tax value: 702195.6
2043,cash value: 1000,S&P 500 non-retirement value: 1334758.21,tax-exempt bonds value: 6298.4,S&P 500 pre-tax value: 26254.93,S&P 500 after-tax value: 783905.62
2044,cash value: 1000,S&P 500 non-retirement value: 1442279.35,tax-exempt bonds value: 6717.21,S&P 500 pre-tax value: 27446.93,S&P 500 after-tax value: 883977.67
2045,cash value: 1000,S&P 500 non-retirement value: 1533037.05,tax-exempt bonds value: 7071.45,S&P 500 pre-tax value: 29213.12,S&P 500 after-tax value: 980138.44
2046,cash value: 1000,S&P 500 non-retirement value: 1631477.33,tax-exempt bonds value: 7713.18,S&P 500 pre-tax value: 30810.61,S&P 500 after-tax value: 1087651.55
2047,cash value: 1000,S&P 500 non-retirement value: 1720405.16,tax-exempt bonds value: 8166.62,S&P 500 pre-tax value: 33206.03,S&P 500 after-tax value: 1195535.79
2048,cash value: 1000,S&P 500 non-retirement value: 1822120.66,tax-exempt bonds value: 8498.95,S&P 500 pre-tax value: 34589.02,S&P 500 after-tax value: 1319466.69
2049,cash value: 1000,S&P 500 non-retirement value: 1930797.09,tax-exempt bonds value: 8844,S&P 500 pre-tax value: 35855.38,S&P 500 after-tax value: 1456566.22
2050,cash value: 1000,S&P 500 non-retirement value: 2039309.11,tax-exempt bonds value: 9135.84,S&P 500 pre-tax value: 39058.33,S&P 500 after-tax value: 1602314.3
2051,cash value: 1000,S&P 500 non-retirement value: 2109840.48,tax-exempt bonds value: 9486.51,S&P 500 pre-tax value: 43235.05,S&P 500 after-tax value: 1726233.12
2052,cash value: 1000,S&P 500 non-retirement value: 2298128.68,tax-exempt bonds value: 9906.04,S&P 500 pre-tax value: 46451.06,S&P 500 after-tax value: 1957665.17
2053,cash value: 1000,S&P 500 non-retirement value: 2422669.92,tax-exempt bonds value: 10372.36,S&P 500 pre-tax value: 48534.38,S&P 500 after-tax value: 2148405.4
2054,cash value: 1000,S&P 500 non-retirement value: 2615977.29,tax-exempt bonds value: 10982.65,S&P 500 pre-tax value: 53125.39,S&P 500 after-tax value: 2414748.27
2055,cash value: 1000,S&P 500 non-retirement value: 2726242.89,tax-exempt bonds value: 11339.68,S&P 500 pre-tax value: 56982.54,S&P 500 after-tax value: 2619331.41
2056,cash value: 1000,S&P 500 non-retirement value: 2938314.51,tax-exempt bonds value: 12195.79,S&P 500 pre-tax value: 58541.74,S&P 500 after-tax value: 2938314.51
2057,cash value: 1000,S&P 500 non-retirement value: 3190256.65,tax-exempt bonds value: 12493.49,S&P 500 pre-tax value: 63670.57,S&P 500 after-tax value: 3320471.21
2058,cash value: 1000,S&P 500 non-retirement value: 3365991.01,tax-exempt bonds value: 13765.89,S&P 500 pre-tax value: 69306.83,S&P 500 after-tax value: 3646490.26
2059,cash value: 1000,S&P 500 non-retirement value: 3488298.69,tax-exempt bonds value: 14783.65,S&P 500 pre-tax value: 74033.71,S&P 500 after-tax value: 3933613.41
2060,cash value: 1000,S&P 500 non-retirement value: 3625203.4,tax-exempt bonds value: 15073.6,S&P 500 pre-tax value: 75827.66,S&P 500 after-tax value: 4255673.56
2061,cash value: 1000,S&P 500 non-retirement value: 3765658.91,tax-exempt bonds value: 15812.01,S&P 500 pre-tax value: 76696.07,S&P 500 after-tax value: 4602472
2062,cash value: 1000,S&P 500 non-retirement value: 3897390.7,tax-exempt bonds value: 16517.84,S&P 500 pre-tax value: 75343.66,S&P 500 after-tax value: 4960315.44
2063,cash value: 1000,S&P 500 non-retirement value: 4114026.68,tax-exempt bonds value: 17703.54,S&P 500 pre-tax value: 77405.02,S&P 500 after-tax value: 5453477.23
2064,cash value: 1000,S&P 500 non-retirement value: 4271970.68,tax-exempt bonds value: 18725.72,S&P 500 pre-tax value: 78683.35,S&P 500 after-tax value: 5899388.08
2065,cash value: 1000,S&P 500 non-retirement value: 4422629.31,tax-exempt bonds value: 19599.9,S&P 500 pre-tax value: 78361.21,S&P 500 after-tax value: 6364271.45
year,investments
2026,cash value: 1000,S&P 500 non-retirement value: 141124.48,tax-exempt bonds value: 2117.29,S&P 500 pre-tax value: 10611.9,S&P 500 after-tax value: 35281.12
2027,cash value: 1000,S&P 500 non-retirement value: 192323.82,tax-exempt bonds value: 2184.45,S&P 500 pre-tax value: 11342.02,S&P 500 after-tax value: 51124.05
2028,cash value: 1000,S&P 500 non-retirement value: 246412.32,tax-exempt bonds value: 2308.64,S&P 500 pre-tax value: 11960.24,S&P 500 after-tax value: 69500.91
2029,cash value: 1000,S&P 500 non-retirement value: 299480.39,tax-exempt bonds value: 2435.33,S&P 500 pre-tax value: 12640.03,S&P 500 after-tax value: 89455.18
2030,cash value: 1000,S&P 500 non-retirement value: 352191.28,tax-exempt bonds value: 2592.02,S&P 500 pre-tax value: 13325.69,S&P 500 after-tax value: 111218.3
2031,cash value: 1000,S&P 500 non-retirement value: 411934.69,tax-exempt bonds value: 2698.2,S&P 500 pre-tax value: 14379.08,S&P 500 after-tax value: 137311.56
2032,cash value: 1000,S&P 500 non-retirement value: 477915.06,tax-exempt bonds value: 2833.1,S&P 500 pre-tax value: 14805.8,S&P 500 after-tax value: 167916.1
2033,cash value: 1000,S&P 500 non-retirement value: 557843.11,tax-exempt bonds value: 2955.85,S&P 500 pre-tax value: 15298.58,S&P 500 after-tax value: 206325.53
2034,cash value: 1000,S&P 500 non-retirement value: 620027.45,tax-exempt bonds value: 3093.78,S&P 500 pre-tax value: 16764.48,S&P 500 after-tax value: 241121.78
2035,cash value: 1000,S&P 500 non-retirement value: 695562.89,tax-exempt bonds value: 3343.73,S&P 500 pre-tax value: 17477.34,S&P 500 after-tax value: 284103.15
2036,cash value: 1000,S&P 500 non-retirement value: 775677.79,tax-exempt bonds value: 3682.93,S&P 500 pre-tax value: 18139.27,S&P 500 after-tax value: 332433.34
2037,cash value: 1000,S&P 500 non-retirement value: 831421.23,tax-exempt bonds value: 4073.75,S&P 500 pre-tax value: 19330.85,S&P 500 after-tax value: 373537.07
2038,cash value: 1000,S&P 500 non-retirement value: 919842.69,tax-exempt bonds value: 4174.63,S&P 500 pre-tax value: 20430,S&P 500 after-tax value: 432867.15
2039,cash value: 1000,S&P 500 non-retirement value: 1007672.38,tax-exempt bonds value: 4500.71,S&P 500 pre-tax value: 21976.95,S&P 500 after-tax value: 496316.25
2040,cash value: 1000,S&P 500 non-retirement value: 1107062.32,tax-exempt bonds value: 4827.26,S&P 500 pre-tax value: 22647.67,S&P 500 after-tax value: 570304.83
2041,cash value: 1000,S&P 500 non-retirement value: 1192627.73,tax-exempt bonds value: 5064.79,S&P 500 pre-tax value: 24348.2,S&P 500 after-tax value: 642184.16
2042,cash value: 1000,S&P 500 non-retirement value: 1293571.97,tax-exempt bonds value: 5209.6,S&P 500 pre-tax value: 25827.46,S&P 500 after-tax value: 727634.24
2043,cash value: 1000,S&P 500 non-retirement value: 1391015,tax-exempt bonds value: 5448.94,S&P 500 pre-tax value: 26981.84,S&P 500 after-tax value: 816945.31
2044,cash value: 1000,S&P 500 non-retirement value: 1483965.97,tax-exempt bonds value: 5641.61,S&P 500 pre-tax value: 27879.64,S&P 500 after-tax value: 909527.53
2045,cash value: 1000,S&P 500 non-retirement value: 1577124.21,tax-exempt bonds value: 5768.32,S&P 500 pre-tax value: 28596.9,S&P 500 after-tax value: 1008325.32
2046,cash value: 1000,S&P 500 non-retirement value: 1716396.17,tax-exempt bonds value: 6040.46,S&P 500 pre-tax value: 30836.49,S&P 500 after-tax value: 1144264.11
2047,cash value: 1000,S&P 500 non-retirement value: 1773534,tax-exempt bonds value: 6561.48,S&P 500 pre-tax value: 32153.77,S&P 500 after-tax value: 1232455.83
2048,cash value: 1000,S&P 500 non-retirement value: 1932913.19,tax-exempt bonds value: 6967.41,S&P 500 pre-tax value: 34357.97,S&P 500 after-tax value: 1399695.76
2049,cash value: 1000,S&P 500 non-retirement value: 2120455.76,tax-exempt bonds value: 7434.18,S&P 500 pre-tax value: 36549.06,S&P 500 after-tax value: 1599642.07
2050,cash value: 1000,S&P 500 non-retirement value: 2272854.77,tax-exempt bonds value: 7668.12,S&P 500 pre-tax value: 38114.61,S&P 500 after-tax value: 1785814.46
2051,cash value: 1000,S&P 500 non-retirement value: 2367533.63,tax-exempt bonds value: 7973.04,S&P 500 pre-tax value: 40200.52,S&P 500 after-tax value: 1937072.97
2052,cash value: 1000,S&P 500 non-retirement value: 2471254.88,tax-exempt bonds value: 8271.42,S&P 500 pre-tax value: 42052.75,S&P 500 after-tax value: 2105143.04
2053,cash value: 1000,S&P 500 non-retirement value: 2631290.02,tax-exempt bonds value: 8677.73,S&P 500 pre-tax value: 45058.53,S&P 500 after-tax value: 2333408.13
2054,cash value: 1000,S&P 500 non-retirement value: 2761176.76,tax-exempt bonds value: 9206.81,S&P 500 pre-tax value: 47639.29,S&P 500 after-tax value: 2548778.55
2055,cash value: 1000,S&P 500 non-retirement value: 2864792.45,tax-exempt bonds value: 9787.95,S&P 500 pre-tax value: 49763.71,S&P 500 after-tax value: 2752447.65
2056,cash value: 1000,S&P 500 non-retirement value: 2952186.15,tax-exempt bonds value: 9975.45,S&P 500 pre-tax value: 53791.24,S&P 500 after-tax value: 2952186.15
2057,cash value: 1000,S&P 500 non-retirement value: 3130138.66,tax-exempt bonds value: 10213.61,S&P 500 pre-tax value: 57122.83,S&P 500 after-tax value: 3257899.42
2058,cash value: 1000,S&P 500 non-retirement value: 3274357.35,tax-exempt bonds value: 10707.05,S&P 500 pre-tax value: 60979.48,S&P 500 after-tax value: 3547220.46
2059,cash value: 1000,S&P 500 non-retirement value: 3387657.19,tax-exempt bonds value: 11611.38,S&P 500 pre-tax value: 65903.06,S&P 500 after-tax value: 3820124.06
2060,cash value: 1000,S&P 500 non-retirement value: 3515325.35,tax-exempt bonds value: 12708.34,S&P 500 pre-tax value: 68186.07,S&P 500 after-tax value: 4126686.28
2061,cash value: 1000,S&P 500 non-retirement value: 3653270.06,tax-exempt bonds value: 13733.99,S&P 500 pre-tax value: 68941.55,S&P 500 after-tax value: 4465107.85
2062,cash value: 1000,S&P 500 non-retirement value: 3871480.29,tax-exempt bonds value: 14612.2,S&P 500 pre-tax value: 71403.4,S&P 500 after-tax value: 4927338.55
2063,cash value: 1000,S&P 500 non-retirement value: 3991343.3,tax-exempt bonds value: 15332.94,S&P 500 pre-tax value: 73547.22,S&P 500 after-tax value: 5290850.42
2064,cash value: 1000,S&P 500 non-retirement value: 4160593.7,tax-exempt bonds value: 16089.2,S&P 500 pre-tax value: 72536.61,S&P 500 after-tax value: 5745581.78
2065,cash value: 1000,S&P 500 non-retirement value: 4319979.85,tax-exempt bonds value: 16529.6,S&P 500 pre-tax value: 72482.97,S&P 500 after-tax value: 6216556.37
year,investments
2026,cash value: 1000,S&P 500 non-retirement value: 137134.03,tax-exempt bonds value: 2216.23,S&P 500 pre-tax value: 10583.67,S&P 500 after-tax value: 34283.51
2027,cash value: 1000,S&P 500 non-retirement value: 187674.29,tax-exempt bonds value: 2392.33,S&P 500 pre-tax value: 11298.62,S&P 500 after-tax value: 49888.1
2028,cash value: 1000,S&P 500 non-retirement value: 242749.15,tax-exempt bonds value: 2576.3,S&P 500 pre-tax value: 12269.79,S&P 500 after-tax value: 68467.71
2029,cash value: 1000,S&P 500 non-retirement value: 296688.13,tax-exempt bonds value: 2759.06,S&P 500 pre-tax value: 12947.18,S&P 500 after-tax value: 88621.13
2030,cash value: 1000,S&P 500 non-retirement value: 349670.76,tax-exempt bonds value: 2872.55,S&P 500 pre-tax value: 13712.74,S&P 500 after-tax value: 110422.35
2031,cash value: 1000,S&P 500 non-retirement value: 405132.67,tax-exempt bonds value: 3133.36,S&P 500 pre-tax value: 14306.99,S&P 500 after-tax value: 135044.22
2032,cash value: 1000,S&P 500 non-retirement value: 467782.15,tax-exempt bonds value: 3324.99,S&P 500 pre-tax value: 15258.4,S&P 500 after-tax value: 164355.89
2033,cash value: 1000,S&P 500 non-retirement value: 547863.31,tax-exempt bonds value: 3586.7,S&P 500 pre-tax value: 16130.05,S&P 500 after-tax value: 202634.37
2034,cash value: 1000,S&P 500 non-retirement value: 624292.68,tax-exempt bonds value: 3856.31,S&P 500 pre-tax value: 18137.7,S&P 500 after-tax value: 242780.49
2035,cash value: 1000,S&P 500 non-retirement value: 685118.51,tax-exempt bonds value: 4128.8,S&P 500 pre-tax value: 19049.03,S&P 500 after-tax value: 279837.14
2036,cash value: 1000,S&P 500 non-retirement value: 754990.65,tax-exempt bonds value: 4321.11,S&P 500 pre-tax value: 20580.16,S&P 500 after-tax value: 323567.42
2037,cash value: 1000,S&P 500 non-retirement value: 847361.89,tax-exempt bonds value: 4635.37,S&P 500 pre-tax value: 22140.86,S&P 500 after-tax value: 380698.82
2038,cash value: 1000,S&P 500 non-retirement value: 923963.71,tax-exempt bonds value: 4797.57,S&P 500 pre-tax value: 22804.97,S&P 500 after-tax value: 434806.45
2039,cash value: 1000,S&P 500 non-retirement value: 1003951.45,tax-exempt bonds value: 4993.13,S&P 500 pre-tax value: 24699.04,S&P 500 after-tax value: 494483.55
2040,cash value: 1000,S&P 500 non-retirement value: 1086512.02,tax-exempt bonds value: 5582.65,S&P 500 pre-tax value: 26234.01,S&P 500 after-tax value: 559718.31
2041,cash value: 1000,S&P 500 non-retirement value: 1169474.48,tax-exempt bonds value: 5697.21,S&P 500 pre-tax value: 27578.72,S&P 500 after-tax value: 629717.03
2042,cash value: 1000,S&P 500 non-retirement value: 1269602.27,tax-exempt bonds value: 5939.89,S&P 500 pre-tax value: 29088.65,S&P 500 after-tax value: 714151.28
2043,cash value: 1000,S&P 500 non-retirement value: 1388080.09,tax-exempt bonds value: 6538.09,S&P 500 pre-tax value: 30286.64,S&P 500 after-tax value: 815221.64
2044,cash value: 1000,S&P 500 non-retirement value: 1473681.31,tax-exempt bonds value: 6750.68,S&P 500 pre-tax value: 31907.29,S&P 500 after-tax value: 903224.03
2045,cash value: 1000,S&P 500 non-retirement value: 1592190.59,tax-exempt bonds value: 7024.02,S&P 500 pre-tax value: 33214.25,S&P 500 after-tax value: 1017957.92
2046,cash value: 1000,S&P 500 non-retirement value: 1693314.44,tax-exempt bonds value: 7498.52,S&P 500 pre-tax value: 35173.39,S&P 500 after-tax value: 1128876.29
2047,cash value: 1000,S&P 500 non-retirement value: 1813318.2,tax-exempt bonds value: 8115.31,S&P 500 pre-tax value: 36867.15,S&P 500 after-tax value: 1260102.48
2048,cash value: 1000,S&P 500 non-retirement value: 1902764.71,tax-exempt bonds value: 8530.01,S&P 500 pre-tax value: 39459.62,S&P 500 after-tax value: 1377864.1
2049,cash value: 1000,S&P 500 non-retirement value: 2026129.71,tax-exempt bonds value: 9229.95,S&P 500 pre-tax value: 42217.38,S&P 500 after-tax value: 1528483.82
2050,cash value: 1000,S&P 500 non-retirement value: 2176214.05,tax-exempt bonds value: 9731.35,S&P 500 pre-tax value: 44643.27,S&P 500 after-tax value: 1709882.47
2051,cash value: 1000,S&P 500 non-retirement value: 2270265.41,tax-exempt bonds value: 10222.17,S&P 500 pre-tax value: 45982.49,S&P 500 after-tax value: 1857489.88
2052,cash value: 1000,S&P 500 non-retirement value: 2401982.14,tax-exempt bonds value: 10385.08,S&P 500 pre-tax value: 48869.69,S&P 500 after-tax value: 2046132.93
2053,cash value: 1000,S&P 500 non-retirement value: 2557139.87,tax-exempt bonds value: 11101.38,S&P 500 pre-tax value: 51068.74,S&P 500 after-tax value: 2267652.34
2054,cash value: 1000,S&P 500 non-retirement value: 2679903.08,tax-exempt bonds value: 11269.1,S&P 500 pre-tax value: 55534.55,S&P 500 after-tax value: 2473756.69
2055,cash value: 1000,S&P 500 non-retirement value: 2798796.54,tax-exempt bonds value: 11802.34,S&P 500 pre-tax value: 57988.18,S&P 500 after-tax value: 2689039.81
2056,cash value: 1000,S&P 500 non-retirement value: 2919873.13,tax-exempt bonds value: 12347.1,S&P 500 pre-tax value: 62446.15,S&P 500 after-tax value: 2919873.13
2057,cash value: 1000,S&P 500 non-retirement value: 3062924.01,tax-exempt bonds value: 13236.41,S&P 500 pre-tax value: 66327.9,S&P 500 after-tax value: 3187941.32
2058,cash value: 1000,S&P 500 non-retirement value: 3231598.98,tax-exempt bonds value: 14472.94,S&P 500 pre-tax value: 68888.26,S&P 500 after-tax value: 3500898.89
2059,cash value: 1000,S&P 500 non-retirement value: 3396349.72,tax-exempt bonds value: 14930.56,S&P 500 pre-tax value: 74567.9,S&P 500 after-tax value: 3829926.27
2060,cash value: 1000,S&P 500 non-retirement value: 3644287.2,tax-exempt bonds value: 15817.17,S&P 500 pre-tax value: 74296.96,S&P 500 after-tax value: 4278076.28
2061,cash value: 1000,S&P 500 non-retirement value: 3759935.56,tax-exempt bonds value: 17021.99,S&P 500 pre-tax value: 74742.78,S&P 500 after-tax value: 4595476.79
2062,cash value: 1000,S&P 500 non-retirement value: 3898010.82,tax-exempt bonds value: 18082.31,S&P 500 pre-tax value: 75238.12,S&P 500 after-tax value: 4961104.67
2063,cash value: 1000,S&P 500 non-retirement value: 4075208.69,tax-exempt bonds value: 19206.82,S&P 500 pre-tax value: 77604.11,S&P 500 after-tax value: 5402020.83
2064,cash value: 1000,S&P 500 non-retirement value: 4311013.69,tax-exempt bonds value: 20288.26,S&P 500 pre-tax value: 80274.64,S&P 500 after-tax value: 5953304.61
2065,cash value: 1000,S&P 500 non-retirement value: 4584471.75,tax-exempt bonds value: 21331.12,S&P 500 pre-tax value: 81472.25,S&P 500 after-tax value: 6597166.67
year,investments
2026,cash value: 1000,S&P 500 non-retirement value: 139907.72,tax-exempt bonds value: 2117.38,S&P 500 pre-tax value: 10508.45,S&P 500 after-tax value: 34976.93
2027,cash value: 1000,S&P 500 non-retirement value: 193424.04,tax-exempt bonds value: 2344.14,S&P 500 pre-tax value: 11140.1,S&P 500 after-tax value: 51416.52
2028,cash value: 1000,S&P 500 non-retirement value: 247992.34,tax-exempt bonds value: 2490.7,S&P 500 pre-tax value: 11651.86,S&P 500 after-tax value: 69946.56
2029,cash value: 1000,S&P 500 non-retirement value: 304281.24,tax-exempt bonds value: 2560.71,S&P 500 pre-tax value: 12387.12,S&P 500 after-tax value: 90889.2
2030,cash value: 1000,S&P 500 non-retirement value: 364907.39,tax-exempt bonds value: 2708.54,S&P 500 pre-tax value: 13273.61,S&P 500 after-tax value: 115233.91
2031,cash value: 1000,S&P 500 non-retirement value: 425271.59,tax-exempt bonds value: 2829.1,S&P 500 pre-tax value: 14184.65,S&P 500 after-tax value: 141757.2
2032,cash value: 1000,S&P 500 non-retirement value: 493319.82,tax-exempt bonds value: 2966.47,S&P 500 pre-tax value: 15294.09,S&P 500 after-tax value: 173328.59
2033,cash value: 1000,S&P 500 non-retirement value: 566615.54,tax-exempt bonds value: 3119.76,S&P 500 pre-tax value: 16440.99,S&P 500 after-tax value: 209570.13
2034,cash value: 1000,S&P 500 non-retirement value: 630755.65,tax-exempt bonds value: 3255.12,S&P 500 pre-tax value: 17473.33,S&P 500 after-tax value: 245293.87
2035,cash value: 1000,S&P 500 non-retirement value: 707772.5,tax-exempt bonds value: 3477.94,S&P 500 pre-tax value: 18681.8,S&P 500 after-tax value: 289090.18
2036,cash value: 1000,S&P 500 non-retirement value: 814841.92,tax-exempt bonds value: 3762.6,S&P 500 pre-tax value: 20353.7,S&P 500 after-tax value: 349217.96
2037,cash value: 1000,S&P 500 non-retirement value: 903673.25,tax-exempt bonds value: 3945.09,S&P 500 pre-tax value: 21322.49,S&P 500 after-tax value: 405998.13
2038,cash value: 1000,S&P 500 non-retirement value: 967712.03,tax-exempt bonds value: 4289.03,S&P 500 pre-tax value: 22126.51,S&P 500 after-tax value: 455393.89
2039,cash value: 1000,S&P 500 non-retirement value: 1069384.66,tax-exempt bonds value: 4572.57,S&P 500 pre-tax value: 23936.83,S&P 500 after-tax value: 526711.85
2040,cash value: 1000,S&P 500 non-retirement value: 1154717.73,tax-exempt bonds value: 4886.69,S&P 500 pre-tax value: 25428.5,S&P 500 after-tax value: 594854.59
2041,cash value: 1000,S&P 500 non-retirement value: 1258570.67,tax-exempt bonds value: 5115.58,S&P 500 pre-tax value: 25871.72,S&P 500 after-tax value: 677691.9
2042,cash value: 1000,S&P 500 non-retirement value: 1340255.69,tax-exempt bonds value: 5399.4,S&P 500 pre-tax value: 27575.12,S&P 500 after-tax value: 753893.83
2043,cash value: 1000,S&P 500 non-retirement value: 1454572.74,tax-exempt bonds value: 5740.86,S&P 500 pre-tax value: 28681.67,S&P 500 after-tax value: 854272.88
2044,cash value: 1000,S&P 500 non-retirement value: 1566361.58,tax-exempt bonds value: 6118.34,S&P 500 pre-tax value: 29962.28,S&P 500 after-tax value: 960028.06
2045,cash value: 1000,S&P 500 non-retirement value: 1680506.85,tax-exempt bonds value: 6398.61,S&P 500 pre-tax value: 31121.56,S&P 500 after-tax value: 1074422.41
2046,cash value: 1000,S&P 500 non-retirement value: 1784744.86,tax-exempt bonds value: 6741.23,S&P 500 pre-tax value: 33351.45,S&P 500 after-tax value: 1189829.91
2047,cash value: 1000,S&P 500 non-retirement value: 1942260.49,tax-exempt bonds value: 7141.55,S&P 500 pre-tax value: 34301.45,S&P 500 after-tax value: 1349706.44
2048,cash value: 1000,S&P 500 non-retirement value: 2046296.37,tax-exempt bonds value: 7505.85,S&P 500 pre-tax value: 35726.1,S&P 500 after-tax value: 1481800.82
2049,cash value: 1000,S&P 500 non-retirement value: 2231649.21,tax-exempt bonds value: 8001.15,S&P 500 pre-tax value: 38732.71,S&P 500 after-tax value: 1683524.84
2050,cash value: 1000,S&P 500 non-retirement value: 2377701.1,tax-exempt bonds value: 8434.85,S&P 500 pre-tax value: 41105.26,S&P 500 after-tax value: 1868193.72
2051,cash value: 1000,S&P 500 non-retirement value: 2474474.63,tax-exempt bonds value: 8952.93,S&P 500 pre-tax value: 44307.24,S&P 500 after-tax value: 2024570.15
2052,cash value: 1000,S&P 500 non-retirement value: 2657541.96,tax-exempt bonds value: 9492.08,S&P 500 pre-tax value: 47508.13,S&P 500 after-tax value: 2263832.04
2053,cash value: 1000,S&P 500 non-retirement value: 2788159.9,tax-exempt bonds value: 10329.91,S&P 500 pre-tax value: 51699.57,S&P 500 after-tax value: 2472519.16
2054,cash value: 1000,S&P 500 non-retirement value: 2900690.3,tax-exempt bonds value: 10916.55,S&P 500 pre-tax value: 54255.49,S&P 500 after-tax value: 2677560.27
2055,cash value: 1000,S&P 500 non-retirement value: 2996708.85,tax-exempt bonds value: 11507,S&P 500 pre-tax value: 56535.17,S&P 500 after-tax value: 2879190.86
2056,cash value: 1000,S&P 500 non-retirement value: 3131494.54,tax-exempt bonds value: 11987.07,S&P 500 pre-tax value: 60494.54,S&P 500 after-tax value: 3131494.54
2057,cash value: 1000,S&P 500 non-retirement value: 3233435.14,tax-exempt bonds value: 12906.11,S&P 500 pre-tax value: 63934.02,S&P 500 after-tax value: 3365412.08
2058,cash value: 1000,S&P 500 non-retirement value: 3400677.44,tax-exempt bonds value: 13219.87,S&P 500 pre-tax value: 67954.72,S&P 500 after-tax value: 3684067.22
2059,cash value: 1000,S&P 500 non-retirement value: 3561720.88,tax-exempt bonds value: 13683.34,S&P 500 pre-tax value: 73132.04,S&P 500 after-tax value: 4016408.65
2060,cash value: 1000,S&P 500 non-retirement value: 3770709.11,tax-exempt bonds value: 14632.5,S&P 500 pre-tax value: 76733.72,S&P 500 after-tax value: 4426484.61
2061,cash value: 1000,S&P 500 non-retirement value: 3894501.41,tax-exempt bonds value: 15121.31,S&P 500 pre-tax value: 76802.42,S&P 500 after-tax value: 4759946.17
2062,cash value: 1000,S&P 500 non-retirement value: 4209739.9,tax-exempt bonds value: 16107.09,S&P 500 pre-tax value: 77142.44,S&P 500 after-tax value: 5357850.78
2063,cash value: 1000,S&P 500 non-retirement value: 4370324.29,tax-exempt bonds value: 17315.46,S&P 500 pre-tax value: 78038.94,S&P 500 after-tax value: 5793220.57
2064,cash value: 1000,S&P 500 non-retirement value: 4621576.22,tax-exempt bonds value: 17789.49,S&P 500 pre-tax value: 77003.24,S&P 500 after-tax value: 6382176.68
2065,cash value: 1000,S&P 500 non-retirement value: 4786121.19,tax-exempt bonds value: 18289.97,S&P 500 pre-tax value: 78380.76,S&P 500 after-tax value: 6887345.13
year,investments
2026,cash value: 1000,S&P 500 non-retirement value: 139696.91,tax-exempt bonds value: 2088.65,S&P 500 pre-tax value: 10412.55,S&P 500 after-tax value: 34924.23
2027,cash value: 1000,S&P 500 non-retirement value: 191205.8,tax-exempt bonds value: 2180.08,S&P 500 pre-tax value: 10984.66,S&P 500 after-tax value: 50826.86
2028,cash value: 1000,S&P 500 non-retirement value: 252310.86,tax-exempt bonds value: 2326.78,S&P 500 pre-tax value: 11558.91,S&P 500 after-tax value: 71164.6
2029,cash value: 1000,S&P 500 non-retirement value: 315668.53,tax-exempt bonds value: 2505.96,S&P 500 pre-tax value: 12181.68,S&P 500 after-tax value: 94290.6
2030,cash value: 1000,S&P 500 non-retirement value: 378913.11,tax-exempt bonds value: 2609.96,S&P 500 pre-tax value: 12490.89,S&P 500 after-tax value: 119656.77
2031,cash value: 1000,S&P 500 non-retirement value: 442218.85,tax-exempt bonds value: 2785.98,S&P 500 pre-tax value: 13498.6,S&P 500 after-tax value: 147406.28
2032,cash value: 1000,S&P 500 non-retirement value: 511342.27,tax-exempt bonds value: 2878.01,S&P 500 pre-tax value: 14255.85,S&P 500 after-tax value: 179660.8
2033,cash value: 1000,S&P 500 non-retirement value: 581718.31,tax-exempt bonds value: 3066.21,S&P 500 pre-tax value: 15414.14,S&P 500 after-tax value: 215156.09
2034,cash value: 1000,S&P 500 non-retirement value: 638832.66,tax-exempt bonds value: 3230.66,S&P 500 pre-tax value: 16261.45,S&P 500 after-tax value: 248434.92
2035,cash value: 1000,S&P 500 non-retirement value: 701834.79,tax-exempt bonds value: 3469.05,S&P 500 pre-tax value: 17002.18,S&P 500 after-tax value: 286664.91
2036,cash value: 1000,S&P 500 non-retirement value: 776041.36,tax-exempt bonds value: 3693.49,S&P 500 pre-tax value: 18071.84,S&P 500 after-tax value: 332589.15
2037,cash value: 1000,S&P 500 non-retirement value: 845190.58,tax-exempt bonds value: 4052.23,S&P 500 pre-tax value: 18679.25,S&P 500 after-tax value: 379723.3
2038,cash value: 1000,S&P 500 non-retirement value: 913413,tax-exempt bonds value: 4256.15,S&P 500 pre-tax value: 19861.91,S&P 500 after-tax value: 429841.41
2039,cash value: 1000,S&P 500 non-retirement value: 993111.59,tax-exempt bonds value: 4365.44,S&P 500 pre-tax value: 21163.43,S&P 500 after-tax value: 489144.51
2040,cash value: 1000,S&P 500 non-retirement value: 1070828.94,tax-exempt bonds value: 4600.24,S&P 500 pre-tax value: 22616.77,S&P 500 after-tax value: 551639.15
2041,cash value: 1000,S&P 500 non-retirement value: 1156397.22,tax-exempt bonds value: 4762.67,S&P 500 pre-tax value: 23889.15,S&P 500 after-tax value: 622675.42
2042,cash value: 1000,S&P 500 non-retirement value: 1274028.66,tax-exempt bonds value: 5125.26,S&P 500 pre-tax value: 24796.52,S&P 500 after-tax value: 716641.12
2043,cash value: 1000,S&P 500 non-retirement value: 1381818.73,tax-exempt bonds value: 5353.2,S&P 500 pre-tax value: 25801.13,S&P 500 after-tax value: 811544.33
2044,cash value: 1000,S&P 500 non-retirement value: 1465919.9,tax-exempt bonds value: 5698.97,S&P 500 pre-tax value: 26563.13,S&P 500 after-tax value: 898467.03
2045,cash value: 1000,S&P 500 non-retirement value: 1572170.85,tax-exempt bonds value: 6076.36,S&P 500 pre-tax value: 28167.37,S&P 500 after-tax value: 1005158.41
2046,cash value: 1000,S&P 500 non-retirement value: 1694907.87,tax-exempt bonds value: 6451.79,S&P 500 pre-tax value: 29530.47,S&P 500 after-tax value: 1129938.58
2047,cash value: 1000,S&P 500 non-retirement value: 1744336.22,tax-exempt bonds value: 6623.72,S&P 500 pre-tax value: 30658.79,S&P 500 after-tax value: 1212165.85
2048,cash value: 1000,S&P 500 non-retirement value: 1810969.39,tax-exempt bonds value: 6719.19,S&P 500 pre-tax value: 32281.23,S&P 500 after-tax value: 1311391.63
2049,cash value: 1000,S&P 500 non-retirement value: 1951488.43,tax-exempt bonds value: 7188.45,S&P 500 pre-tax value: 33477.91,S&P 500 after-tax value: 1472175.48
2050,cash value: 1000,S&P 500 non-retirement value: 2059073.87,tax-exempt bonds value: 7601.34,S&P 500 pre-tax value: 36179.06,S&P 500 after-tax value: 1617843.75
2051,cash value: 1000,S&P 500 non-retirement value: 2152455.21,tax-exempt bonds value: 7914.1,S&P 500 pre-tax value: 37806.06,S&P 500 after-tax value: 1761099.72
2052,cash value: 1000,S&P 500 non-retirement value: 2286921.9,tax-exempt bonds value: 8369.1,S&P 500 pre-tax value: 39216,S&P 500 after-tax value: 1948118.65
2053,cash value: 1000,S&P 500 non-retirement value: 2390244.03,tax-exempt bonds value: 8571.17,S&P 500 pre-tax value: 41646.88,S&P 500 after-tax value: 2119650.37
2054,cash value: 1000,S&P 500 non-retirement value: 2541430.18,tax-exempt bonds value: 8963.77,S&P 500 pre-tax value: 44831.77,S&P 500 after-tax value: 2345935.55
2055,cash value: 1000,S&P 500 non-retirement value: 2631194.64,tax-exempt bonds value: 9681.25,S&P 500 pre-tax value: 47667.77,S&P 500 after-tax value: 2528010.54
2056,cash value: 1000,S&P 500 non-retirement value: 2799431.36,tax-exempt bonds value: 10414.33,S&P 500 pre-tax value: 50648.81,S&P 500 after-tax value: 2799431.36
2057,cash value: 1000,S&P 500 non-retirement value: 2971934.42,tax-exempt bonds value: 11150.05,S&P 500 pre-tax value: 53567.26,S&P 500 after-tax value: 3093237.87
2058,cash value: 1000,S&P 500 non-retirement value: 3128859.35,tax-exempt bonds value: 11601.96,S&P 500 pre-tax value: 55549.04,S&P 500 after-tax value: 3389597.63
2059,cash value: 1000,S&P 500 non-retirement value: 3272360.12,tax-exempt bonds value: 12369.67,S&P 500 pre-tax value: 60029.33,S&P 500 after-tax value: 3690108.22
2060,cash value: 1000,S&P 500 non-retirement value: 3374031.87,tax-exempt bonds value: 13311.77,S&P 500 pre-tax value: 62455.89,S&P 500 after-tax value: 3960820.02
2061,cash value: 1000,S&P 500 non-retirement value: 3460751.77,tax-exempt bonds value: 13941.22,S&P 500 pre-tax value: 61974.2,S&P 500 after-tax value: 4229807.72
2062,cash value: 1000,S&P 500 non-retirement value: 3681741.6,tax-exempt bonds value: 14775.51,S&P 500 pre-tax value: 63894.79,S&P 500 after-tax value: 4685852.95
2063,cash value: 1000,S&P 500 non-retirement value: 3845183.29,tax-exempt bonds value: 15719.37,S&P 500 pre-tax value: 65409.46,S&P 500 after-tax value: 5097103.43
2064,cash value: 1000,S&P 500 non-retirement value: 4114815.25,tax-exempt bonds value: 16811.63,S&P 500 pre-tax value: 65950.73,S&P 500 after-tax value: 5682363.91
2065,cash value: 1000,S&P 500 non-retirement value: 4360532.27,tax-exempt bonds value: 18293.29,S&P 500 pre-tax value: 67044.23,S&P 500 after-tax value: 6274912.29
year,investments
2026,cash value: 1000,S&P 500 non-retirement value: 138583.96,tax-exempt bonds value: 2151.93,S&P 500 pre-tax value: 10596.1,S&P 500 after-tax value: 34645.99
2027,cash value: 1000,S&P 500 non-retirement value: 188872.83,tax-exempt bonds value: 2224.3,S&P 500 pre-tax value: 11424.46,S&P 500 after-tax value: 50206.7
2028,cash value: 1000,S&P 500 non-retirement value: 240720.6,tax-exempt bonds value: 2376.19,S&P 500 pre-tax value: 12147.86,S&P 500 after-tax value: 67895.55
2029,cash value: 1000,S&P 500 non-retirement value: 298173.62,tax-exempt bonds value: 2454.34,S&P 500 pre-tax value: 12993.32,S&P 500 after-tax value: 89064.85
2030,cash value: 1000,S&P 500 non-retirement value: 352426.94,tax-exempt bonds value: 2564.97,S&P 500 pre-tax value: 13556.93,S&P 500 after-tax value: 111292.72
2031,cash value: 1000,S&P 500 non-retirement value: 408932.73,tax-exempt bonds value: 2757.21,S&P 500 pre-tax value: 14135.27,S&P 500 after-tax value: 136310.91
2032,cash value: 1000,S&P 500 non-retirement value: 468059.84,tax-exempt bonds value: 2926,S&P 500 pre-tax value: 15125.65,S&P 500 after-tax value: 164453.46
2033,cash value: 1000,S&P 500 non-retirement value: 523927.1,tax-exempt bonds value: 2971.46,S&P 500 pre-tax value: 16407.2,S&P 500 after-tax value: 193781.25
2034,cash value: 1000,S&P 500 non-retirement value: 588494.43,tax-exempt bonds value: 3149.5,S&P 500 pre-tax value: 17135.16,S&P 500 after-tax value: 228858.95
2035,cash value: 1000,S&P 500 non-retirement value: 654270.03,tax-exempt bonds value: 3316.63,S&P 500 pre-tax value: 17787.37,S&P 500 after-tax value: 267237.05
2036,cash value: 1000,S&P 500 non-retirement value: 723361.14,tax-exempt bonds value: 3477.91,S&P 500 pre-tax value: 18470.47,S&P 500 after-tax value: 310011.92
2037,cash value: 1000,S&P 500 non-retirement value: 830108.46,tax-exempt bonds value: 3716.32,S&P 500 pre-tax value: 19407.24,S&P 500 after-tax value: 372947.28
2038,cash value: 1000,S&P 500 non-retirement value: 893082.64,tax-exempt bonds value: 3904.64,S&P 500 pre-tax value: 20728.17,S&P 500 after-tax value: 420274.19
2039,cash value: 1000,S&P 500 non-retirement value: 987903.89,tax-exempt bonds value: 4192.67,S&P 500 pre-tax value: 22163.57,S&P 500 after-tax value: 486579.53
2040,cash value: 1000,S&P 500 non-retirement value: 1078498.55,tax-exempt bonds value: 4433.06,S&P 500 pre-tax value: 23658.14,S&P 500 after-tax value: 555590.16
2041,cash value: 1000,S&P 500 non-retirement value: 1169119.05,tax-exempt bonds value: 4713.97,S&P 500 pre-tax value: 24869.37,S&P 500 after-tax value: 629525.64
2042,cash value: 1000,S&P 500 non-retirement value: 1254929.66,tax-exempt bonds value: 4991.96,S&P 500 pre-tax value: 25850.16,S&P 500 after-tax value: 705897.93
2043,cash value: 1000,S&P 500 non-retirement value: 1377139.42,tax-exempt bonds value: 5469.19,S&P 500 pre-tax value: 27414.26,S&P 500 after-tax value: 808796.17
2044,cash value: 1000,S&P 500 non-retirement value: 1483028.68,tax-exempt bonds value: 5766.65,S&P 500 pre-tax value: 28670.7,S&P 500 after-tax value: 908953.06
2045,cash value: 1000,S&P 500 non-retirement value: 1604562.15,tax-exempt bonds value: 5889.35,S&P 500 pre-tax value: 31000.98,S&P 500 after-tax value: 1025867.61
2046,cash value: 1000,S&P 500 non-retirement value: 1718483.2,tax-exempt bonds value: 6073.74,S&P 500 pre-tax value: 33123.41,S&P 500 after-tax value: 1145655.47
2047,cash value: 1000,S&P 500 non-retirement value: 1831810.9,tax-exempt bonds value: 6650.9,S&P 500 pre-tax value: 34571.46,S&P 500 after-tax value: 1272953.34
2048,cash value: 1000,S&P 500 non-retirement value: 1946500.24,tax-exempt bonds value: 7126.12,S&P 500 pre-tax value: 36911.42,S&P 500 after-tax value: 1409534.66
2049,cash value: 1000,S&P 500 non-retirement value: 2059163.24,tax-exempt bonds value: 7737.45,S&P 500 pre-tax value: 39219.23,S&P 500 after-tax value: 1553403.85
2050,cash value: 1000,S&P 500 non-retirement value: 2178754.7,tax-exempt bonds value: 8169.86,S&P 500 pre-tax value: 42996.77,S&P 500 after-tax value: 1711878.7
2051,cash value: 1000,S&P 500 non-retirement value: 2268650.21,tax-exempt bonds value: 8619.32,S&P 500 pre-tax value: 45360.73,S&P 500 after-tax value: 1856168.35
2052,cash value: 1000,S&P 500 non-retirement value: 2410499.93,tax-exempt bonds value: 9200.69,S&P 500 pre-tax value: 47570.87,S&P 500 after-tax value: 2053388.83
2053,cash value: 1000,S&P 500 non-retirement value: 2566179.75,tax-exempt bonds value: 9736.08,S&P 500 pre-tax value: 51016.95,S&P 500 after-tax value: 2275668.83
2054,cash value: 1000,S&P 500 non-retirement value: 2714859.42,tax-exempt bonds value: 10367.33,S&P 500 pre-tax value: 54357.95,S&P 500 after-tax value: 2506024.08
2055,cash value: 1000,S&P 500 non-retirement value: 2874489.84,tax-exempt bonds value: 10738.57,S&P 500 pre-tax value: 57555.77,S&P 500 after-tax value: 2761764.75
2056,cash value: 1000,S&P 500 non-retirement value: 3039383.76,tax-exempt bonds value: 11404.74,S&P 500 pre-tax value: 62467.12,S&P 500 after-tax value: 3039383.76
2057,cash value: 1000,S&P 500 non-retirement value: 3136602.43,tax-exempt bonds value: 12328.47,S&P 500 pre-tax value: 65981.16,S&P 500 after-tax value: 3264627.02
2058,cash value: 1000,S&P 500 non-retirement value: 3324761.51,tax-exempt bonds value: 12964.72,S&P 500 pre-tax value: 69741.76,S&P 500 after-tax value: 3601824.97
2059,cash value: 1000,S&P 500 non-retirement value: 3521877.45,tax-exempt bonds value: 13787.02,S&P 500 pre-tax value: 73923.63,S&P 500 after-tax value: 3971478.82
2060,cash value: 1000,S&P 500 non-retirement value: 3686636.83,tax-exempt bonds value: 14872.83,S&P 500 pre-tax value: 74584.03,S&P 500 after-tax value: 4327791.06
2061,cash value: 1000,S&P 500 non-retirement value: 3845305.7,tax-exempt bonds value: 15590.45,S&P 500 pre-tax value: 74115.53,S&P 500 after-tax value: 4699818.07
2062,cash value: 1000,S&P 500 non-retirement value: 3999987.36,tax-exempt bonds value: 16098.97,S&P 500 pre-tax value: 74920.51,S&P 500 after-tax value: 5090893
2063,cash value: 1000,S&P 500 non-retirement value: 4095790.92,tax-exempt bonds value: 16667.74,S&P 500 pre-tax value: 75237.74,S&P 500 after-tax value: 5429304.24
2064,cash value: 1000,S&P 500 non-retirement value: 4206703.96,tax-exempt bonds value: 17805.02,S&P 500 pre-tax value: 76809.63,S&P 500 after-tax value: 5809257.84
2065,cash value: 1000,S&P 500 non-retirement value: 4292698.68,tax-exempt bonds value: 18425.71,S&P 500 pre-tax value: 78160.64,S&P 500 after-tax value: 6177298.1
year,investments
2026,cash value: 1000,S&P 500 non-retirement value: 138342.14,tax-exempt bonds value: 2113.87,S&P 500 pre-tax value: 10779.47,S&P 500 after-tax value: 34585.53
2027,cash value: 1000,S&P 500 non-retirement value: 185367.21,tax-exempt bonds value: 2225.86,S&P 500 pre-tax value: 11486.74,S&P 500 after-tax value: 49274.83
2028,cash value: 1000,S&P 500 non-retirement value: 238169.71,tax-exempt bonds value: 2328.26,S&P 500 pre-tax value: 12291.22,S&P 500 after-tax value: 67176.07
2029,cash value: 1000,S&P 500 non-retirement value: 296278.35,tax-exempt bonds value: 2509.14,S&P 500 pre-tax value: 12949.52,S&P 500 after-tax value: 88498.73
2030,cash value: 1000,S&P 500 non-retirement value: 354274.54,tax-exempt bonds value: 2638.28,S&P 500 pre-tax value: 13526.9,S&P 500 after-tax value: 111876.17
2031,cash value: 1000,S&P 500 non-retirement value: 420506.63,tax-exempt bonds value: 2722.76,S&P 500 pre-tax value: 14672.21,S&P 500 after-tax value: 140168.88
2032,cash value: 1000,S&P 500 non-retirement value: 482521.52,tax-exempt bonds value: 3038.59,S&P 500 pre-tax value: 16089.48,S&P 500 after-tax value: 169534.59
2033,cash value: 1000,S&P 500 non-retirement value: 550805.69,tax-exempt bonds value: 3111.21,S&P 500 pre-tax value: 17070.15,S&P 500 after-tax value: 203722.65
2034,cash value: 1000,S&P 500 non-retirement value: 619357.77,tax-exempt bonds value: 3244.48,S&P 500 pre-tax value: 18451.5,S&P 500 after-tax value: 240861.35
2035,cash value: 1000,S&P 500 non-retirement value: 687495.78,tax-exempt bonds value: 3501.59,S&P 500 pre-tax value: 19257.61,S&P 500 after-tax value: 280808.14
2036,cash value: 1000,S&P 500 non-retirement value: 755265.7,tax-exempt bonds value: 3719.05,S&P 500 pre-tax value: 20802.75,S&P 500 after-tax value: 323685.3
2037,cash value: 1000,S&P 500 non-retirement value: 816345.66,tax-exempt bonds value: 4061.82,S&P 500 pre-tax value: 22555.99,S&P 500 after-tax value: 366763.99
2038,cash value: 1000,S&P 500 non-retirement value: 892767.06,tax-exempt bonds value: 4255.11,S&P 500 pre-tax value: 23781.63,S&P 500 after-tax value: 420125.68
2039,cash value: 1000,S&P 500 non-retirement value: 968287.18,tax-exempt bonds value: 4447.24,S&P 500 pre-tax value: 25082.15,S&P 500 after-tax value: 476917.57
2040,cash value: 1000,S&P 500 non-retirement value: 1070708.39,tax-exempt bonds value: 4638.24,S&P 500 pre-tax value: 26513.17,S&P 500 after-tax value: 551577.05
2041,cash value: 1000,S&P 500 non-retirement value: 1168218.34,tax-exempt bonds value: 5133.17,S&P 500 pre-tax value: 27594.58,S&P 500 after-tax value: 629040.64
2042,cash value: 1000,S&P 500 non-retirement value: 1275856.69,tax-exempt bonds value: 5525.76,S&P 500 pre-tax value: 30138.31,S&P 500 after-tax value: 717669.39
2043,cash value: 1000,S&P 500 non-retirement value: 1350284.73,tax-exempt bonds value: 5939.19,S&P 500 pre-tax value: 31860.83,S&P 500 after-tax value: 793024.37
2044,cash value: 1000,S&P 500 non-retirement value: 1441337.22,tax-exempt bonds value: 6129.05,S&P 500 pre-tax value: 34344.01,S&P 500 after-tax value: 883400.23
2045,cash value: 1000,S&P 500 non-retirement value: 1501369.2,tax-exempt bonds value: 6537.16,S&P 500 pre-tax value: 36256.5,S&P 500 after-tax value: 959891.79
2046,cash value: 1000,S&P 500 non-retirement value: 1637432.72,tax-exempt bonds value: 6837.06,S&P 500 pre-tax value: 38525,S&P 500 after-tax value: 1091621.81
2047,cash value: 1000,S&P 500 non-retirement value: 1738844.6,tax-exempt bonds value: 6929,S&P 500 pre-tax value: 41415.81,S&P 500 after-tax value: 1208349.64
2048,cash value: 1000,S&P 500 non-retirement value: 1850528.19,tax-exempt bonds value: 7280.31,S&P 500 pre-tax value: 44895.18,S&P 500 after-tax value: 1340037.66
2049,cash value: 1000,S&P 500 non-retirement value: 1925856.49,tax-exempt bonds value: 7481.16,S&P 500 pre-tax value: 47544.68,S&P 500 after-tax value: 1452839.1
2050,cash value: 1000,S&P 500 non-retirement value: 2043637.35,tax-exempt bonds value: 7858.65,S&P 500 pre-tax value: 50199.98,S&P 500 after-tax value: 1605715.06
2051,cash value: 1000,S&P 500 non-retirement value: 2096614.7,tax-exempt bonds value: 8584,S&P 500 pre-tax value: 52036,S&P 500 after-tax value: 1715412.03
2052,cash value: 1000,S&P 500 non-retirement value: 2186432.46,tax-exempt bonds value: 8882.77,S&P 500 pre-tax value: 55254.27,S&P 500 after-tax value: 1862516.54
2053,cash value: 1000,S&P 500 non-retirement value: 2327047.98,tax-exempt bonds value: 9435.49,S&P 500 pre-tax value: 56797.2,S&P 500 after-tax value: 2063608.59
2054,cash value: 1000,S&P 500 non-retirement value: 2497055.97,tax-exempt bonds value: 9761.12,S&P 500 pre-tax value: 58342.78,S&P 500 after-tax value: 2304974.74
2055,cash value: 1000,S&P 500 non-retirement value: 2657680.18,tax-exempt bonds value: 10293.26,S&P 500 pre-tax value: 61437.66,S&P 500 after-tax value: 2553457.43
2056,cash value: 1000,S&P 500 non-retirement value: 2737969.02,tax-exempt bonds value: 10840.52,S&P 500 pre-tax value: 66193.95,S&P 500 after-tax value: 2737969.02
2057,cash value: 1000,S&P 500 non-retirement value: 2939580.25,tax-exempt bonds value: 11319.29,S&P 500 pre-tax value: 70629.66,S&P 500 after-tax value: 3059563.11
2058,cash value: 1000,S&P 500 non-retirement value: 3112069.05,tax-exempt bonds value: 11988.5,S&P 500 pre-tax value: 74036.28,S&P 500 after-tax value: 3371408.14
2059,cash value: 1000,S&P 500 non-retirement value: 3276913.69,tax-exempt bonds value: 12674.95,S&P 500 pre-tax value: 77491.55,S&P 500 after-tax value: 3695243.1
2060,cash value: 1000,S&P 500 non-retirement value: 3460689.04,tax-exempt bonds value: 13305.15,S&P 500 pre-tax value: 76623.46,S&P 500 after-tax value: 4062548.01
2061,cash value: 1000,S&P 500 non-retirement value: 3617765.36,tax-exempt bonds value: 13832.68,S&P 500 pre-tax value: 78168.43,S&P 500 after-tax value: 4421713.21
2062,cash value: 1000,S&P 500 non-retirement value: 3873747.37,tax-exempt bonds value: 14589.05,S&P 500 pre-tax value: 78353.5,S&P 500 after-tax value: 4930223.92
2063,cash value: 1000,S&P 500 non-retirement value: 4036632.58,tax-exempt bonds value: 15502.7,S&P 500 pre-tax value: 79491.23,S&P 500 after-tax value: 5350885.05
2064,cash value: 1000,S&P 500 non-retirement value: 4192785.44,tax-exempt bonds value: 16296.48,S&P 500 pre-tax value: 80014.08,S&P 500 after-tax value: 5790037.04
2065,cash value: 1000,S&P 500 non-retirement value: 4345749.41,tax-exempt bonds value: 17318.17,S&P 500 pre-tax value: 81405.11,S&P 500 after-tax value: 6253639.39
year,investments
2026,cash value: 1000,S&P 500 non-retirement value: 141074.21,tax-exempt bonds value: 2097.54,S&P 500 pre-tax value: 10467.07,S&P 500 after-tax value: 35268.55
2027,cash value: 1000,S&P 500 non-retirement value: 190993.76,tax-exempt bonds value: 2150.07,S&P 500 pre-tax value: 11183.18,S&P 500 after-tax value: 50770.49
2028,cash value: 1000,S&P 500 non-retirement value: 247463.79,tax-exempt bonds value: 2311.8,S&P 500 pre-tax value: 11915.38,S&P 500 after-tax value: 69797.48
2029,cash value: 1000,S&P 500 non-retirement value: 302825.46,tax-exempt bonds value: 2416.29,S&P 500 pre-tax value: 12571.91,S&P 500 after-tax value: 90454.36
2030,cash value: 1000,S&P 500 non-retirement value: 359743.12,tax-exempt bonds value: 2549.4,S&P 500 pre-tax value: 12989.59,S&P 500 after-tax value: 113603.09
2031,cash value: 1000,S&P 500 non-retirement value: 423908.61,tax-exempt bonds value: 2737.91,S&P 500 pre-tax value: 13860.32,S&P 500 after-tax value: 141302.87
2032,cash value: 1000,S&P 500 non-retirement value: 492446.08,tax-exempt bonds value: 2890.69,S&P 500 pre-tax value: 14492.59,S&P 500 after-tax value: 173021.6
2033,cash value: 1000,S&P 500 non-retirement value: 558399.01,tax-exempt bonds value: 3022.69,S&P 500 pre-tax value: 15485.86,S&P 500 after-tax value: 206531.14
2034,cash value: 1000,S&P 500 non-retirement value: 624602,tax-exempt bonds value: 3195.97,S&P 500 pre-tax value: 16481.75,S&P 500 after-tax value: 242900.78
2035,cash value: 1000,S&P 500 non-retirement value: 711132.61,tax-exempt bonds value: 3380.23,S&P 500 pre-tax value: 17369.91,S&P 500 after-tax value: 290462.61
2036,cash value: 1000,S&P 500 non-retirement value: 798809.22,tax-exempt bonds value: 3537.3,S&P 500 pre-tax value: 18777.7,S&P 500 after-tax value: 342346.81
2037,cash value: 1000,S&P 500 non-retirement value: 884459.08,tax-exempt bonds value: 3717.3,S&P 500 pre-tax value: 19793.65,S&P 500 after-tax value: 397365.67
2038,cash value: 1000,S&P 500 non-retirement value: 974043.02,tax-exempt bonds value: 3871.16,S&P 500 pre-tax value: 20724.9,S&P 500 after-tax value: 458373.19
2039,cash value: 1000,S&P 500 non-retirement value: 1045700.36,tax-exempt bonds value: 3995.56,S&P 500 pre-tax value: 21699.4,S&P 500 after-tax value: 515046.44
2040,cash value: 1000,S&P 500 non-retirement value: 1145817.07,tax-exempt bonds value: 4218.11,S&P 500 pre-tax value: 23275.29,S&P 500 after-tax value: 590269.4
2041,cash value: 1000,S&P 500 non-retirement value: 1235341.74,tax-exempt bonds value: 4633.77,S&P 500 pre-tax value: 24885.44,S&P 500 after-tax value: 665184.01
2042,cash value: 1000,S&P 500 non-retirement value: 1343140.72,tax-exempt bonds value: 4943.29,S&P 500 pre-tax value: 26574.46,S&P 500 after-tax value: 755516.65
2043,cash value: 1000,S&P 500 non-retirement value: 1439853.14,tax-exempt bonds value: 5278.89,S&P 500 pre-tax value: 28126.43,S&P 500 after-tax value: 845628.04
2044,cash value: 1000,S&P 500 non-retirement value: 1543279.07,tax-exempt bonds value: 5578.65,S&P 500 pre-tax value: 29474.78,S&P 500 after-tax value: 945880.72
2045,cash value: 1000,S&P 500 non-retirement value: 1664954.53,tax-exempt bonds value: 5854.4,S&P 500 pre-tax value: 31840.43,S&P 500 after-tax value: 1064479.13
2046,cash value: 1000,S&P 500 non-retirement value: 1791467.93,tax-exempt bonds value: 6079.02,S&P 500 pre-tax value: 33600.34,S&P 500 after-tax value: 1194311.95
2047,cash value: 1000,S&P 500 non-retirement value: 1922914.2,tax-exempt bonds value: 6499.41,S&P 500 pre-tax value: 35751.13,S&P 500 after-tax value: 1336262.41
2048,cash value: 1000,S&P 500 non-retirement value: 2006078.62,tax-exempt bonds value: 6989.97,S&P 500 pre-tax value: 37399.35,S&P 500 after-tax value: 1452677.62
2049,cash value: 1000,S&P 500 non-retirement value: 2147448.04,tax-exempt bonds value: 7329.06,S&P 500 pre-tax value: 40006.1,S&P 500 after-tax value: 1620004.66
2050,cash value: 1000,S&P 500 non-retirement value: 2295717.15,tax-exempt bonds value: 7615.61,S&P 500 pre-tax value: 42703.31,S&P 500 after-tax value: 1803777.76
2051,cash value: 1000,S&P 500 non-retirement value: 2415724.4,tax-exempt bonds value: 8178.66,S&P 500 pre-tax value: 46166.45,S&P 500 after-tax value: 1976501.78
2052,cash value: 1000,S&P 500 non-retirement value: 2579197.81,tax-exempt bonds value: 8317.38,S&P 500 pre-tax value: 51168.06,S&P 500 after-tax value: 2197094.43
2053,cash value: 1000,S&P 500 non-retirement value: 2825292.55,tax-exempt bonds value: 8650.1,S&P 500 pre-tax value: 54077.64,S&P 500 after-tax value: 2505448.11
2054,cash value: 1000,S&P 500 non-retirement value: 2998509.46,tax-exempt bonds value: 9013.64,S&P 500 pre-tax value: 56663.92,S&P 500 after-tax value: 2767854.88
2055,cash value: 1000,S&P 500 non-retirement value: 3171569.61,tax-exempt bonds value: 9582.34,S&P 500 pre-tax value: 60575.77,S&P 500 after-tax value: 3047194.33
2056,cash value: 1000,S&P 500 non-retirement value: 3235494.29,tax-exempt bonds value: 9896.34,S&P 500 pre-tax value: 63940.11,S&P 500 after-tax value: 3235494.29
2057,cash value: 1000,S&P 500 non-retirement value: 3334839.21,tax-exempt bonds value: 10459.64,S&P 500 pre-tax value: 68033.91,S&P 500 after-tax value: 3470955.1
2058,cash value: 1000,S&P 500 non-retirement value: 3444069.2,tax-exempt bonds value: 11190.3,S&P 500 pre-tax value: 72068.22,S&P 500 after-tax value: 3731074.97
2059,cash value: 1000,S&P 500 non-retirement value: 3538483.53,tax-exempt bonds value: 11952.11,S&P 500 pre-tax value: 77408.85,S&P 500 after-tax value: 3990204.83
2060,cash value: 1000,S&P 500 non-retirement value: 3676006.13,tax-exempt bonds value: 12592.43,S&P 500 pre-tax value: 78045.19,S&P 500 after-tax value: 4315311.55
2061,cash value: 1000,S&P 500 non-retirement value: 3838247.73,tax-exempt bonds value: 13234.06,S&P 500 pre-tax value: 80059.76,S&P 500 after-tax value: 4691191.67
2062,cash value: 1000,S&P 500 non-retirement value: 4080685.64,tax-exempt bonds value: 13954.61,S&P 500 pre-tax value: 85024.64,S&P 500 after-tax value: 5193599.9
2063,cash value: 1000,S&P 500 non-retirement value: 4332233.69,tax-exempt bonds value: 14875.85,S&P 500 pre-tax value: 84910.25,S&P 500 after-tax value: 5742728.39
2064,cash value: 1000,S&P 500 non-retirement value: 4537314.5,tax-exempt bonds value: 15522.23,S&P 500 pre-tax value: 87040.14,S&P 500 after-tax value: 6265815.26
2065,cash value: 1000,S&P 500 non-retirement value: 4644366.62,tax-exempt bonds value: 17063.67,S&P 500 pre-tax value: 89115.08,S&P 500 after-tax value: 6683356.84
