year,investments
2026,cash value: 1000,S&P 500 non-retirement value: 142905.54,tax-exempt bonds value: 2139.26,S&P 500 pre-tax value: 10305.49,S&P 500 after-tax value: 35726.39
2027,cash value: 1000,S&P 500 non-retirement value: 196009.33,tax-exempt bonds value: 2237.18,S&P 500 pre-tax value: 10887.11,S&P 500 after-tax value: 52103.75
2028,cash value: 1000,S&P 500 non-retirement value: 251343.81,tax-exempt bonds value: 2404.36,S&P 500 pre-tax value: 11995.44,S&P 500 after-tax value: 70891.84
2029,cash value: 1000,S&P 500 non-retirement value: 298783.11,tax-exempt bonds value: 2570.53,S&P 500 pre-tax value: 12744.14,S&P 500 after-tax value: 89246.9
2030,cash value: 1000,S&P 500 non-retirement value: 360960.6,tax-exempt bonds value: 2792.3,S&P 500 pre-tax value: 13656.79,S&P 500 after-tax value: 113987.56
2031,cash value: 1000,S&P 500 non-retirement value: 419442.68,tax-exempt bonds value: 2978.09,S&P 500 pre-tax value: 14857.92,S&P 500 after-tax value: 139814.23
2032,cash value: 1000,S&P 500 non-retirement value: 481119.84,tax-exempt bonds value: 3098.51,S&P 500 pre-tax value: 16044.99,S&P 500 after-tax value: 169042.11
2033,cash value: 1000,S&P 500 non-retirement value: 550922.61,tax-exempt bonds value: 3219.77,S&P 500 pre-tax value: 17569.1,S&P 500 after-tax value: 203765.9
2034,cash value: 1000,S&P 500 non-retirement value: 615382.58,tax-exempt bonds value: 3405.66,S&P 500 pre-tax value: 19090.47,S&P 500 after-tax value: 239315.45
2035,cash value: 1000,S&P 500 non-retirement value: 691666.38,tax-exempt bonds value: 3674.24,S&P 500 pre-tax value: 20625.32,S&P 500 after-tax value: 282511.62
2036,cash value: 1000,S&P 500 non-retirement value: 767812.81,tax-exempt bonds value: 3872.38,S&P 500 pre-tax value: 21749.81,S&P 500 after-tax value: 329062.63
2037,cash value: 1000,S&P 500 non-retirement value: 841618.55,tax-exempt bonds value: 4094.12,S&P 500 pre-tax value: 23141.91,S&P 500 after-tax value: 378118.48
2038,cash value: 1000,S&P 500 non-retirement value: 921135.93,tax-exempt bonds value: 4391.91,S&P 500 pre-tax value: 24895.62,S&P 500 after-tax value: 433475.73
2039,cash value: 1000,S&P 500 non-retirement value: 1009841.95,tax-exempt bonds value: 4658.05,S&P 500 pre-tax value: 25735.62,S&P 500 after-tax value: 497384.84
2040,cash value: 1000,S&P 500 non-retirement value: 1079006.44,tax-exempt bonds value: 4848.1,S&P 500 pre-tax value: 26590.43,S&P 500 after-tax value: 555851.8
2041,cash value: 1000,S&P 500 non-retirement value: 1174307.82,tax-exempt bonds value: 5117.58,S&P 500 pre-tax value: 28864.28,S&P 500 after-tax value: 632319.6
2042,cash value: 1000,S&P 500 non-retirement value: 1276036.83,tax-exempt bonds value: 5421.3,S&P 500 pre-tax value: 31078.36,S&P 500 after-tax value: 717770.72
2043,cash value: 1000,S&P 500 non-retirement value: 1358069.4,tax-exempt bonds value: 5787.32,S&P 500 pre-tax value: 32439.49,S&P 500 after-tax value: 797596.31
2044,cash value: 1000,S&P 500 non-retirement value: 1471909.41,tax-exempt bonds value: 6178.42,S&P 500 pre-tax value: 34000.94,S&P 500 after-tax value: 902138.03
2045,cash value: 1000,S&P 500 non-retirement value: 1588209.89,tax-exempt bonds value: 6741.74,S&P 500 pre-tax value: 37196.93,S&P 500 after-tax value: 1015412.88
2046,cash value: 1000,S&P 500 non-retirement value: 1711781.35,tax-exempt bonds value: 7120.16,S&P 500 pre-tax value: 38648.45,S&P 500 after-tax value: 1141187.56
2047,cash value: 1000,S&P 500 non-retirement value: 1817119.25,tax-exempt bonds value: 7398.7,S&P 500 pre-tax value: 41862.02,S&P 500 after-tax value: 1262743.88
2048,cash value: 1000,S&P 500 non-retirement value: 1911609.19,tax-exempt bonds value: 7861.98,S&P 500 pre-tax value: 44377.44,S&P 500 after-tax value: 1384268.72
2049,cash value: 1000,S&P 500 non-retirement value: 2035464.93,tax-exempt bonds value: 8287.3,S&P 500 pre-tax value: 48911.63,S&P 500 after-tax value: 1535526.17
2050,cash value: 1000,S&P 500 non-retirement value: 2161150.18,tax-exempt bonds value: 8815.53,S&P 500 pre-tax value: 53254.76,S&P 500 after-tax value: 1698046.57
2051,cash value: 1000,S&P 500 non-retirement value: 2298344.02,tax-exempt bonds value: 9398.96,S&P 500 pre-tax value: 54211.5,S&P 500 after-tax value: 1880463.29
2052,cash value: 1000,S&P 500 non-retirement value: 2459354.35,tax-exempt bonds value: 9879.35,S&P 500 pre-tax value: 57149.29,S&P 500 after-tax value: 2095005.56
2053,cash value: 1000,S&P 500 non-retirement value: 2609231.29,tax-exempt bonds value: 10896.32,S&P 500 pre-tax value: 61561.53,S&P 500 after-tax value: 2313846.61
2054,cash value: 1000,S&P 500 non-retirement value: 2751025.58,tax-exempt bonds value: 11544.37,S&P 500 pre-tax value: 63288.4,S&P 500 after-tax value: 2539408.23
2055,cash value: 1000,S&P 500 non-retirement value: 2812105.32,tax-exempt bonds value: 12358.16,S&P 500 pre-tax value: 66886.77,S&P 500 after-tax value: 2701826.68
2056,cash value: 1000,S&P 500 non-retirement value: 3008983.32,tax-exempt bonds value: 12752.81,S&P 500 pre-tax value: 70607.98,S&P 500 after-tax value: 3008983.32
2057,cash value: 1000,S&P 500 non-retirement value: 3148095.45,tax-exempt bonds value: 13476.63,S&P 500 pre-tax value: 74546.98,S&P 500 after-tax value: 3276589.14
2058,cash value: 1000,S&P 500 non-retirement value: 3271142.9,tax-exempt bonds value: 13970.47,S&P 500 pre-tax value: 78934.91,S&P 500 after-tax value: 3543738.15
2059,cash value: 1000,S&P 500 non-retirement value: 3426460.63,tax-exempt bonds value: 14858.3,S&P 500 pre-tax value: 85229.98,S&P 500 after-tax value: 3863881.14
2060,cash value: 1000,S&P 500 non-retirement value: 3538235.03,tax-exempt bonds value: 15745.66,S&P 500 pre-tax value: 85603.3,S&P 500 after-tax value: 4153580.25
2061,cash value: 1000,S&P 500 non-retirement value: 3643946.32,tax-exempt bonds value: 16485.95,S&P 500 pre-tax value: 85249.53,S&P 500 after-tax value: 4453712.17
2062,cash value: 1000,S&P 500 non-retirement value: 3767092.4,tax-exempt bonds value: 17448.57,S&P 500 pre-tax value: 87436.32,S&P 500 after-tax value: 4794481.24
2063,cash value: 1000,S&P 500 non-retirement value: 3912864.13,tax-exempt bonds value: 18531.28,S&P 500 pre-tax value: 88021.49,S&P 500 after-tax value: 5186819.89
2064,cash value: 1000,S&P 500 non-retirement value: 3993464.37,tax-exempt bonds value: 19845.31,S&P 500 pre-tax value: 91372.32,S&P 500 after-tax value: 5514784.13
2065,cash value: 1000,S&P 500 non-retirement value: 4194987.7,tax-exempt bonds value: 21052.73,S&P 500 pre-tax value: 88572.51,S&P 500 after-tax value: 6036689.62
year,investments
2026,cash value: 1000,S&P 500 non-retirement value: 140263.14,tax-exempt bonds value: 2123.79,S&P 500 pre-tax value: 10934.04,S&P 500 after-tax value: 35065.78
2027,cash value: 1000,S&P 500 non-retirement value: 192344.07,tax-exempt bonds value: 2151.3,S&P 500 pre-tax value: 11774.05,S&P 500 after-tax value: 51129.44
2028,cash value: 1000,S&P 500 non-retirement value: 251732.68,tax-exempt bonds value: 2333.89,S&P 500 pre-tax value: 12435.88,S&P 500 after-tax value: 71001.53
2029,cash value: 1000,S&P 500 non-retirement value: 310316.39,tax-exempt bonds value: 2406.59,S&P 500 pre-tax value: 13307.58,S&P 500 after-tax value: 92691.91
2030,cash value: 1000,S&P 500 non-retirement value: 371182.61,tax-exempt bonds value: 2554.34,S&P 500 pre-tax value: 14098.76,S&P 500 after-tax value: 117215.56
2031,cash value: 1000,S&P 500 non-retirement value: 430657.58,tax-exempt bonds value: 2757.4,S&P 500 pre-tax value: 15284.63,S&P 500 after-tax value: 143552.53
2032,cash value: 1000,S&P 500 non-retirement value: 494229.42,tax-exempt bonds value: 2969.17,S&P 500 pre-tax value: 16052.81,S&P 500 after-tax value: 173648.18
2033,cash value: 1000,S&P 500 non-retirement value: 561156.88,tax-exempt bonds value: 3119.91,S&P 500 pre-tax value: 16584.48,S&P 500 after-tax value: 207551.17
2034,cash value: 1000,S&P 500 non-retirement value: 628229.4,tax-exempt bonds value: 3354.49,S&P 500 pre-tax value: 17475.17,S&P 500 after-tax value: 244311.43
2035,cash value: 1000,S&P 500 non-retirement value: 703669.6,tax-exempt bonds value: 3492.23,S&P 500 pre-tax value: 18448.78,S&P 500 after-tax value: 287414.34
2036,cash value: 1000,S&P 500 non-retirement value: 793631.46,tax-exempt bonds value: 3701.71,S&P 500 pre-tax value: 19288.66,S&P 500 after-tax value: 340127.77
2037,cash value: 1000,S&P 500 non-retirement value: 868078.98,tax-exempt bonds value: 3956.42,S&P 500 pre-tax value: 20430.18,S&P 500 after-tax value: 390006.5
2038,cash value: 1000,S&P 500 non-retirement value: 928168.52,tax-exempt bonds value: 4242.97,S&P 500 pre-tax value: 21956.56,S&P 500 after-tax value: 436785.18
2039,cash value: 1000,S&P 500 non-retirement value: 1015045.2,tax-exempt bonds value: 4486.18,S&P 500 pre-tax value: 22760.1,S&P 500 after-tax value: 499947.63
2040,cash value: 1000,S&P 500 non-retirement value: 1115917.64,tax-exempt bonds value: 4726.52,S&P 500 pre-tax value: 24603.59,S&P 500 after-tax value: 574866.66
2041,cash value: 1000,S&P 500 non-retirement value: 1219138.85,tax-exempt bonds value: 4947.72,S&P 500 pre-tax value: 26326.58,S&P 500 after-tax value: 656459.38
2042,cash value: 1000,S&P 500 non-retirement value: 1337035.91,tax-exempt bonds value: 5371.72,S&P 500 pre-tax value: 28280.51,S&P 500 after-tax value: 752082.7
2043,cash value: 1000,S&P 500 non-retirement value: 1450718.07,tax-exempt bonds value: 5762.08,S&P 500 pre-tax value: 29755.38,S&P 500 after-tax value: 852009.02
2044,cash value: 1000,S&P 500 non-retirement value: 1565448,tax-exempt bonds value: 6142.1,S&P 500 pre-tax value: 32117.11,S&P 500 after-tax value: 959468.13
2045,cash value: 1000,S&P 500 non-retirement value: 1659482.77,tax-exempt bonds value: 6547.84,S&P 500 pre-tax value: 33134.41,S&P 500 after-tax value: 1060980.79
2046,cash value: 1000,S&P 500 non-retirement value: 1749625.62,tax-exempt bonds value: 7044.05,S&P 500 pre-tax value: 34504.81,S&P 500 after-tax value: 1166417.08
2047,cash value: 1000,S&P 500 non-retirement value: 1856259.22,tax-exempt bonds value: 7328.63,S&P 500 pre-tax value: 36234.24,S&P 500 after-tax value: 1289942.85
2048,cash value: 1000,S&P 500 non-retirement value: 1969206.37,tax-exempt bonds value: 7543.89,S&P 500 pre-tax value: 39137.59,S&P 500 after-tax value: 1425977.03
2049,cash value: 1000,S&P 500 non-retirement value: 2074403.54,tax-exempt bonds value: 8012.56,S&P 500 pre-tax value: 42115.81,S&P 500 after-tax value: 1564900.91
2050,cash value: 1000,S&P 500 non-retirement value: 2215620.18,tax-exempt bonds value: 8573.59,S&P 500 pre-tax value: 43538.51,S&P 500 after-tax value: 1740844.43
2051,cash value: 1000,S&P 500 non-retirement value: 2383287.12,tax-exempt bonds value: 9227.65,S&P 500 pre-tax value: 46448.47,S&P 500 after-tax value: 1949962.19
2052,cash value: 1000,S&P 500 non-retirement value: 2518346.15,tax-exempt bonds value: 9864.53,S&P 500 pre-tax value: 49324.12,S&P 500 after-tax value: 2145257.83
2053,cash value: 1000,S&P 500 non-retirement value: 2626513.68,tax-exempt bonds value: 10454.5,S&P 500 pre-tax value: 52211.57,S&P 500 after-tax value: 2329172.51
2054,cash value: 1000,S&P 500 non-retirement value: 2676024.85,tax-exempt bonds value: 10805.22,S&P 500 pre-tax value: 56610.01,S&P 500 after-tax value: 2470176.78
2055,cash value: 1000,S&P 500 non-retirement value: 2788660.09,tax-exempt bonds value: 11257.02,S&P 500 pre-tax value: 60564.88,S&P 500 after-tax value: 2679300.87
2056,cash value: 1000,S&P 500 non-retirement value: 3013509.18,tax-exempt bonds value: 11953.1,S&P 500 pre-tax value: 64567.86,S&P 500 after-tax value: 3013509.18
2057,cash value: 1000,S&P 500 non-retirement value: 3214463.21,tax-exempt bonds value: 12666.6,S&P 500 pre-tax value: 67597.95,S&P 500 after-tax value: 3345665.79
2058,cash value: 1000,S&P 500 non-retirement value: 3310788.38,tax-exempt bonds value: 13514.81,S&P 500 pre-tax value: 71576.62,S&P 500 after-tax value: 3586687.42
2059,cash value: 1000,S&P 500 non-retirement value: 3498093.88,tax-exempt bonds value: 13702.21,S&P 500 pre-tax value: 76877.58,S&P 500 after-tax value: 3944659.06
2060,cash value: 1000,S&P 500 non-retirement value: 3601530.03,tax-exempt bonds value: 14562.4,S&P 500 pre-tax value: 75336,S&P 500 after-tax value: 4227883.08
2061,cash value: 1000,S&P 500 non-retirement value: 3711824.01,tax-exempt bonds value: 15536.27,S&P 500 pre-tax value: 78658.22,S&P 500 after-tax value: 4536673.79
2062,cash value: 1000,S&P 500 non-retirement value: 3787293.64,tax-exempt bonds value: 16436.58,S&P 500 pre-tax value: 80010.55,S&P 500 after-tax value: 4820191.9
2063,cash value: 1000,S&P 500 non-retirement value: 3993190.5,tax-exempt bonds value: 17197.89,S&P 500 pre-tax value: 82640.3,S&P 500 after-tax value: 5293299.04
2064,cash value: 1000,S&P 500 non-retirement value: 4228893.13,tax-exempt bonds value: 18199.82,S&P 500 pre-tax value: 83846.28,S&P 500 after-tax value: 5839900.04
2065,cash value: 1000,S&P 500 non-retirement value: 4273500.46,tax-exempt bonds value: 18888.77,S&P 500 pre-tax value: 85178.93,S&P 500 after-tax value: 6149671.4
year,investments
2026,cash value: 1000,S&P 500 non-retirement value: 137498.91,tax-exempt bonds value: 2192.53,S&P 500 pre-tax value: 10238.51,S&P 500 after-tax value: 34374.73
2027,cash value: 1000,S&P 500 non-retirement value: 191359.85,tax-exempt bonds value: 2189.34,S&P 500 pre-tax value: 11184.15,S&P 500 after-tax value: 50867.81
2028,cash value: 1000,S&P 500 non-retirement value: 243596.17,tax-exempt bonds value: 2356.58,S&P 500 pre-tax value: 11670.88,S&P 500 after-tax value: 68706.61
2029,cash value: 1000,S&P 500 non-retirement value: 295717.71,tax-exempt bonds value: 2465.8,S&P 500 pre-tax value: 12566.27,S&P 500 after-tax value: 88331.26
2030,cash value: 1000,S&P 500 non-retirement value: 353094.71,tax-exempt bonds value: 2620.07,S&P 500 pre-tax value: 13311.55,S&P 500 after-tax value: 111503.59
2031,cash value: 1000,S&P 500 non-retirement value: 417161.75,tax-exempt bonds value: 2730.7,S&P 500 pre-tax value: 14445.14,S&P 500 after-tax value: 139053.92
2032,cash value: 1000,S&P 500 non-retirement value: 478036.4,tax-exempt bonds value: 2884.46,S&P 500 pre-tax value: 15403.74,S&P 500 after-tax value: 167958.73
2033,cash value: 1000,S&P 500 non-retirement value: 540626.82,tax-exempt bonds value: 3081.31,S&P 500 pre-tax value: 15816.26,S&P 500 after-tax value: 199957.87
2034,cash value: 1000,S&P 500 non-retirement value: 616503,tax-exempt bonds value: 3228.8,S&P 500 pre-tax value: 16191.09,S&P 500 after-tax value: 239751.17
2035,cash value: 1000,S&P 500 non-retirement value: 680204.98,tax-exempt bonds value: 3587.38,S&P 500 pre-tax value: 17365.35,S&P 500 after-tax value: 277830.2
2036,cash value: 1000,S&P 500 non-retirement value: 741247.1,tax-exempt bonds value: 3837.54,S&P 500 pre-tax value: 18923.44,S&P 500 after-tax value: 317677.33
2037,cash value: 1000,S&P 500 non-retirement value: 816721.14,tax-exempt bonds value: 4058.61,S&P 500 pre-tax value: 20652.15,S&P 500 after-tax value: 366932.69
2038,cash value: 1000,S&P 500 non-retirement value: 895581.7,tax-exempt bonds value: 4296.31,S&P 500 pre-tax value: 21756.31,S&P 500 after-tax value: 421450.21
2039,cash value: 1000,S&P 500 non-retirement value: 999464.53,tax-exempt bonds value: 4625.66,S&P 500 pre-tax value: 23136.53,S&P 500 after-tax value: 492273.57
2040,cash value: 1000,S&P 500 non-retirement value: 1102930.62,tax-exempt bonds value: 4885.74,S&P 500 pre-tax value: 25572.85,S&P 500 after-tax value: 568176.38
2041,cash value: 1000,S&P 500 non-retirement value: 1211481.87,tax-exempt bonds value: 5198.36,S&P 500 pre-tax value: 27807.44,S&P 500 after-tax value: 652336.39
2042,cash value: 1000,S&P 500 non-retirement value: 1310222.95,tax-exempt bonds value: 5421.62,S&P 500 pre-tax value: 28616.24,S&P 500 after-tax value: 737000.41
2043,cash value: 1000,S&P 500 non-retirement value: 1416652.89,tax-exempt bonds value: 5640.45,S&P 500 pre-tax value: 30650.64,S&P 500 after-tax value: 832002.49
2044,cash value: 1000,S&P 500 non-retirement value: 1504143.45,tax-exempt bonds value: 5825.58,S&P 500 pre-tax value: 33848.71,S&P 500 after-tax value: 921894.37
2045,cash value: 1000,S&P 500 non-retirement value: 1604087.47,tax-exempt bonds value: 6299.66,S&P 500 pre-tax value: 35522.83,S&P 500 after-tax value: 1025564.12
2046,cash value: 1000,S&P 500 non-retirement value: 1677096.9,tax-exempt bonds value: 6602.68,S&P 500 pre-tax value: 37034.96,S&P 500 after-tax value: 1118064.6
2047,cash value: 1000,S&P 500 non-retirement value: 1772732.26,tax-exempt bonds value: 6951.69,S&P 500 pre-tax value: 38190.01,S&P 500 after-tax value: 1231898.69
2048,cash value: 1000,S&P 500 non-retirement value: 1889632.55,tax-exempt bonds value: 7077.11,S&P 500 pre-tax value: 39846.99,S&P 500 after-tax value: 1368354.6
2049,cash value: 1000,S&P 500 non-retirement value: 2007194.41,tax-exempt bonds value: 7532.79,S&P 500 pre-tax value: 42693.61,S&P 500 after-tax value: 1514199.29
2050,cash value: 1000,S&P 500 non-retirement value: 2116993.36,tax-exempt bonds value: 8118.51,S&P 500 pre-tax value: 45208.12,S&P 500 after-tax value: 1663351.92
2051,cash value: 1000,S&P 500 non-retirement value: 2255339.68,tax-exempt bonds value: 8615.85,S&P 500 pre-tax value: 45959.36,S&P 500 after-tax value: 1845277.92
2052,cash value: 1000,S&P 500 non-retirement value: 2368061.8,tax-exempt bonds value: 9124.6,S&P 500 pre-tax value: 48944.38,S&P 500 after-tax value: 2017237.83
2053,cash value: 1000,S&P 500 non-retirement value: 2491103.61,tax-exempt bonds value: 9379.96,S&P 500 pre-tax value: 52288.91,S&P 500 after-tax value: 2209091.88
2054,cash value: 1000,S&P 500 non-retirement value: 2628951.04,tax-exempt bonds value: 10060.94,S&P 500 pre-tax value: 56379,S&P 500 after-tax value: 2426724.04
2055,cash value: 1000,S&P 500 non-retirement value: 2775970.84,tax-exempt bonds value: 10487.43,S&P 500 pre-tax value: 58734.65,S&P 500 after-tax value: 2667109.24
2056,cash value: 1000,S&P 500 non-retirement value: 2978923.88,tax-exempt bonds value: 11139.32,S&P 500 pre-tax value: 61968.91,S&P 500 after-tax value: 2978923.88
2057,cash value: 1000,S&P 500 non-retirement value: 3166278.32,tax-exempt bonds value: 12306.51,S&P 500 pre-tax value: 66701.53,S&P 500 after-tax value: 3295514.17
2058,cash value: 1000,S&P 500 non-retirement value: 3328740.52,tax-exempt bonds value: 13326.67,S&P 500 pre-tax value: 69869.24,S&P 500 after-tax value: 3606135.56
2059,cash value: 1000,S&P 500 non-retirement value: 3560983.03,tax-exempt bonds value: 13928.78,S&P 500 pre-tax value: 72132.65,S&P 500 after-tax value: 4015576.61
2060,cash value: 1000,S&P 500 non-retirement value: 3714194.98,tax-exempt bonds value: 14876.65,S&P 500 pre-tax value: 74146.09,S&P 500 after-tax value: 4360141.93
2061,cash value: 1000,S&P 500 non-retirement value: 3854639.41,tax-exempt bonds value: 15717.82,S&P 500 pre-tax value: 74163.69,S&P 500 after-tax value: 4711225.95
2062,cash value: 1000,S&P 500 non-retirement value: 3950956.76,tax-exempt bonds value: 16128,S&P 500 pre-tax value: 76330.68,S&P 500 after-tax value: 5028490.42
2063,cash value: 1000,S&P 500 non-retirement value: 4222319.87,tax-exempt bonds value: 16762.37,S&P 500 pre-tax value: 76765.25,S&P 500 after-tax value: 5597028.66
2064,cash value: 1000,S&P 500 non-retirement value: 4309780.55,tax-exempt bonds value: 17533.14,S&P 500 pre-tax value: 77329.7,S&P 500 after-tax value: 5951601.72
2065,cash value: 1000,S&P 500 non-retirement value: 4508461.66,tax-exempt bonds value: 19165.73,S&P 500 pre-tax value: 78670.47,S&P 500 after-tax value: 6487786.29
