year,investments
2026,cash value: 1000,S&P 500 non-retirement value: 139133.62,tax-exempt bonds value: 2171.69,S&P 500 pre-tax value: 10492.05,S&P 500 after-tax value: 34783.41
2027,cash value: 1000,S&P 500 non-retirement value: 193449.16,tax-exempt bonds value: 2256.63,S&P 500 pre-tax value: 11139.33,S&P 500 after-tax value: 51423.2
2028,cash value: 1000,S&P 500 non-retirement value: 249682.11,tax-exempt bonds value: 2382.53,S&P 500 pre-tax value: 11895.43,S&P 500 after-tax value: 70423.16
2029,cash value: 1000,S&P 500 non-retirement value: 301300.36,tax-exempt bonds value: 2383.99,S&P 500 pre-tax value: 12179.07,S&P 500 after-tax value: 89998.81
2030,cash value: 1000,S&P 500 non-retirement value: 358355.84,tax-exempt bonds value: 2549.98,S&P 500 pre-tax value: 12965.58,S&P 500 after-tax value: 113165
2031,cash value: 1000,S&P 500 non-retirement value: 423917.53,tax-exempt bonds value: 2646.68,S&P 500 pre-tax value: 13814.92,S&P 500 after-tax value: 141305.84
2032,cash value: 1000,S&P 500 non-retirement value: 490471.23,tax-exempt bonds value: 2802.81,S&P 500 pre-tax value: 14145.7,S&P 500 after-tax value: 172327.73
2033,cash value: 1000,S&P 500 non-retirement value: 573236.74,tax-exempt bonds value: 2874.83,S&P 500 pre-tax value: 14670.91,S&P 500 after-tax value: 212019.07
2034,cash value: 1000,S&P 500 non-retirement value: 647073.78,tax-exempt bonds value: 3057.24,S&P 500 pre-tax value: 15146.63,S&P 500 after-tax value: 251639.8
2035,cash value: 1000,S&P 500 non-retirement value: 745802.3,tax-exempt bonds value: 3220.74,S&P 500 pre-tax value: 16092.63,S&P 500 after-tax value: 304623.48
2036,cash value: 1000,S&P 500 non-retirement value: 827136.63,tax-exempt bonds value: 3176.41,S&P 500 pre-tax value: 16982.78,S&P 500 after-tax value: 354487.13
2037,cash value: 1000,S&P 500 non-retirement value: 926307.2,tax-exempt bonds value: 3377.49,S&P 500 pre-tax value: 17659.76,S&P 500 after-tax value: 416167
2038,cash value: 1000,S&P 500 non-retirement value: 989926.59,tax-exempt bonds value: 3542.95,S&P 500 pre-tax value: 18535.5,S&P 500 after-tax value: 465847.81
2039,cash value: 1000,S&P 500 non-retirement value: 1083760.47,tax-exempt bonds value: 3666.18,S&P 500 pre-tax value: 19418.13,S&P 500 after-tax value: 533792.47
2040,cash value: 1000,S&P 500 non-retirement value: 1176426.99,tax-exempt bonds value: 3772.53,S&P 500 pre-tax value: 20832.76,S&P 500 after-tax value: 606038.14
2041,cash value: 1000,S&P 500 non-retirement value: 1274843.12,tax-exempt bonds value: 4026.59,S&P 500 pre-tax value: 21941.72,S&P 500 after-tax value: 686453.99
2042,cash value: 1000,S&P 500 non-retirement value: 1398486.81,tax-exempt bonds value: 4273.15,S&P 500 pre-tax value: 23301.1,S&P 500 after-tax value: 786648.83
2043,cash value: 1000,S&P 500 non-retirement value: 1483588.23,tax-exempt bonds value: 4551.5,S&P 500 pre-tax value: 24945.79,S&P 500 after-tax value: 871313.72
2044,cash value: 1000,S&P 500 non-retirement value: 1585533.06,tax-exempt bonds value: 4758.25,S&P 500 pre-tax value: 26120.73,S&P 500 after-tax value: 971778.33
2045,cash value: 1000,S&P 500 non-retirement value: 1714928.12,tax-exempt bonds value: 4956.69,S&P 500 pre-tax value: 27044.32,S&P 500 after-tax value: 1096429.45
2046,cash value: 1000,S&P 500 non-retirement value: 1827706.58,tax-exempt bonds value: 5268.42,S&P 500 pre-tax value: 28898.31,S&P 500 after-tax value: 1218471.05
2047,cash value: 1000,S&P 500 non-retirement value: 1960324.5,tax-exempt bonds value: 5682.95,S&P 500 pre-tax value: 30810.74,S&P 500 after-tax value: 1362259.4
2048,cash value: 1000,S&P 500 non-retirement value: 2077621.94,tax-exempt bonds value: 5954.09,S&P 500 pre-tax value: 32691.71,S&P 500 after-tax value: 1504484.85
2049,cash value: 1000,S&P 500 non-retirement value: 2250794.85,tax-exempt bonds value: 6228.72,S&P 500 pre-tax value: 33942.97,S&P 500 after-tax value: 1697968.04
2050,cash value: 1000,S&P 500 non-retirement value: 2427783.47,tax-exempt bonds value: 6680,S&P 500 pre-tax value: 36735.25,S&P 500 after-tax value: 1907544.15
2051,cash value: 1000,S&P 500 non-retirement value: 2524539.88,tax-exempt bonds value: 6973.57,S&P 500 pre-tax value: 39303.76,S&P 500 after-tax value: 2065532.63
2052,cash value: 1000,S&P 500 non-retirement value: 2644879.26,tax-exempt bonds value: 7362.41,S&P 500 pre-tax value: 41272.47,S&P 500 after-tax value: 2253045.29
2053,cash value: 1000,S&P 500 non-retirement value: 2773227.98,tax-exempt bonds value: 7845.32,S&P 500 pre-tax value: 42825.34,S&P 500 after-tax value: 2459277.64
2054,cash value: 1000,S&P 500 non-retirement value: 2897649.47,tax-exempt bonds value: 8081.1,S&P 500 pre-tax value: 45893.2,S&P 500 after-tax value: 2674753.35
2055,cash value: 1000,S&P 500 non-retirement value: 3038028.08,tax-exempt bonds value: 8633.68,S&P 500 pre-tax value: 48221.18,S&P 500 after-tax value: 2918889.72
2056,cash value: 1000,S&P 500 non-retirement value: 3155187.07,tax-exempt bonds value: 9144.17,S&P 500 pre-tax value: 49990.26,S&P 500 after-tax value: 3155187.07
2057,cash value: 1000,S&P 500 non-retirement value: 3360693.29,tax-exempt bonds value: 9923.84,S&P 500 pre-tax value: 53845.38,S&P 500 after-tax value: 3497864.45
2058,cash value: 1000,S&P 500 non-retirement value: 3498247.71,tax-exempt bonds value: 10609.4,S&P 500 pre-tax value: 56397.99,S&P 500 after-tax value: 3789768.36
2059,cash value: 1000,S&P 500 non-retirement value: 3779332.85,tax-exempt bonds value: 11421.35,S&P 500 pre-tax value: 60062.45,S&P 500 after-tax value: 4261800.88
year,investments
2026,cash value: 1000,S&P 500 non-retirement value: 142029.3,tax-exempt bonds value: 2135.68,S&P 500 pre-tax value: 10398.47,S&P 500 after-tax value: 35507.33
2027,cash value: 1000,S&P 500 non-retirement value: 188628.42,tax-exempt bonds value: 2279.84,S&P 500 pre-tax value: 11024.73,S&P 500 after-tax value: 50141.73
2028,cash value: 1000,S&P 500 non-retirement value: 241627.19,tax-exempt bonds value: 2412.44,S&P 500 pre-tax value: 11788.9,S&P 500 after-tax value: 68151.26
2029,cash value: 1000,S&P 500 non-retirement value: 299958.04,tax-exempt bonds value: 2649.97,S&P 500 pre-tax value: 12283.86,S&P 500 after-tax value: 89597.86
2030,cash value: 1000,S&P 500 non-retirement value: 354012.26,tax-exempt bonds value: 2869,S&P 500 pre-tax value: 12899.93,S&P 500 after-tax value: 111793.35
2031,cash value: 1000,S&P 500 non-retirement value: 420436.45,tax-exempt bonds value: 3069.06,S&P 500 pre-tax value: 13680.48,S&P 500 after-tax value: 140145.48
2032,cash value: 1000,S&P 500 non-retirement value: 487173.28,tax-exempt bonds value: 3354.47,S&P 500 pre-tax value: 14837.71,S&P 500 after-tax value: 171168.99
2033,cash value: 1000,S&P 500 non-retirement value: 557083,tax-exempt bonds value: 3585.85,S&P 500 pre-tax value: 15467.53,S&P 500 after-tax value: 206044.4
2034,cash value: 1000,S&P 500 non-retirement value: 637346.11,tax-exempt bonds value: 3824.72,S&P 500 pre-tax value: 16394.67,S&P 500 after-tax value: 247856.82
2035,cash value: 1000,S&P 500 non-retirement value: 711845.66,tax-exempt bonds value: 4151.83,S&P 500 pre-tax value: 17467.6,S&P 500 after-tax value: 290753.86
2036,cash value: 1000,S&P 500 non-retirement value: 785298.81,tax-exempt bonds value: 4512.54,S&P 500 pre-tax value: 18543.07,S&P 500 after-tax value: 336556.63
2037,cash value: 1000,S&P 500 non-retirement value: 856453.62,tax-exempt bonds value: 4783.82,S&P 500 pre-tax value: 19825.21,S&P 500 after-tax value: 384783.51
2038,cash value: 1000,S&P 500 non-retirement value: 920527.13,tax-exempt bonds value: 5194.43,S&P 500 pre-tax value: 20313.92,S&P 500 after-tax value: 433189.24
2039,cash value: 1000,S&P 500 non-retirement value: 999324.6,tax-exempt bonds value: 5485.92,S&P 500 pre-tax value: 21344.42,S&P 500 after-tax value: 492204.65
2040,cash value: 1000,S&P 500 non-retirement value: 1090728.96,tax-exempt bonds value: 5890.28,S&P 500 pre-tax value: 22313.7,S&P 500 after-tax value: 561890.68
2041,cash value: 1000,S&P 500 non-retirement value: 1148164.23,tax-exempt bonds value: 5997.16,S&P 500 pre-tax value: 23759.41,S&P 500 after-tax value: 618242.28
2042,cash value: 1000,S&P 500 non-retirement value: 1249947.4,tax-exempt bonds value: 6362.85,S&P 500 pre-tax value: 24798.15,S&P 500 after-tax value: 703095.41
2043,cash value: 1000,S&P 500 non-retirement value: 1344108.97,tax-exempt bonds value: 6716.33,S&P 500 pre-tax value: 26589.76,S&P 500 after-tax value: 789397.33
2044,cash value: 1000,S&P 500 non-retirement value: 1456743.88,tax-exempt bonds value: 7141.02,S&P 500 pre-tax value: 27483.86,S&P 500 after-tax value: 892843.02
2045,cash value: 1000,S&P 500 non-retirement value: 1527288.6,tax-exempt bonds value: 7512.06,S&P 500 pre-tax value: 28459.37,S&P 500 after-tax value: 976463.2
2046,cash value: 1000,S&P 500 non-retirement value: 1608425.68,tax-exempt bonds value: 7965.39,S&P 500 pre-tax value: 29963.69,S&P 500 after-tax value: 1072283.79
2047,cash value: 1000,S&P 500 non-retirement value: 1710655.56,tax-exempt bonds value: 8558.37,S&P 500 pre-tax value: 32072.97,S&P 500 after-tax value: 1188760.65
2048,cash value: 1000,S&P 500 non-retirement value: 1829399.54,tax-exempt bonds value: 8918.28,S&P 500 pre-tax value: 33226.91,S&P 500 after-tax value: 1324737.6
2049,cash value: 1000,S&P 500 non-retirement value: 1944170.41,tax-exempt bonds value: 9355.04,S&P 500 pre-tax value: 35658.22,S&P 500 after-tax value: 1466654.87
2050,cash value: 1000,S&P 500 non-retirement value: 2025312.6,tax-exempt bonds value: 9855.69,S&P 500 pre-tax value: 38002.07,S&P 500 after-tax value: 1591317.04
2051,cash value: 1000,S&P 500 non-retirement value: 2143450.13,tax-exempt bonds value: 10482.29,S&P 500 pre-tax value: 40341.88,S&P 500 after-tax value: 1753731.92
2052,cash value: 1000,S&P 500 non-retirement value: 2287353.34,tax-exempt bonds value: 11258.22,S&P 500 pre-tax value: 41129.26,S&P 500 after-tax value: 1948486.18
2053,cash value: 1000,S&P 500 non-retirement value: 2416217.07,tax-exempt bonds value: 11613.97,S&P 500 pre-tax value: 44068.5,S&P 500 after-tax value: 2142683.07
2054,cash value: 1000,S&P 500 non-retirement value: 2553749.14,tax-exempt bonds value: 12758.08,S&P 500 pre-tax value: 47513.08,S&P 500 after-tax value: 2357306.89
2055,cash value: 1000,S&P 500 non-retirement value: 2723523.1,tax-exempt bonds value: 12902.78,S&P 500 pre-tax value: 51941.69,S&P 500 after-tax value: 2616718.27
2056,cash value: 1000,S&P 500 non-retirement value: 2809510.41,tax-exempt bonds value: 13657.38,S&P 500 pre-tax value: 54303.41,S&P 500 after-tax value: 2809510.41
2057,cash value: 1000,S&P 500 non-retirement value: 2966611.73,tax-exempt bonds value: 14287.28,S&P 500 pre-tax value: 58020.18,S&P 500 after-tax value: 3087697.92
2058,cash value: 1000,S&P 500 non-retirement value: 3155840.88,tax-exempt bonds value: 14677.82,S&P 500 pre-tax value: 60751.27,S&P 500 after-tax value: 3418827.62
2059,cash value: 1000,S&P 500 non-retirement value: 3288467.1,tax-exempt bonds value: 15753.6,S&P 500 pre-tax value: 64936.28,S&P 500 after-tax value: 3708271.41
year,investments
2026,cash value: 1000,S&P 500 non-retirement value: 139791.45,tax-exempt bonds value: 1994.62,S&P 500 pre-tax value: 10382.86,S&P 500 after-tax value: 34947.86
2027,cash value: 1000,S&P 500 non-retirement value: 187618.29,tax-exempt bonds value: 2206.51,S&P 500 pre-tax value: 11016.03,S&P 500 after-tax value: 49873.22
2028,cash value: 1000,S&P 500 non-retirement value: 243800.69,tax-exempt bonds value: 2396.48,S&P 500 pre-tax value: 11520.64,S&P 500 after-tax value: 68764.3
2029,cash value: 1000,S&P 500 non-retirement value: 298821.39,tax-exempt bonds value: 2502.61,S&P 500 pre-tax value: 11929.17,S&P 500 after-tax value: 89258.34
2030,cash value: 1000,S&P 500 non-retirement value: 355921.89,tax-exempt bonds value: 2583.5,S&P 500 pre-tax value: 12725.79,S&P 500 after-tax value: 112396.39
2031,cash value: 1000,S&P 500 non-retirement value: 422806.22,tax-exempt bonds value: 2701.73,S&P 500 pre-tax value: 13238.78,S&P 500 after-tax value: 140935.41
2032,cash value: 1000,S&P 500 non-retirement value: 491524.93,tax-exempt bonds value: 2870.98,S&P 500 pre-tax value: 14818.79,S&P 500 after-tax value: 172697.95
2033,cash value: 1000,S&P 500 non-retirement value: 548113.03,tax-exempt bonds value: 3046.67,S&P 500 pre-tax value: 15744.52,S&P 500 after-tax value: 202726.74
2034,cash value: 1000,S&P 500 non-retirement value: 607247.21,tax-exempt bonds value: 3221.14,S&P 500 pre-tax value: 16334.64,S&P 500 after-tax value: 236151.69
2035,cash value: 1000,S&P 500 non-retirement value: 671999.68,tax-exempt bonds value: 3442.88,S&P 500 pre-tax value: 16978.57,S&P 500 after-tax value: 274478.74
2036,cash value: 1000,S&P 500 non-retirement value: 738674.07,tax-exempt bonds value: 3687.84,S&P 500 pre-tax value: 18165.79,S&P 500 after-tax value: 316574.6
2037,cash value: 1000,S&P 500 non-retirement value: 806845.96,tax-exempt bonds value: 3880.07,S&P 500 pre-tax value: 19224.77,S&P 500 after-tax value: 362496.01
2038,cash value: 1000,S&P 500 non-retirement value: 891369.18,tax-exempt bonds value: 4187.33,S&P 500 pre-tax value: 20702.48,S&P 500 after-tax value: 419467.85
2039,cash value: 1000,S&P 500 non-retirement value: 985060.99,tax-exempt bonds value: 4393.5,S&P 500 pre-tax value: 22597.61,S&P 500 after-tax value: 485179.29
2040,cash value: 1000,S&P 500 non-retirement value: 1091423.72,tax-exempt bonds value: 4737.29,S&P 500 pre-tax value: 23765.51,S&P 500 after-tax value: 562248.58
2041,cash value: 1000,S&P 500 non-retirement value: 1188244.26,tax-exempt bonds value: 5042.01,S&P 500 pre-tax value: 25102.78,S&P 500 after-tax value: 639823.83
2042,cash value: 1000,S&P 500 non-retirement value: 1265456.53,tax-exempt bonds value: 5167.34,S&P 500 pre-tax value: 25651.1,S&P 500 after-tax value: 711819.3
2043,cash value: 1000,S&P 500 non-retirement value: 1370547.33,tax-exempt bonds value: 5498.21,S&P 500 pre-tax value: 26476.3,S&P 500 after-tax value: 804924.62
2044,cash value: 1000,S&P 500 non-retirement value: 1437449.4,tax-exempt bonds value: 5864.88,S&P 500 pre-tax value: 27641.23,S&P 500 after-tax value: 881017.37
2045,cash value: 1000,S&P 500 non-retirement value: 1510687.35,tax-exempt bonds value: 5979.62,S&P 500 pre-tax value: 29227.75,S&P 500 after-tax value: 965849.29
2046,cash value: 1000,S&P 500 non-retirement value: 1626385.27,tax-exempt bonds value: 6450.95,S&P 500 pre-tax value: 31332.25,S&P 500 after-tax value: 1084256.85
2047,cash value: 1000,S&P 500 non-retirement value: 1744215.32,tax-exempt bonds value: 6980.08,S&P 500 pre-tax value: 32868,S&P 500 after-tax value: 1212081.83
2048,cash value: 1000,S&P 500 non-retirement value: 1876876.29,tax-exempt bonds value: 7245.33,S&P 500 pre-tax value: 35149.18,S&P 500 after-tax value: 1359117.32
2049,cash value: 1000,S&P 500 non-retirement value: 1991441.81,tax-exempt bonds value: 7465.7,S&P 500 pre-tax value: 36667.87,S&P 500 after-tax value: 1502315.75
2050,cash value: 1000,S&P 500 non-retirement value: 2097005.76,tax-exempt bonds value: 7809.41,S&P 500 pre-tax value: 39707.21,S&P 500 after-tax value: 1647647.38
2051,cash value: 1000,S&P 500 non-retirement value: 2244504.65,tax-exempt bonds value: 8349.79,S&P 500 pre-tax value: 41691.97,S&P 500 after-tax value: 1836412.9
2052,cash value: 1000,S&P 500 non-retirement value: 2394978.76,tax-exempt bonds value: 8722.03,S&P 500 pre-tax value: 44582.33,S&P 500 after-tax value: 2040167.1
2053,cash value: 1000,S&P 500 non-retirement value: 2581814.46,tax-exempt bonds value: 9014.35,S&P 500 pre-tax value: 47194.84,S&P 500 after-tax value: 2289533.58
2054,cash value: 1000,S&P 500 non-retirement value: 2726854.71,tax-exempt bonds value: 9552.55,S&P 500 pre-tax value: 48281.84,S&P 500 after-tax value: 2517096.66
2055,cash value: 1000,S&P 500 non-retirement value: 2897014.72,tax-exempt bonds value: 10282.22,S&P 500 pre-tax value: 51970.51,S&P 500 after-tax value: 2783406.3
2056,cash value: 1000,S&P 500 non-retirement value: 3115883.73,tax-exempt bonds value: 11041.33,S&P 500 pre-tax value: 55677.62,S&P 500 after-tax value: 3115883.73
2057,cash value: 1000,S&P 500 non-retirement value: 3282496.66,tax-exempt bonds value: 11317,S&P 500 pre-tax value: 59152.75,S&P 500 after-tax value: 3416476.11
2058,cash value: 1000,S&P 500 non-retirement value: 3460962.3,tax-exempt bonds value: 11851.64,S&P 500 pre-tax value: 63851.59,S&P 500 after-tax value: 3749375.83
2059,cash value: 1000,S&P 500 non-retirement value: 3558254.43,tax-exempt bonds value: 12681.9,S&P 500 pre-tax value: 67220.98,S&P 500 after-tax value: 4012499.68
year,investments
2026,cash value: 1000,S&P 500 non-retirement value: 144304.37,tax-exempt bonds value: 2171.05,S&P 500 pre-tax value: 10594.13,S&P 500 after-tax value: 36076.09
2027,cash value: 1000,S&P 500 non-retirement value: 195573.57,tax-exempt bonds value: 2280.22,S&P 500 pre-tax value: 11222.68,S&P 500 after-tax value: 51987.91
2028,cash value: 1000,S&P 500 non-retirement value: 248017.05,tax-exempt bonds value: 2460.82,S&P 500 pre-tax value: 12247.98,S&P 500 after-tax value: 69953.53
2029,cash value: 1000,S&P 500 non-retirement value: 304522.13,tax-exempt bonds value: 2575.55,S&P 500 pre-tax value: 13225.31,S&P 500 after-tax value: 90961.16
2030,cash value: 1000,S&P 500 non-retirement value: 366644.33,tax-exempt bonds value: 2651.15,S&P 500 pre-tax value: 14449.9,S&P 500 after-tax value: 115782.42
2031,cash value: 1000,S&P 500 non-retirement value: 429042.82,tax-exempt bonds value: 2867.45,S&P 500 pre-tax value: 15111.44,S&P 500 after-tax value: 143014.27
2032,cash value: 1000,S&P 500 non-retirement value: 493807.57,tax-exempt bonds value: 3116.94,S&P 500 pre-tax value: 16445.84,S&P 500 after-tax value: 173499.96
2033,cash value: 1000,S&P 500 non-retirement value: 547824.9,tax-exempt bonds value: 3267.91,S&P 500 pre-tax value: 17431.71,S&P 500 after-tax value: 202620.17
2034,cash value: 1000,S&P 500 non-retirement value: 628389.38,tax-exempt bonds value: 3403.82,S&P 500 pre-tax value: 18290.85,S&P 500 after-tax value: 244373.65
2035,cash value: 1000,S&P 500 non-retirement value: 705384.55,tax-exempt bonds value: 3543.13,S&P 500 pre-tax value: 19081.54,S&P 500 after-tax value: 288114.82
2036,cash value: 1000,S&P 500 non-retirement value: 784588.42,tax-exempt bonds value: 3671.86,S&P 500 pre-tax value: 19997.27,S&P 500 after-tax value: 336252.18
2037,cash value: 1000,S&P 500 non-retirement value: 863675.13,tax-exempt bonds value: 3923.2,S&P 500 pre-tax value: 21269.32,S&P 500 after-tax value: 388027.96
2038,cash value: 1000,S&P 500 non-retirement value: 934186.38,tax-exempt bonds value: 4167.08,S&P 500 pre-tax value: 22732.08,S&P 500 after-tax value: 439617.12
2039,cash value: 1000,S&P 500 non-retirement value: 1013448.25,tax-exempt bonds value: 4366.96,S&P 500 pre-tax value: 23389.05,S&P 500 after-tax value: 499161.08
2040,cash value: 1000,S&P 500 non-retirement value: 1092312.7,tax-exempt bonds value: 4603.06,S&P 500 pre-tax value: 24491.86,S&P 500 after-tax value: 562706.54
2041,cash value: 1000,S&P 500 non-retirement value: 1181230.41,tax-exempt bonds value: 4787.97,S&P 500 pre-tax value: 26137.4,S&P 500 after-tax value: 636047.14
2042,cash value: 1000,S&P 500 non-retirement value: 1245222.88,tax-exempt bonds value: 5101.41,S&P 500 pre-tax value: 27187.14,S&P 500 after-tax value: 700437.87
2043,cash value: 1000,S&P 500 non-retirement value: 1369865.35,tax-exempt bonds value: 5340.12,S&P 500 pre-tax value: 29064.33,S&P 500 after-tax value: 804524.09
2044,cash value: 1000,S&P 500 non-retirement value: 1441256.88,tax-exempt bonds value: 5799.62,S&P 500 pre-tax value: 30327.13,S&P 500 after-tax value: 883350.99
2045,cash value: 1000,S&P 500 non-retirement value: 1562982.11,tax-exempt bonds value: 6152.54,S&P 500 pre-tax value: 32878.12,S&P 500 after-tax value: 999283.65
2046,cash value: 1000,S&P 500 non-retirement value: 1686100.16,tax-exempt bonds value: 6417.56,S&P 500 pre-tax value: 35373.21,S&P 500 after-tax value: 1124066.77
2047,cash value: 1000,S&P 500 non-retirement value: 1809134.56,tax-exempt bonds value: 6695.16,S&P 500 pre-tax value: 37715.48,S&P 500 after-tax value: 1257195.2
2048,cash value: 1000,S&P 500 non-retirement value: 1884341.63,tax-exempt bonds value: 7200.95,S&P 500 pre-tax value: 40294.18,S&P 500 after-tax value: 1364523.25
2049,cash value: 1000,S&P 500 non-retirement value: 2029779.38,tax-exempt bonds value: 7544.98,S&P 500 pre-tax value: 42735.38,S&P 500 after-tax value: 1531237.08
2050,cash value: 1000,S&P 500 non-retirement value: 2130778.07,tax-exempt bonds value: 8184.71,S&P 500 pre-tax value: 45976.91,S&P 500 after-tax value: 1674182.77
2051,cash value: 1000,S&P 500 non-retirement value: 2284718.19,tax-exempt bonds value: 8911.15,S&P 500 pre-tax value: 48380.86,S&P 500 after-tax value: 1869314.88
2052,cash value: 1000,S&P 500 non-retirement value: 2393544.87,tax-exempt bonds value: 9522.86,S&P 500 pre-tax value: 51508.56,S&P 500 after-tax value: 2038945.63
2053,cash value: 1000,S&P 500 non-retirement value: 2532990.34,tax-exempt bonds value: 10061.62,S&P 500 pre-tax value: 55298.4,S&P 500 after-tax value: 2246236.72
2054,cash value: 1000,S&P 500 non-retirement value: 2756384.98,tax-exempt bonds value: 10663.69,S&P 500 pre-tax value: 57173.83,S&P 500 after-tax value: 2544355.37
2055,cash value: 1000,S&P 500 non-retirement value: 2863453.89,tax-exempt bonds value: 11194.24,S&P 500 pre-tax value: 61199,S&P 500 after-tax value: 2751161.58
2056,cash value: 1000,S&P 500 non-retirement value: 2966337.44,tax-exempt bonds value: 11712.56,S&P 500 pre-tax value: 65697.02,S&P 500 after-tax value: 2966337.44
2057,cash value: 1000,S&P 500 non-retirement value: 3136090.23,tax-exempt bonds value: 12555.26,S&P 500 pre-tax value: 68817.04,S&P 500 after-tax value: 3264093.91
2058,cash value: 1000,S&P 500 non-retirement value: 3294445.77,tax-exempt bonds value: 13031.77,S&P 500 pre-tax value: 73496.94,S&P 500 after-tax value: 3568982.92
2059,cash value: 1000,S&P 500 non-retirement value: 3416170.31,tax-exempt bonds value: 13591.33,S&P 500 pre-tax value: 79178.01,S&P 500 after-tax value: 3852277.16
year,investments
2026,cash value: 1000,S&P 500 non-retirement value: 140366.52,tax-exempt bonds value: 2090.26,S&P 500 pre-tax value: 10442.9,S&P 500 after-tax value: 35091.63
2027,cash value: 1000,S&P 500 non-retirement value: 191627.94,tax-exempt bonds value: 2216.6,S&P 500 pre-tax value: 11397.79,S&P 500 after-tax value: 50939.07
2028,cash value: 1000,S&P 500 non-retirement value: 242766.19,tax-exempt bonds value: 2368.64,S&P 500 pre-tax value: 12402.01,S&P 500 after-tax value: 68472.52
2029,cash value: 1000,S&P 500 non-retirement value: 294447.25,tax-exempt bonds value: 2525.32,S&P 500 pre-tax value: 13447.73,S&P 500 after-tax value: 87951.78
2030,cash value: 1000,S&P 500 non-retirement value: 354048.64,tax-exempt bonds value: 2737.47,S&P 500 pre-tax value: 14011.59,S&P 500 after-tax value: 111804.83
2031,cash value: 1000,S&P 500 non-retirement value: 409202.04,tax-exempt bonds value: 2900.3,S&P 500 pre-tax value: 14421.26,S&P 500 after-tax value: 136400.68
2032,cash value: 1000,S&P 500 non-retirement value: 494199.13,tax-exempt bonds value: 3092.02,S&P 500 pre-tax value: 15620.82,S&P 500 after-tax value: 173637.53
2033,cash value: 1000,S&P 500 non-retirement value: 559578.48,tax-exempt bonds value: 3293.72,S&P 500 pre-tax value: 16551.21,S&P 500 after-tax value: 206967.38
2034,cash value: 1000,S&P 500 non-retirement value: 625368.59,tax-exempt bonds value: 3594.39,S&P 500 pre-tax value: 17255.43,S&P 500 after-tax value: 243198.9
2035,cash value: 1000,S&P 500 non-retirement value: 705297.2,tax-exempt bonds value: 3659.57,S&P 500 pre-tax value: 17666.96,S&P 500 after-tax value: 288079.14
2036,cash value: 1000,S&P 500 non-retirement value: 782199.07,tax-exempt bonds value: 3939.71,S&P 500 pre-tax value: 18978.69,S&P 500 after-tax value: 335228.17
2037,cash value: 1000,S&P 500 non-retirement value: 863369.38,tax-exempt bonds value: 4144.72,S&P 500 pre-tax value: 19840.65,S&P 500 after-tax value: 387890.59
2038,cash value: 1000,S&P 500 non-retirement value: 947383.19,tax-exempt bonds value: 4425.52,S&P 500 pre-tax value: 20761.86,S&P 500 after-tax value: 445827.38
2039,cash value: 1000,S&P 500 non-retirement value: 1039591.45,tax-exempt bonds value: 4636.55,S&P 500 pre-tax value: 21999.17,S&P 500 after-tax value: 512037.58
2040,cash value: 1000,S&P 500 non-retirement value: 1151847.68,tax-exempt bonds value: 5016.62,S&P 500 pre-tax value: 23431.71,S&P 500 after-tax value: 593376.08
2041,cash value: 1000,S&P 500 non-retirement value: 1270330.7,tax-exempt bonds value: 5255.61,S&P 500 pre-tax value: 25673.31,S&P 500 after-tax value: 684024.22
2042,cash value: 1000,S&P 500 non-retirement value: 1339216.47,tax-exempt bonds value: 5468.02,S&P 500 pre-tax value: 27474.02,S&P 500 after-tax value: 753309.26
2043,cash value: 1000,S&P 500 non-retirement value: 1445997.51,tax-exempt bonds value: 5778.75,S&P 500 pre-tax value: 29236,S&P 500 after-tax value: 849236.63
2044,cash value: 1000,S&P 500 non-retirement value: 1581931.47,tax-exempt bonds value: 6112.16,S&P 500 pre-tax value: 31385.42,S&P 500 after-tax value: 969570.9
2045,cash value: 1000,S&P 500 non-retirement value: 1713470.32,tax-exempt bonds value: 6208.44,S&P 500 pre-tax value: 32605.47,S&P 500 after-tax value: 1095497.42
2046,cash value: 1000,S&P 500 non-retirement value: 1829125.15,tax-exempt bonds value: 6390.82,S&P 500 pre-tax value: 34498.91,S&P 500 after-tax value: 1219416.77
2047,cash value: 1000,S&P 500 non-retirement value: 1908212.89,tax-exempt bonds value: 6776.95,S&P 500 pre-tax value: 36590.54,S&P 500 after-tax value: 1326046.25
2048,cash value: 1000,S&P 500 non-retirement value: 1999363.79,tax-exempt bonds value: 6910.46,S&P 500 pre-tax value: 39634.95,S&P 500 after-tax value: 1447815.16
2049,cash value: 1000,S&P 500 non-retirement value: 2114107.6,tax-exempt bonds value: 7328.84,S&P 500 pre-tax value: 40561.89,S&P 500 after-tax value: 1594853.1
2050,cash value: 1000,S&P 500 non-retirement value: 2275352.43,tax-exempt bonds value: 7768.7,S&P 500 pre-tax value: 43627.44,S&P 500 after-tax value: 1787776.91
2051,cash value: 1000,S&P 500 non-retirement value: 2382479.86,tax-exempt bonds value: 8291.8,S&P 500 pre-tax value: 47548.5,S&P 500 after-tax value: 1949301.7
2052,cash value: 1000,S&P 500 non-retirement value: 2448755.51,tax-exempt bonds value: 8642.08,S&P 500 pre-tax value: 50507.54,S&P 500 after-tax value: 2085976.92
2053,cash value: 1000,S&P 500 non-retirement value: 2548134.03,tax-exempt bonds value: 9164,S&P 500 pre-tax value: 52886.86,S&P 500 after-tax value: 2259666.03
2054,cash value: 1000,S&P 500 non-retirement value: 2655106.02,tax-exempt bonds value: 9505.72,S&P 500 pre-tax value: 54543.66,S&P 500 after-tax value: 2450867.09
2055,cash value: 1000,S&P 500 non-retirement value: 2841849.16,tax-exempt bonds value: 9898.05,S&P 500 pre-tax value: 58071.44,S&P 500 after-tax value: 2730404.09
2056,cash value: 1000,S&P 500 non-retirement value: 2984286.09,tax-exempt bonds value: 10608.78,S&P 500 pre-tax value: 60160.84,S&P 500 after-tax value: 2984286.09
2057,cash value: 1000,S&P 500 non-retirement value: 3073567.75,tax-exempt bonds value: 11396.38,S&P 500 pre-tax value: 63553.22,S&P 500 after-tax value: 3199019.5
2058,cash value: 1000,S&P 500 non-retirement value: 3241482.24,tax-exempt bonds value: 11656.05,S&P 500 pre-tax value: 66931.56,S&P 500 after-tax value: 3511605.75
2059,cash value: 1000,S&P 500 non-retirement value: 3304790.17,tax-exempt bonds value: 12715.95,S&P 500 pre-tax value: 70483.12,S&P 500 after-tax value: 3726678.27
year,investments
2026,cash value: 1000,S&P 500 non-retirement value: 137244.06,tax-exempt bonds value: 2159.37,S&P 500 pre-tax value: 10555.96,S&P 500 after-tax value: 34311.02
2027,cash value: 1000,S&P 500 non-retirement value: 190947.63,tax-exempt bonds value: 2299.88,S&P 500 pre-tax value: 11379.39,S&P 500 after-tax value: 50758.23
2028,cash value: 1000,S&P 500 non-retirement value: 246113.69,tax-exempt bonds value: 2398.66,S&P 500 pre-tax value: 12088.34,S&P 500 after-tax value: 69416.68
2029,cash value: 1000,S&P 500 non-retirement value: 298740.75,tax-exempt bonds value: 2555.77,S&P 500 pre-tax value: 12952.19,S&P 500 after-tax value: 89234.25
2030,cash value: 1000,S&P 500 non-retirement value: 355988.97,tax-exempt bonds value: 2731.06,S&P 500 pre-tax value: 13687.83,S&P 500 after-tax value: 112417.57
2031,cash value: 1000,S&P 500 non-retirement value: 426198.31,tax-exempt bonds value: 2993.35,S&P 500 pre-tax value: 14573.87,S&P 500 after-tax value: 142066.1
2032,cash value: 1000,S&P 500 non-retirement value: 489287.09,tax-exempt bonds value: 3174.89,S&P 500 pre-tax value: 15317.66,S&P 500 after-tax value: 171911.68
2033,cash value: 1000,S&P 500 non-retirement value: 567920.06,tax-exempt bonds value: 3386.1,S&P 500 pre-tax value: 16063.21,S&P 500 after-tax value: 210052.63
2034,cash value: 1000,S&P 500 non-retirement value: 638104.77,tax-exempt bonds value: 3538.89,S&P 500 pre-tax value: 17337.67,S&P 500 after-tax value: 248151.86
2035,cash value: 1000,S&P 500 non-retirement value: 715744.9,tax-exempt bonds value: 3850.16,S&P 500 pre-tax value: 18140.74,S&P 500 after-tax value: 292346.51
2036,cash value: 1000,S&P 500 non-retirement value: 804401.33,tax-exempt bonds value: 4163.11,S&P 500 pre-tax value: 19020.94,S&P 500 after-tax value: 344743.43
2037,cash value: 1000,S&P 500 non-retirement value: 885511.69,tax-exempt bonds value: 4445.17,S&P 500 pre-tax value: 19536.64,S&P 500 after-tax value: 397838.59
2038,cash value: 1000,S&P 500 non-retirement value: 972585.58,tax-exempt bonds value: 4658.14,S&P 500 pre-tax value: 21433.27,S&P 500 after-tax value: 457687.33
2039,cash value: 1000,S&P 500 non-retirement value: 1047100.69,tax-exempt bonds value: 4800.26,S&P 500 pre-tax value: 22641.83,S&P 500 after-tax value: 515736.16
2040,cash value: 1000,S&P 500 non-retirement value: 1122354.56,tax-exempt bonds value: 5130.57,S&P 500 pre-tax value: 24076.69,S&P 500 after-tax value: 578182.65
2041,cash value: 1000,S&P 500 non-retirement value: 1241063.25,tax-exempt bonds value: 5380.34,S&P 500 pre-tax value: 25554.14,S&P 500 after-tax value: 668264.83
2042,cash value: 1000,S&P 500 non-retirement value: 1334891.63,tax-exempt bonds value: 5822.17,S&P 500 pre-tax value: 27693.36,S&P 500 after-tax value: 750876.54
2043,cash value: 1000,S&P 500 non-retirement value: 1437785.57,tax-exempt bonds value: 6126.89,S&P 500 pre-tax value: 29152.34,S&P 500 after-tax value: 844413.75
2044,cash value: 1000,S&P 500 non-retirement value: 1532767.03,tax-exempt bonds value: 6604.37,S&P 500 pre-tax value: 30507.02,S&P 500 after-tax value: 939437.86
2045,cash value: 1000,S&P 500 non-retirement value: 1623486.65,tax-exempt bonds value: 6959.54,S&P 500 pre-tax value: 32854.06,S&P 500 after-tax value: 1037966.88
2046,cash value: 1000,S&P 500 non-retirement value: 1709513.17,tax-exempt bonds value: 7323.89,S&P 500 pre-tax value: 34644.43,S&P 500 after-tax value: 1139675.45
2047,cash value: 1000,S&P 500 non-retirement value: 1857512.01,tax-exempt bonds value: 7665.1,S&P 500 pre-tax value: 36563.43,S&P 500 after-tax value: 1290813.43
2048,cash value: 1000,S&P 500 non-retirement value: 1951752.56,tax-exempt bonds value: 8171.1,S&P 500 pre-tax value: 38297.03,S&P 500 after-tax value: 1413338.06
2049,cash value: 1000,S&P 500 non-retirement value: 2042424.71,tax-exempt bonds value: 8675.42,S&P 500 pre-tax value: 41252.48,S&P 500 after-tax value: 1540776.54
2050,cash value: 1000,S&P 500 non-retirement value: 2195923.45,tax-exempt bonds value: 8982.14,S&P 500 pre-tax value: 43747.48,S&P 500 after-tax value: 1725368.42
2051,cash value: 1000,S&P 500 non-retirement value: 2248959.93,tax-exempt bonds value: 9321.6,S&P 500 pre-tax value: 46757.89,S&P 500 after-tax value: 1840058.13
2052,cash value: 1000,S&P 500 non-retirement value: 2415936.7,tax-exempt bonds value: 10163.78,S&P 500 pre-tax value: 49442.77,S&P 500 after-tax value: 2058020.16
2053,cash value: 1000,S&P 500 non-retirement value: 2598384.47,tax-exempt bonds value: 10874.89,S&P 500 pre-tax value: 51360.35,S&P 500 after-tax value: 2304227.73
2054,cash value: 1000,S&P 500 non-retirement value: 2773190.8,tax-exempt bonds value: 11453.39,S&P 500 pre-tax value: 53440.1,S&P 500 after-tax value: 2559868.43
2055,cash value: 1000,S&P 500 non-retirement value: 2919791.76,tax-exempt bonds value: 11848.84,S&P 500 pre-tax value: 57378.99,S&P 500 after-tax value: 2805290.12
2056,cash value: 1000,S&P 500 non-retirement value: 3096048.96,tax-exempt bonds value: 12291.59,S&P 500 pre-tax value: 60081.18,S&P 500 after-tax value: 3096048.96
2057,cash value: 1000,S&P 500 non-retirement value: 3178122.24,tax-exempt bonds value: 13117.17,S&P 500 pre-tax value: 62698.86,S&P 500 after-tax value: 3307841.51
2058,cash value: 1000,S&P 500 non-retirement value: 3328887.26,tax-exempt bonds value: 14108.3,S&P 500 pre-tax value: 64107.56,S&P 500 after-tax value: 3606294.53
2059,cash value: 1000,S&P 500 non-retirement value: 3437486.04,tax-exempt bonds value: 15033.79,S&P 500 pre-tax value: 69024.57,S&P 500 after-tax value: 3876314.04
year,investments
2026,cash value: 1000,S&P 500 non-retirement value: 140067.53,tax-exempt bonds value: 2165.35,S&P 500 pre-tax value: 10916.54,S&P 500 after-tax value: 35016.88
2027,cash value: 1000,S&P 500 non-retirement value: 189253.41,tax-exempt bonds value: 2294.03,S&P 500 pre-tax value: 11587.19,S&P 500 after-tax value: 50307.87
2028,cash value: 1000,S&P 500 non-retirement value: 241723.26,tax-exempt bonds value: 2397.07,S&P 500 pre-tax value: 12120.94,S&P 500 after-tax value: 68178.36
2029,cash value: 1000,S&P 500 non-retirement value: 301523.91,tax-exempt bonds value: 2543.8,S&P 500 pre-tax value: 12748.34,S&P 500 after-tax value: 90065.58
2030,cash value: 1000,S&P 500 non-retirement value: 363217.48,tax-exempt bonds value: 2658.3,S&P 500 pre-tax value: 13524.65,S&P 500 after-tax value: 114700.26
2031,cash value: 1000,S&P 500 non-retirement value: 433927.11,tax-exempt bonds value: 2829.07,S&P 500 pre-tax value: 14439.47,S&P 500 after-tax value: 144642.37
2032,cash value: 1000,S&P 500 non-retirement value: 505724.51,tax-exempt bonds value: 2897.33,S&P 500 pre-tax value: 15486.48,S&P 500 after-tax value: 177686.99
2033,cash value: 1000,S&P 500 non-retirement value: 566670.07,tax-exempt bonds value: 3056.47,S&P 500 pre-tax value: 16362.31,S&P 500 after-tax value: 209590.3
2034,cash value: 1000,S&P 500 non-retirement value: 654351.74,tax-exempt bonds value: 3303.84,S&P 500 pre-tax value: 17246.65,S&P 500 after-tax value: 254470.12
2035,cash value: 1000,S&P 500 non-retirement value: 741673.21,tax-exempt bonds value: 3598.43,S&P 500 pre-tax value: 18035.12,S&P 500 after-tax value: 302936.94
2036,cash value: 1000,S&P 500 non-retirement value: 800933.98,tax-exempt bonds value: 3868.32,S&P 500 pre-tax value: 19156.69,S&P 500 after-tax value: 343257.42
2037,cash value: 1000,S&P 500 non-retirement value: 890088.33,tax-exempt bonds value: 4115.53,S&P 500 pre-tax value: 20138.7,S&P 500 after-tax value: 399894.76
2038,cash value: 1000,S&P 500 non-retirement value: 978813.31,tax-exempt bonds value: 4386.04,S&P 500 pre-tax value: 21947.52,S&P 500 after-tax value: 460618.03
2039,cash value: 1000,S&P 500 non-retirement value: 1093052.83,tax-exempt bonds value: 4502.17,S&P 500 pre-tax value: 22169.77,S&P 500 after-tax value: 538369.31
2040,cash value: 1000,S&P 500 non-retirement value: 1166546.63,tax-exempt bonds value: 4792.15,S&P 500 pre-tax value: 23870.05,S&P 500 after-tax value: 600948.27
2041,cash value: 1000,S&P 500 non-retirement value: 1232015.43,tax-exempt bonds value: 5296.91,S&P 500 pre-tax value: 25533.87,S&P 500 after-tax value: 663392.92
2042,cash value: 1000,S&P 500 non-retirement value: 1311788.24,tax-exempt bonds value: 5588.72,S&P 500 pre-tax value: 27316.08,S&P 500 after-tax value: 737880.88
2043,cash value: 1000,S&P 500 non-retirement value: 1390339.54,tax-exempt bonds value: 6124.05,S&P 500 pre-tax value: 29946.72,S&P 500 after-tax value: 816548.62
2044,cash value: 1000,S&P 500 non-retirement value: 1477436.48,tax-exempt bonds value: 6429.03,S&P 500 pre-tax value: 31098.82,S&P 500 after-tax value: 905525.58
2045,cash value: 1000,S&P 500 non-retirement value: 1594771.17,tax-exempt bonds value: 6650.48,S&P 500 pre-tax value: 31941.37,S&P 500 after-tax value: 1019607.8
2046,cash value: 1000,S&P 500 non-retirement value: 1726566.82,tax-exempt bonds value: 7003.06,S&P 500 pre-tax value: 33847.97,S&P 500 after-tax value: 1151044.55
2047,cash value: 1000,S&P 500 non-retirement value: 1831586.64,tax-exempt bonds value: 7306.02,S&P 500 pre-tax value: 34263.8,S&P 500 after-tax value: 1272797.5
2048,cash value: 1000,S&P 500 non-retirement value: 1950256.44,tax-exempt bonds value: 7854.86,S&P 500 pre-tax value: 35539.26,S&P 500 after-tax value: 1412254.66
2049,cash value: 1000,S&P 500 non-retirement value: 2087848.17,tax-exempt bonds value: 8301.72,S&P 500 pre-tax value: 37511.02,S&P 500 after-tax value: 1575043.36
2050,cash value: 1000,S&P 500 non-retirement value: 2223831.23,tax-exempt bonds value: 8946.66,S&P 500 pre-tax value: 38621.23,S&P 500 after-tax value: 1747295.97
2051,cash value: 1000,S&P 500 non-retirement value: 2371601.26,tax-exempt bonds value: 9604.31,S&P 500 pre-tax value: 40660.69,S&P 500 after-tax value: 1940401.03
2052,cash value: 1000,S&P 500 non-retirement value: 2482039.13,tax-exempt bonds value: 10339.54,S&P 500 pre-tax value: 42032.41,S&P 500 after-tax value: 2114329.63
2053,cash value: 1000,S&P 500 non-retirement value: 2627352.43,tax-exempt bonds value: 11306.81,S&P 500 pre-tax value: 43996.97,S&P 500 after-tax value: 2329916.31
2054,cash value: 1000,S&P 500 non-retirement value: 2774512.08,tax-exempt bonds value: 11973.21,S&P 500 pre-tax value: 45993.75,S&P 500 after-tax value: 2561088.07
2055,cash value: 1000,S&P 500 non-retirement value: 2879024.12,tax-exempt bonds value: 12777.19,S&P 500 pre-tax value: 49818.51,S&P 500 after-tax value: 2766121.21
2056,cash value: 1000,S&P 500 non-retirement value: 2960837.74,tax-exempt bonds value: 13696.85,S&P 500 pre-tax value: 53019.3,S&P 500 after-tax value: 2960837.74
2057,cash value: 1000,S&P 500 non-retirement value: 3129722.51,tax-exempt bonds value: 14491.78,S&P 500 pre-tax value: 57020.5,S&P 500 after-tax value: 3257466.29
2058,cash value: 1000,S&P 500 non-retirement value: 3263392.16,tax-exempt bonds value: 15518.74,S&P 500 pre-tax value: 59997.16,S&P 500 after-tax value: 3535341.51
2059,cash value: 1000,S&P 500 non-retirement value: 3457951.83,tax-exempt bonds value: 16816.82,S&P 500 pre-tax value: 65651.5,S&P 500 after-tax value: 3899392.49
year,investments
2026,cash value: 1000,S&P 500 non-retirement value: 139699.53,tax-exempt bonds value: 2047.8,S&P 500 pre-tax value: 10259.52,S&P 500 after-tax value: 34924.88
2027,cash value: 1000,S&P 500 non-retirement value: 195240.57,tax-exempt bonds value: 2216.65,S&P 500 pre-tax value: 10744.39,S&P 500 after-tax value: 51899.39
2028,cash value: 1000,S&P 500 non-retirement value: 250046.77,tax-exempt bonds value: 2367.03,S&P 500 pre-tax value: 11641.97,S&P 500 after-tax value: 70526.01
2029,cash value: 1000,S&P 500 non-retirement value: 308811.96,tax-exempt bonds value: 2473.86,S&P 500 pre-tax value: 12630.77,S&P 500 after-tax value: 92242.53
2030,cash value: 1000,S&P 500 non-retirement value: 367774.03,tax-exempt bonds value: 2622.41,S&P 500 pre-tax value: 13515.89,S&P 500 after-tax value: 116139.17
2031,cash value: 1000,S&P 500 non-retirement value: 433322.69,tax-exempt bonds value: 2839.85,S&P 500 pre-tax value: 14479.59,S&P 500 after-tax value: 144440.9
2032,cash value: 1000,S&P 500 non-retirement value: 499464.78,tax-exempt bonds value: 2941.12,S&P 500 pre-tax value: 15872.01,S&P 500 after-tax value: 175487.63
2033,cash value: 1000,S&P 500 non-retirement value: 574143.96,tax-exempt bonds value: 3043.8,S&P 500 pre-tax value: 16557.42,S&P 500 after-tax value: 212354.62
2034,cash value: 1000,S&P 500 non-retirement value: 663855.79,tax-exempt bonds value: 3294.25,S&P 500 pre-tax value: 17421,S&P 500 after-tax value: 258166.14
2035,cash value: 1000,S&P 500 non-retirement value: 740045,tax-exempt bonds value: 3530.86,S&P 500 pre-tax value: 18518.03,S&P 500 after-tax value: 302271.9
2036,cash value: 1000,S&P 500 non-retirement value: 820607.31,tax-exempt bonds value: 3699.72,S&P 500 pre-tax value: 19773.86,S&P 500 after-tax value: 351688.85
2037,cash value: 1000,S&P 500 non-retirement value: 891796.64,tax-exempt bonds value: 3830.36,S&P 500 pre-tax value: 20604.61,S&P 500 after-tax value: 400662.26
2038,cash value: 1000,S&P 500 non-retirement value: 957473.38,tax-exempt bonds value: 3987.89,S&P 500 pre-tax value: 22164.25,S&P 500 after-tax value: 450575.71
2039,cash value: 1000,S&P 500 non-retirement value: 1039768.16,tax-exempt bonds value: 4272.53,S&P 500 pre-tax value: 23082.64,S&P 500 after-tax value: 512124.62
2040,cash value: 1000,S&P 500 non-retirement value: 1114790.69,tax-exempt bonds value: 4519.68,S&P 500 pre-tax value: 25054.31,S&P 500 after-tax value: 574286.11
2041,cash value: 1000,S&P 500 non-retirement value: 1195157.42,tax-exempt bonds value: 4738.47,S&P 500 pre-tax value: 26012.02,S&P 500 after-tax value: 643546.3
2042,cash value: 1000,S&P 500 non-retirement value: 1264284.98,tax-exempt bonds value: 5059.38,S&P 500 pre-tax value: 27645.9,S&P 500 after-tax value: 711160.3
2043,cash value: 1000,S&P 500 non-retirement value: 1354672.22,tax-exempt bonds value: 5177.94,S&P 500 pre-tax value: 29128.3,S&P 500 after-tax value: 795601.14
2044,cash value: 1000,S&P 500 non-retirement value: 1466806.96,tax-exempt bonds value: 5717.11,S&P 500 pre-tax value: 30640.65,S&P 500 after-tax value: 899010.72
2045,cash value: 1000,S&P 500 non-retirement value: 1603308.63,tax-exempt bonds value: 6100.65,S&P 500 pre-tax value: 32807.49,S&P 500 after-tax value: 1025066.17
2046,cash value: 1000,S&P 500 non-retirement value: 1705573.92,tax-exempt bonds value: 6370.65,S&P 500 pre-tax value: 35161.92,S&P 500 after-tax value: 1137049.28
2047,cash value: 1000,S&P 500 non-retirement value: 1858450.79,tax-exempt bonds value: 6608.38,S&P 500 pre-tax value: 37135.78,S&P 500 after-tax value: 1291465.81
2048,cash value: 1000,S&P 500 non-retirement value: 1995019.29,tax-exempt bonds value: 7046.48,S&P 500 pre-tax value: 40184.33,S&P 500 after-tax value: 1444669.14
2049,cash value: 1000,S&P 500 non-retirement value: 2101377.11,tax-exempt bonds value: 7441.38,S&P 500 pre-tax value: 41720.28,S&P 500 after-tax value: 1585249.4
2050,cash value: 1000,S&P 500 non-retirement value: 2232339.84,tax-exempt bonds value: 8359.21,S&P 500 pre-tax value: 43924.87,S&P 500 after-tax value: 1753981.3
2051,cash value: 1000,S&P 500 non-retirement value: 2300997.82,tax-exempt bonds value: 8805.75,S&P 500 pre-tax value: 46191.3,S&P 500 after-tax value: 1882634.58
2052,cash value: 1000,S&P 500 non-retirement value: 2450618.59,tax-exempt bonds value: 9423.78,S&P 500 pre-tax value: 47154.72,S&P 500 after-tax value: 2087563.98
2053,cash value: 1000,S&P 500 non-retirement value: 2573961.74,tax-exempt bonds value: 9909.91,S&P 500 pre-tax value: 50781.08,S&P 500 after-tax value: 2282569.84
2054,cash value: 1000,S&P 500 non-retirement value: 2741701.21,tax-exempt bonds value: 10638.59,S&P 500 pre-tax value: 54101.49,S&P 500 after-tax value: 2530801.12
2055,cash value: 1000,S&P 500 non-retirement value: 2885476.29,tax-exempt bonds value: 11101.39,S&P 500 pre-tax value: 55832.27,S&P 500 after-tax value: 2772320.36
2056,cash value: 1000,S&P 500 non-retirement value: 3056525.13,tax-exempt bonds value: 11928.43,S&P 500 pre-tax value: 58087.35,S&P 500 after-tax value: 3056525.13
2057,cash value: 1000,S&P 500 non-retirement value: 3255079.76,tax-exempt bonds value: 12474,S&P 500 pre-tax value: 62550.82,S&P 500 after-tax value: 3387940.16
2058,cash value: 1000,S&P 500 non-retirement value: 3397791.45,tax-exempt bonds value: 13274.41,S&P 500 pre-tax value: 67276.5,S&P 500 after-tax value: 3680940.73
2059,cash value: 1000,S&P 500 non-retirement value: 3574117.7,tax-exempt bonds value: 13763.54,S&P 500 pre-tax value: 71140.37,S&P 500 after-tax value: 4030388.05
2060,cash value: 1000,S&P 500 non-retirement value: 3399875.86,tax-exempt bonds value: 16680.22,S&P 500 pre-tax value: 65009.34,S&P 500 after-tax value: 3991158.62
2061,cash value: 1000,S&P 500 non-retirement value: 3565020.11,tax-exempt bonds value: 17804.55,S&P 500 pre-tax value: 65429.22,S&P 500 after-tax value: 4357246.8
2062,cash value: 1000,S&P 500 non-retirement value: 3744507.44,tax-exempt bonds value: 18840,S&P 500 pre-tax value: 63292.55,S&P 500 after-tax value: 4765736.74
2063,cash value: 1000,S&P 500 non-retirement value: 4029249.4,tax-exempt bonds value: 20033.36,S&P 500 pre-tax value: 65563.31,S&P 500 after-tax value: 5341098.05
2064,cash value: 1000,S&P 500 non-retirement value: 4147203.64,tax-exempt bonds value: 20650.84,S&P 500 pre-tax value: 66870.35,S&P 500 after-tax value: 5727090.75
2065,cash value: 1000,S&P 500 non-retirement value: 4271064.87,tax-exempt bonds value: 22170.42,S&P 500 pre-tax value: 69449.75,S&P 500 after-tax value: 6146166.51
2060,cash value: 1000,S&P 500 non-retirement value: 3451690.32,tax-exempt bonds value: 13820.91,S&P 500 pre-tax value: 71998.11,S&P 500 after-tax value: 4051984.28
2061,cash value: 1000,S&P 500 non-retirement value: 3571193.73,tax-exempt bonds value: 14998.58,S&P 500 pre-tax value: 71809.92,S&P 500 after-tax value: 4364792.34
2062,cash value: 1000,S&P 500 non-retirement value: 3665827.01,tax-exempt bonds value: 16209.18,S&P 500 pre-tax value: 73765.6,S&P 500 after-tax value: 4665598.01
2063,cash value: 1000,S&P 500 non-retirement value: 3772643.34,tax-exempt bonds value: 16689.81,S&P 500 pre-tax value: 74785.83,S&P 500 after-tax value: 5000945.83
2064,cash value: 1000,S&P 500 non-retirement value: 3922249.44,tax-exempt bonds value: 17969.32,S&P 500 pre-tax value: 75067.41,S&P 500 after-tax value: 5416439.71
2065,cash value: 1000,S&P 500 non-retirement value: 4081130.91,tax-exempt bonds value: 18991.37,S&P 500 pre-tax value: 72305.18,S&P 500 after-tax value: 5872846.91
2060,cash value: 1000,S&P 500 non-retirement value: 3923268.23,tax-exempt bonds value: 11936.29,S&P 500 pre-tax value: 59817.2,S&P 500 after-tax value: 4605575.75
2061,cash value: 1000,S&P 500 non-retirement value: 4137491.48,tax-exempt bonds value: 12629.57,S&P 500 pre-tax value: 61422.43,S&P 500 after-tax value: 5056934.03
2062,cash value: 1000,S&P 500 non-retirement value: 4219162.89,tax-exempt bonds value: 13366.92,S&P 500 pre-tax value: 61996.03,S&P 500 after-tax value: 5369843.68
2063,cash value: 1000,S&P 500 non-retirement value: 4372062.92,tax-exempt bonds value: 14142.12,S&P 500 pre-tax value: 61984.8,S&P 500 after-tax value: 5795525.27
2064,cash value: 1000,S&P 500 non-retirement value: 4592887.66,tax-exempt bonds value: 15278.84,S&P 500 pre-tax value: 62027.13,S&P 500 after-tax value: 6342559.15
2065,cash value: 1000,S&P 500 non-retirement value: 4791913.13,tax-exempt bonds value: 15635.08,S&P 500 pre-tax value: 62857.98,S&P 500 after-tax value: 6895679.87
2060,cash value: 1000,S&P 500 non-retirement value: 3776408.24,tax-exempt bonds value: 13380.86,S&P 500 pre-tax value: 68418.49,S&P 500 after-tax value: 4433174.89
2061,cash value: 1000,S&P 500 non-retirement value: 3943099.59,tax-exempt bonds value: 14175.18,S&P 500 pre-tax value: 71787,S&P 500 after-tax value: 4819343.94
2062,cash value: 1000,S&P 500 non-retirement value: 4111722.73,tax-exempt bonds value: 15129.31,S&P 500 pre-tax value: 73213.63,S&P 500 after-tax value: 5233101.66
2063,cash value: 1000,S&P 500 non-retirement value: 4263084.09,tax-exempt bonds value: 15492.27,S&P 500 pre-tax value: 72746.56,S&P 500 after-tax value: 5651064.96
2064,cash value: 1000,S&P 500 non-retirement value: 4378714.95,tax-exempt bonds value: 16532.12,S&P 500 pre-tax value: 72072.19,S&P 500 after-tax value: 6046796.83
2065,cash value: 1000,S&P 500 non-retirement value: 4534077.93,tax-exempt bonds value: 18122.96,S&P 500 pre-tax value: 74495.62,S&P 500 after-tax value: 6524648.72
2060,cash value: 1000,S&P 500 non-retirement value: 3750112.59,tax-exempt bonds value: 14157.23,S&P 500 pre-tax value: 71865.39,S&P 500 after-tax value: 4402306.09
2061,cash value: 1000,S&P 500 non-retirement value: 3891739.65,tax-exempt bonds value: 15047.86,S&P 500 pre-tax value: 73268.95,S&P 500 after-tax value: 4756570.68
2062,cash value: 1000,S&P 500 non-retirement value: 4032935.17,tax-exempt bonds value: 15657.68,S&P 500 pre-tax value: 73513.18,S&P 500 after-tax value: 5132826.58
2063,cash value: 1000,S&P 500 non-retirement value: 4104480.9,tax-exempt bonds value: 16453.71,S&P 500 pre-tax value: 74189.14,S&P 500 after-tax value: 5440823.52
2064,cash value: 1000,S&P 500 non-retirement value: 4276710.62,tax-exempt bonds value: 17890.94,S&P 500 pre-tax value: 74456.45,S&P 500 after-tax value: 5905933.71
2065,cash value: 1000,S&P 500 non-retirement value: 4415087.32,tax-exempt bonds value: 19416.37,S&P 500 pre-tax value: 73984.31,S&P 500 after-tax value: 6353418.34
2060,cash value: 1000,S&P 500 non-retirement value: 3513614.12,tax-exempt bonds value: 14396.94,S&P 500 pre-tax value: 81470.62,S&P 500 after-tax value: 4124677.44
2061,cash value: 1000,S&P 500 non-retirement value: 3640863.43,tax-exempt bonds value: 15150.58,S&P 500 pre-tax value: 82214.27,S&P 500 after-tax value: 4449944.19
2062,cash value: 1000,S&P 500 non-retirement value: 3792864.22,tax-exempt bonds value: 16055.75,S&P 500 pre-tax value: 82228.81,S&P 500 after-tax value: 4827281.74
2063,cash value: 1000,S&P 500 non-retirement value: 3936373.11,tax-exempt bonds value: 17093.22,S&P 500 pre-tax value: 80181.71,S&P 500 after-tax value: 5217982.96
2064,cash value: 1000,S&P 500 non-retirement value: 4213913.81,tax-exempt bonds value: 18002.46,S&P 500 pre-tax value: 79679.89,S&P 500 after-tax value: 5819214.32
2065,cash value: 1000,S&P 500 non-retirement value: 4382513.99,tax-exempt bonds value: 19465.23,S&P 500 pre-tax value: 81108.99,S&P 500 after-tax value: 6306544.52
2060,cash value: 1000,S&P 500 non-retirement value: 3687798.01,tax-exempt bonds value: 17915.9,S&P 500 pre-tax value: 67585.41,S&P 500 after-tax value: 4329154.18
2061,cash value: 1000,S&P 500 non-retirement value: 3807636.81,tax-exempt bonds value: 19329.18,S&P 500 pre-tax value: 71651.76,S&P 500 after-tax value: 4653778.32
2062,cash value: 1000,S&P 500 non-retirement value: 4048777.59,tax-exempt bonds value: 20896.96,S&P 500 pre-tax value: 71495.31,S&P 500 after-tax value: 5152989.67
2063,cash value: 1000,S&P 500 non-retirement value: 4135908.72,tax-exempt bonds value: 21794.39,S&P 500 pre-tax value: 72577.12,S&P 500 after-tax value: 5482483.65
2064,cash value: 1000,S&P 500 non-retirement value: 4387686.97,tax-exempt bonds value: 23115.27,S&P 500 pre-tax value: 73571.23,S&P 500 after-tax value: 6059186.77
2065,cash value: 1000,S&P 500 non-retirement value: 4546948.31,tax-exempt bonds value: 24029.61,S&P 500 pre-tax value: 75216.7,S&P 500 after-tax value: 6543169.52
2060,cash value: 1000,S&P 500 non-retirement value: 3579594.06,tax-exempt bonds value: 16397.28,S&P 500 pre-tax value: 69928.29,S&P 500 after-tax value: 4202132.16
2061,cash value: 1000,S&P 500 non-retirement value: 3712503.75,tax-exempt bonds value: 17375.11,S&P 500 pre-tax value: 69280.25,S&P 500 after-tax value: 4537504.58
2062,cash value: 1000,S&P 500 non-retirement value: 3878354.88,tax-exempt bonds value: 18420.09,S&P 500 pre-tax value: 68323.8,S&P 500 after-tax value: 4936088.03
2063,cash value: 1000,S&P 500 non-retirement value: 4078666.35,tax-exempt bonds value: 19727.51,S&P 500 pre-tax value: 66697.29,S&P 500 after-tax value: 5406604.23
2064,cash value: 1000,S&P 500 non-retirement value: 4206275.98,tax-exempt bonds value: 21123.04,S&P 500 pre-tax value: 66664.58,S&P 500 after-tax value: 5808666.82
2065,cash value: 1000,S&P 500 non-retirement value: 4374647.54,tax-exempt bonds value: 22550.09,S&P 500 pre-tax value: 66774.71,S&P 500 after-tax value: 6295224.51
