year,investments
2026,cash value: 1000,S&P 500 non-retirement value: 142138.74,tax-exempt bonds value: 2141.29,S&P 500 pre-tax value: 10879.87,S&P 500 after-tax value: 35534.68
2027,cash value: 1000,S&P 500 non-retirement value: 187130.43,tax-exempt bonds value: 2289.18,S&P 500 pre-tax value: 11725.4,S&P 500 after-tax value: 49743.53
2028,cash value: 1000,S&P 500 non-retirement value: 244915.73,tax-exempt bonds value: 2474.85,S&P 500 pre-tax value: 12272.26,S&P 500 after-tax value: 69078.8
2029,cash value: 1000,S&P 500 non-retirement value: 301463.71,tax-exempt bonds value: 2594.98,S&P 500 pre-tax value: 13253.32,S&P 500 after-tax value: 90047.6
2030,cash value: 1000,S&P 500 non-retirement value: 357034.46,tax-exempt bonds value: 2696.77,S&P 500 pre-tax value: 13726.85,S&P 500 after-tax value: 112747.72
2031,cash value: 1000,S&P 500 non-retirement value: 421695.63,tax-exempt bonds value: 2786.67,S&P 500 pre-tax value: 14575.42,S&P 500 after-tax value: 140565.21
2032,cash value: 1000,S&P 500 non-retirement value: 481189.56,tax-exempt bonds value: 3021.16,S&P 500 pre-tax value: 15364.48,S&P 500 after-tax value: 169066.6
2033,cash value: 1000,S&P 500 non-retirement value: 542835.74,tax-exempt bonds value: 3259.08,S&P 500 pre-tax value: 16233.37,S&P 500 after-tax value: 200774.86
2034,cash value: 1000,S&P 500 non-retirement value: 602134.96,tax-exempt bonds value: 3471.41,S&P 500 pre-tax value: 16768.93,S&P 500 after-tax value: 234163.6
2035,cash value: 1000,S&P 500 non-retirement value: 678706.63,tax-exempt bonds value: 3573.36,S&P 500 pre-tax value: 17715.27,S&P 500 after-tax value: 277218.2
2036,cash value: 1000,S&P 500 non-retirement value: 746172.48,tax-exempt bonds value: 3812.7,S&P 500 pre-tax value: 18439.4,S&P 500 after-tax value: 319788.21
2037,cash value: 1000,S&P 500 non-retirement value: 829161.94,tax-exempt bonds value: 3906.18,S&P 500 pre-tax value: 19438.22,S&P 500 after-tax value: 372522.03
2038,cash value: 1000,S&P 500 non-retirement value: 906482.94,tax-exempt bonds value: 4135.32,S&P 500 pre-tax value: 20896.53,S&P 500 after-tax value: 426580.21
2039,cash value: 1000,S&P 500 non-retirement value: 978760.31,tax-exempt bonds value: 4408.01,S&P 500 pre-tax value: 22428.43,S&P 500 after-tax value: 482075.97
2040,cash value: 1000,S&P 500 non-retirement value: 1096346.54,tax-exempt bonds value: 4515.08,S&P 500 pre-tax value: 23553.3,S&P 500 after-tax value: 564784.58
2041,cash value: 1000,S&P 500 non-retirement value: 1225636.71,tax-exempt bonds value: 4745.88,S&P 500 pre-tax value: 25433.3,S&P 500 after-tax value: 659958.23
2042,cash value: 1000,S&P 500 non-retirement value: 1345861.79,tax-exempt bonds value: 5017.11,S&P 500 pre-tax value: 28123.15,S&P 500 after-tax value: 757047.26
2043,cash value: 1000,S&P 500 non-retirement value: 1438503.71,tax-exempt bonds value: 5387.7,S&P 500 pre-tax value: 30494.96,S&P 500 after-tax value: 844835.51
2044,cash value: 1000,S&P 500 non-retirement value: 1539558.55,tax-exempt bonds value: 5508.04,S&P 500 pre-tax value: 31537.06,S&P 500 after-tax value: 943600.4
2045,cash value: 1000,S&P 500 non-retirement value: 1632128.81,tax-exempt bonds value: 5970.83,S&P 500 pre-tax value: 32138.66,S&P 500 after-tax value: 1043492.19
2046,cash value: 1000,S&P 500 non-retirement value: 1719826.35,tax-exempt bonds value: 6399.6,S&P 500 pre-tax value: 34124.4,S&P 500 after-tax value: 1146550.9
2047,cash value: 1000,S&P 500 non-retirement value: 1845201.07,tax-exempt bonds value: 6862.88,S&P 500 pre-tax value: 36872.89,S&P 500 after-tax value: 1282258.37
2048,cash value: 1000,S&P 500 non-retirement value: 1973797.23,tax-exempt bonds value: 7274.54,S&P 500 pre-tax value: 38842.46,S&P 500 after-tax value: 1429301.44
2049,cash value: 1000,S&P 500 non-retirement value: 2068490.66,tax-exempt bonds value: 7749.67,S&P 500 pre-tax value: 41135.95,S&P 500 after-tax value: 1560440.32
2050,cash value: 1000,S&P 500 non-retirement value: 2260894.47,tax-exempt bonds value: 8186.52,S&P 500 pre-tax value: 44820.41,S&P 500 after-tax value: 1776417.09
2051,cash value: 1000,S&P 500 non-retirement value: 2363487.79,tax-exempt bonds value: 8689.69,S&P 500 pre-tax value: 47113.51,S&P 500 after-tax value: 1933762.74
2052,cash value: 1000,S&P 500 non-retirement value: 2491830.74,tax-exempt bonds value: 9173.97,S&P 500 pre-tax value: 49433.49,S&P 500 after-tax value: 2122670.63
2053,cash value: 1000,S&P 500 non-retirement value: 2616609.03,tax-exempt bonds value: 9676.09,S&P 500 pre-tax value: 51868.81,S&P 500 after-tax value: 2320389.14
2054,cash value: 1000,S&P 500 non-retirement value: 2763582.1,tax-exempt bonds value: 10656.39,S&P 500 pre-tax value: 54185.1,S&P 500 after-tax value: 2550998.87
2055,cash value: 1000,S&P 500 non-retirement value: 2896981.17,tax-exempt bonds value: 11671.41,S&P 500 pre-tax value: 58737.51,S&P 500 after-tax value: 2783374.07
2056,cash value: 1000,S&P 500 non-retirement value: 2972308.29,tax-exempt bonds value: 12463,S&P 500 pre-tax value: 62934.17,S&P 500 after-tax value: 2972308.29
2057,cash value: 1000,S&P 500 non-retirement value: 3080287.19,tax-exempt bonds value: 12869.04,S&P 500 pre-tax value: 66778.98,S&P 500 after-tax value: 3206013.2
2058,cash value: 1000,S&P 500 non-retirement value: 3232082.08,tax-exempt bonds value: 13349.34,S&P 500 pre-tax value: 69422.96,S&P 500 after-tax value: 3501422.25
2059,cash value: 1000,S&P 500 non-retirement value: 3391345.83,tax-exempt bonds value: 13651.97,S&P 500 pre-tax value: 74717.6,S&P 500 after-tax value: 3824283.59
2060,cash value: 1000,S&P 500 non-retirement value: 3617758.01,tax-exempt bonds value: 14228.68,S&P 500 pre-tax value: 76886.29,S&P 500 after-tax value: 4246933.31
2061,cash value: 1000,S&P 500 non-retirement value: 3773064.04,tax-exempt bonds value: 15231.53,S&P 500 pre-tax value: 79440.94,S&P 500 after-tax value: 4611522.71
2062,cash value: 1000,S&P 500 non-retirement value: 4017747.32,tax-exempt bonds value: 15961.08,S&P 500 pre-tax value: 81471.12,S&P 500 after-tax value: 5113496.59
2063,cash value: 1000,S&P 500 non-retirement value: 4212643.79,tax-exempt bonds value: 17015.55,S&P 500 pre-tax value: 82754.33,S&P 500 after-tax value: 5584202.24
2064,cash value: 1000,S&P 500 non-retirement value: 4347711.05,tax-exempt bonds value: 17882.09,S&P 500 pre-tax value: 84683.5,S&P 500 after-tax value: 6003981.93
2065,cash value: 1000,S&P 500 non-retirement value: 4516496.96,tax-exempt bonds value: 18450.41,S&P 500 pre-tax value: 84474.04,S&P 500 after-tax value: 6499349.29
year,investments
2026,cash value: 1000,S&P 500 non-retirement value: 136533.15,tax-exempt bonds value: 2097.25,S&P 500 pre-tax value: 10541.7,S&P 500 after-tax value: 34133.29
2027,cash value: 1000,S&P 500 non-retirement value: 187838.32,tax-exempt bonds value: 2146.75,S&P 500 pre-tax value: 11376.81,S&P 500 after-tax value: 49931.7
2028,cash value: 1000,S&P 500 non-retirement value: 239736.44,tax-exempt bonds value: 2284.3,S&P 500 pre-tax value: 11990.65,S&P 500 after-tax value: 67617.97
2029,cash value: 1000,S&P 500 non-retirement value: 294685.72,tax-exempt bonds value: 2441.72,S&P 500 pre-tax value: 13037.42,S&P 500 after-tax value: 88023.01
2030,cash value: 1000,S&P 500 non-retirement value: 356626.41,tax-exempt bonds value: 2486.08,S&P 500 pre-tax value: 13629.11,S&P 500 after-tax value: 112618.87
2031,cash value: 1000,S&P 500 non-retirement value: 419022.58,tax-exempt bonds value: 2735.89,S&P 500 pre-tax value: 14837.89,S&P 500 after-tax value: 139674.19
2032,cash value: 1000,S&P 500 non-retirement value: 480251.97,tax-exempt bonds value: 2796.28,S&P 500 pre-tax value: 15701.21,S&P 500 after-tax value: 168737.18
2033,cash value: 1000,S&P 500 non-retirement value: 537960.79,tax-exempt bonds value: 2990.49,S&P 500 pre-tax value: 17132.41,S&P 500 after-tax value: 198971.8
2034,cash value: 1000,S&P 500 non-retirement value: 615314.15,tax-exempt bonds value: 3055.07,S&P 500 pre-tax value: 18538.37,S&P 500 after-tax value: 239288.83
2035,cash value: 1000,S&P 500 non-retirement value: 685401.36,tax-exempt bonds value: 3312.55,S&P 500 pre-tax value: 20047.67,S&P 500 after-tax value: 279952.67
2036,cash value: 1000,S&P 500 non-retirement value: 778873.51,tax-exempt bonds value: 3531.14,S&P 500 pre-tax value: 20944.21,S&P 500 after-tax value: 333802.93
2037,cash value: 1000,S&P 500 non-retirement value: 875953,tax-exempt bonds value: 3808.65,S&P 500 pre-tax value: 22961.99,S&P 500 after-tax value: 393544.1
2038,cash value: 1000,S&P 500 non-retirement value: 959983.79,tax-exempt bonds value: 4056.32,S&P 500 pre-tax value: 24341.06,S&P 500 after-tax value: 451757.08
2039,cash value: 1000,S&P 500 non-retirement value: 1058522.84,tax-exempt bonds value: 4358.09,S&P 500 pre-tax value: 26095.28,S&P 500 after-tax value: 521362
2040,cash value: 1000,S&P 500 non-retirement value: 1150165.35,tax-exempt bonds value: 4459.67,S&P 500 pre-tax value: 27182.92,S&P 500 after-tax value: 592509.42
2041,cash value: 1000,S&P 500 non-retirement value: 1262103.36,tax-exempt bonds value: 4667.92,S&P 500 pre-tax value: 28635,S&P 500 after-tax value: 679594.12
2042,cash value: 1000,S&P 500 non-retirement value: 1371595.67,tax-exempt bonds value: 5057.85,S&P 500 pre-tax value: 30749.88,S&P 500 after-tax value: 771522.56
2043,cash value: 1000,S&P 500 non-retirement value: 1505712.23,tax-exempt bonds value: 5379.35,S&P 500 pre-tax value: 31226.62,S&P 500 after-tax value: 884307.18
2044,cash value: 1000,S&P 500 non-retirement value: 1618064.3,tax-exempt bonds value: 5888.85,S&P 500 pre-tax value: 33253.76,S&P 500 after-tax value: 991716.83
2045,cash value: 1000,S&P 500 non-retirement value: 1757789.04,tax-exempt bonds value: 6437.4,S&P 500 pre-tax value: 35855.28,S&P 500 after-tax value: 1123832.34
2046,cash value: 1000,S&P 500 non-retirement value: 1891014.18,tax-exempt bonds value: 6742.84,S&P 500 pre-tax value: 38368.37,S&P 500 after-tax value: 1260676.12
2047,cash value: 1000,S&P 500 non-retirement value: 2051884.78,tax-exempt bonds value: 7268.06,S&P 500 pre-tax value: 41272.44,S&P 500 after-tax value: 1425886.04
2048,cash value: 1000,S&P 500 non-retirement value: 2145178.58,tax-exempt bonds value: 7648.81,S&P 500 pre-tax value: 43920.5,S&P 500 after-tax value: 1553405.18
2049,cash value: 1000,S&P 500 non-retirement value: 2258719.59,tax-exempt bonds value: 7764.28,S&P 500 pre-tax value: 46500.49,S&P 500 after-tax value: 1703946.35
2050,cash value: 1000,S&P 500 non-retirement value: 2408661.42,tax-exempt bonds value: 8366.06,S&P 500 pre-tax value: 49325.22,S&P 500 after-tax value: 1892519.69
2051,cash value: 1000,S&P 500 non-retirement value: 2514572.05,tax-exempt bonds value: 8748.27,S&P 500 pre-tax value: 51272.5,S&P 500 after-tax value: 2057377.13
2052,cash value: 1000,S&P 500 non-retirement value: 2681047.24,tax-exempt bonds value: 9298.14,S&P 500 pre-tax value: 52504.91,S&P 500 after-tax value: 2283855.05
2053,cash value: 1000,S&P 500 non-retirement value: 2772094.79,tax-exempt bonds value: 9742.96,S&P 500 pre-tax value: 55215.65,S&P 500 after-tax value: 2458272.74
2054,cash value: 1000,S&P 500 non-retirement value: 2831980.35,tax-exempt bonds value: 10403.59,S&P 500 pre-tax value: 59887.33,S&P 500 after-tax value: 2614135.71
2055,cash value: 1000,S&P 500 non-retirement value: 2932212.09,tax-exempt bonds value: 11115.95,S&P 500 pre-tax value: 63218.57,S&P 500 after-tax value: 2817223.38
2056,cash value: 1000,S&P 500 non-retirement value: 3095231.32,tax-exempt bonds value: 11487.2,S&P 500 pre-tax value: 67709.74,S&P 500 after-tax value: 3095231.32
2057,cash value: 1000,S&P 500 non-retirement value: 3232213.61,tax-exempt bonds value: 12264.31,S&P 500 pre-tax value: 70225.32,S&P 500 after-tax value: 3364140.69
2058,cash value: 1000,S&P 500 non-retirement value: 3448468.67,tax-exempt bonds value: 13007.68,S&P 500 pre-tax value: 75187.27,S&P 500 after-tax value: 3735841.06
2059,cash value: 1000,S&P 500 non-retirement value: 3598951.9,tax-exempt bonds value: 13996.16,S&P 500 pre-tax value: 79848.21,S&P 500 after-tax value: 4058392.57
2060,cash value: 1000,S&P 500 non-retirement value: 3781708.62,tax-exempt bonds value: 15195.5,S&P 500 pre-tax value: 80812.44,S&P 500 after-tax value: 4439397.08
2061,cash value: 1000,S&P 500 non-retirement value: 3872444.28,tax-exempt bonds value: 15618.14,S&P 500 pre-tax value: 82731.93,S&P 500 after-tax value: 4732987.45
2062,cash value: 1000,S&P 500 non-retirement value: 3942562.28,tax-exempt bonds value: 16403.72,S&P 500 pre-tax value: 82335.23,S&P 500 after-tax value: 5017806.54
2063,cash value: 1000,S&P 500 non-retirement value: 4135940.77,tax-exempt bonds value: 17443.8,S&P 500 pre-tax value: 83953.12,S&P 500 after-tax value: 5482526.14
2064,cash value: 1000,S&P 500 non-retirement value: 4290266.72,tax-exempt bonds value: 18071.89,S&P 500 pre-tax value: 83194.8,S&P 500 after-tax value: 5924654.04
2065,cash value: 1000,S&P 500 non-retirement value: 4465855.47,tax-exempt bonds value: 18868.87,S&P 500 pre-tax value: 83556.12,S&P 500 after-tax value: 6426474.94
year,investments
2026,cash value: 1000,S&P 500 non-retirement value: 140456.33,tax-exempt bonds value: 2072.37,S&P 500 pre-tax value: 10166.13,S&P 500 after-tax value: 35114.08
2027,cash value: 1000,S&P 500 non-retirement value: 194109.52,tax-exempt bonds value: 2261.44,S&P 500 pre-tax value: 10410.23,S&P 500 after-tax value: 51598.73
2028,cash value: 1000,S&P 500 non-retirement value: 249368.93,tax-exempt bonds value: 2431.97,S&P 500 pre-tax value: 10482.77,S&P 500 after-tax value: 70334.83
2029,cash value: 1000,S&P 500 non-retirement value: 303429.6,tax-exempt bonds value: 2585.9,S&P 500 pre-tax value: 11480.44,S&P 500 after-tax value: 90634.81
2030,cash value: 1000,S&P 500 non-retirement value: 363820.79,tax-exempt bonds value: 2780.05,S&P 500 pre-tax value: 12073.87,S&P 500 after-tax value: 114890.77
2031,cash value: 1000,S&P 500 non-retirement value: 417750.38,tax-exempt bonds value: 3004.42,S&P 500 pre-tax value: 12954.1,S&P 500 after-tax value: 139250.13
2032,cash value: 1000,S&P 500 non-retirement value: 470186.18,tax-exempt bonds value: 3138.53,S&P 500 pre-tax value: 13500.53,S&P 500 after-tax value: 165200.55
2033,cash value: 1000,S&P 500 non-retirement value: 531720.39,tax-exempt bonds value: 3336.4,S&P 500 pre-tax value: 14414.98,S&P 500 after-tax value: 196663.71
2034,cash value: 1000,S&P 500 non-retirement value: 574853.26,tax-exempt bonds value: 3568.38,S&P 500 pre-tax value: 15667.43,S&P 500 after-tax value: 223554.04
2035,cash value: 1000,S&P 500 non-retirement value: 638353.02,tax-exempt bonds value: 3695.82,S&P 500 pre-tax value: 16357.38,S&P 500 after-tax value: 260735.74
2036,cash value: 1000,S&P 500 non-retirement value: 713099.04,tax-exempt bonds value: 3931.86,S&P 500 pre-tax value: 17675.62,S&P 500 after-tax value: 305613.87
2037,cash value: 1000,S&P 500 non-retirement value: 772343.69,tax-exempt bonds value: 4198.23,S&P 500 pre-tax value: 18485.04,S&P 500 after-tax value: 346994.99
2038,cash value: 1000,S&P 500 non-retirement value: 850293.16,tax-exempt bonds value: 4371.18,S&P 500 pre-tax value: 19781.36,S&P 500 after-tax value: 400137.96
2039,cash value: 1000,S&P 500 non-retirement value: 911638.65,tax-exempt bonds value: 4758.86,S&P 500 pre-tax value: 20910.1,S&P 500 after-tax value: 449016.05
2040,cash value: 1000,S&P 500 non-retirement value: 979864.86,tax-exempt bonds value: 4814.52,S&P 500 pre-tax value: 22565.19,S&P 500 after-tax value: 504778.86
2041,cash value: 1000,S&P 500 non-retirement value: 1059886.32,tax-exempt bonds value: 5360.28,S&P 500 pre-tax value: 24931.72,S&P 500 after-tax value: 570708.02
2042,cash value: 1000,S&P 500 non-retirement value: 1138222,tax-exempt bonds value: 5606.14,S&P 500 pre-tax value: 26495.54,S&P 500 after-tax value: 640249.87
2043,cash value: 1000,S&P 500 non-retirement value: 1241579.78,tax-exempt bonds value: 5717.02,S&P 500 pre-tax value: 27612.83,S&P 500 after-tax value: 729181.77
2044,cash value: 1000,S&P 500 non-retirement value: 1354015.73,tax-exempt bonds value: 6003.03,S&P 500 pre-tax value: 28702.96,S&P 500 after-tax value: 829880.61
2045,cash value: 1000,S&P 500 non-retirement value: 1466795.06,tax-exempt bonds value: 6279.68,S&P 500 pre-tax value: 30239.59,S&P 500 after-tax value: 937787.01
2046,cash value: 1000,S&P 500 non-retirement value: 1590988.51,tax-exempt bonds value: 6642.33,S&P 500 pre-tax value: 31031.9,S&P 500 after-tax value: 1060659.01
2047,cash value: 1000,S&P 500 non-retirement value: 1673466.54,tax-exempt bonds value: 7254.77,S&P 500 pre-tax value: 32800.63,S&P 500 after-tax value: 1162917.42
2048,cash value: 1000,S&P 500 non-retirement value: 1809211.75,tax-exempt bonds value: 7777.27,S&P 500 pre-tax value: 35512.93,S&P 500 after-tax value: 1310118.85
2049,cash value: 1000,S&P 500 non-retirement value: 1960323.89,tax-exempt bonds value: 8094.89,S&P 500 pre-tax value: 37395.08,S&P 500 after-tax value: 1478840.83
2050,cash value: 1000,S&P 500 non-retirement value: 2062738.75,tax-exempt bonds value: 8610.66,S&P 500 pre-tax value: 39850.75,S&P 500 after-tax value: 1620723.3
2051,cash value: 1000,S&P 500 non-retirement value: 2180921.09,tax-exempt bonds value: 8997.6,S&P 500 pre-tax value: 41648.98,S&P 500 after-tax value: 1784389.98
2052,cash value: 1000,S&P 500 non-retirement value: 2334480.39,tax-exempt bonds value: 9648.98,S&P 500 pre-tax value: 42922.87,S&P 500 after-tax value: 1988631.44
2053,cash value: 1000,S&P 500 non-retirement value: 2499110.47,tax-exempt bonds value: 10482.29,S&P 500 pre-tax value: 45495.44,S&P 500 after-tax value: 2216192.31
2054,cash value: 1000,S&P 500 non-retirement value: 2664343.03,tax-exempt bonds value: 11072.51,S&P 500 pre-tax value: 49757.14,S&P 500 after-tax value: 2459393.57
2055,cash value: 1000,S&P 500 non-retirement value: 2824549.76,tax-exempt bonds value: 11931.76,S&P 500 pre-tax value: 52529.36,S&P 500 after-tax value: 2713783.1
2056,cash value: 1000,S&P 500 non-retirement value: 2978375.87,tax-exempt bonds value: 12511.03,S&P 500 pre-tax value: 54582.77,S&P 500 after-tax value: 2978375.87
2057,cash value: 1000,S&P 500 non-retirement value: 3137348.04,tax-exempt bonds value: 12902.63,S&P 500 pre-tax value: 56544.55,S&P 500 after-tax value: 3265403.06
2058,cash value: 1000,S&P 500 non-retirement value: 3379339.59,tax-exempt bonds value: 13708.71,S&P 500 pre-tax value: 60928.18,S&P 500 after-tax value: 3660951.23
2059,cash value: 1000,S&P 500 non-retirement value: 3537793.17,tax-exempt bonds value: 14961.19,S&P 500 pre-tax value: 65255.49,S&P 500 after-tax value: 3989426.34
2060,cash value: 1000,S&P 500 non-retirement value: 3800043.4,tax-exempt bonds value: 16072.88,S&P 500 pre-tax value: 65681.11,S&P 500 after-tax value: 4460920.51
2061,cash value: 1000,S&P 500 non-retirement value: 3961478.41,tax-exempt bonds value: 16818.56,S&P 500 pre-tax value: 66332.38,S&P 500 after-tax value: 4841806.95
2062,cash value: 1000,S&P 500 non-retirement value: 4168849.17,tax-exempt bonds value: 18105.43,S&P 500 pre-tax value: 67541.08,S&P 500 after-tax value: 5305808.04
2063,cash value: 1000,S&P 500 non-retirement value: 4477323.51,tax-exempt bonds value: 19551.98,S&P 500 pre-tax value: 68295.59,S&P 500 after-tax value: 5935056.74
2064,cash value: 1000,S&P 500 non-retirement value: 4596059.97,tax-exempt bonds value: 20085.11,S&P 500 pre-tax value: 72253.71,S&P 500 after-tax value: 6346939.95
2065,cash value: 1000,S&P 500 non-retirement value: 4881351.51,tax-exempt bonds value: 21123.64,S&P 500 pre-tax value: 73747.29,S&P 500 after-tax value: 7024383.88
year,investments
2026,cash value: 1000,S&P 500 non-retirement value: 141397.06,tax-exempt bonds value: 2114.95,S&P 500 pre-tax value: 10715.63,S&P 500 after-tax value: 35349.27
2027,cash value: 1000,S&P 500 non-retirement value: 191315.95,tax-exempt bonds value: 2255.88,S&P 500 pre-tax value: 11044.69,S&P 500 after-tax value: 50856.14
2028,cash value: 1000,S&P 500 non-retirement value: 245938.51,tax-exempt bonds value: 2385.38,S&P 500 pre-tax value: 11485.22,S&P 500 after-tax value: 69367.27
2029,cash value: 1000,S&P 500 non-retirement value: 301979.97,tax-exempt bonds value: 2512.78,S&P 500 pre-tax value: 12415.94,S&P 500 after-tax value: 90201.81
2030,cash value: 1000,S&P 500 non-retirement value: 362133.67,tax-exempt bonds value: 2636.46,S&P 500 pre-tax value: 13258.85,S&P 500 after-tax value: 114358
2031,cash value: 1000,S&P 500 non-retirement value: 425026.13,tax-exempt bonds value: 2809.99,S&P 500 pre-tax value: 14179.34,S&P 500 after-tax value: 141675.38
2032,cash value: 1000,S&P 500 non-retirement value: 492770.33,tax-exempt bonds value: 2963.5,S&P 500 pre-tax value: 15037.09,S&P 500 after-tax value: 173135.52
2033,cash value: 1000,S&P 500 non-retirement value: 549831.6,tax-exempt bonds value: 3103.23,S&P 500 pre-tax value: 15452.98,S&P 500 after-tax value: 203362.37
2034,cash value: 1000,S&P 500 non-retirement value: 623122.49,tax-exempt bonds value: 3265,S&P 500 pre-tax value: 16253.84,S&P 500 after-tax value: 242325.41
2035,cash value: 1000,S&P 500 non-retirement value: 678462.06,tax-exempt bonds value: 3582.02,S&P 500 pre-tax value: 17385.34,S&P 500 after-tax value: 277118.31
2036,cash value: 1000,S&P 500 non-retirement value: 741477.59,tax-exempt bonds value: 3891.15,S&P 500 pre-tax value: 18077.51,S&P 500 after-tax value: 317776.11
2037,cash value: 1000,S&P 500 non-retirement value: 834672.17,tax-exempt bonds value: 4036.55,S&P 500 pre-tax value: 18867.56,S&P 500 after-tax value: 374997.64
2038,cash value: 1000,S&P 500 non-retirement value: 921404.14,tax-exempt bonds value: 4288.6,S&P 500 pre-tax value: 19896.65,S&P 500 after-tax value: 433601.95
2039,cash value: 1000,S&P 500 non-retirement value: 1010700.06,tax-exempt bonds value: 4376.21,S&P 500 pre-tax value: 20910.99,S&P 500 after-tax value: 497807.49
2040,cash value: 1000,S&P 500 non-retirement value: 1117374.25,tax-exempt bonds value: 4565.19,S&P 500 pre-tax value: 22525.98,S&P 500 after-tax value: 575617.04
2041,cash value: 1000,S&P 500 non-retirement value: 1196079.94,tax-exempt bonds value: 4737.37,S&P 500 pre-tax value: 23538.01,S&P 500 after-tax value: 644043.04
2042,cash value: 1000,S&P 500 non-retirement value: 1288213.34,tax-exempt bonds value: 5229.39,S&P 500 pre-tax value: 24527.71,S&P 500 after-tax value: 724620
2043,cash value: 1000,S&P 500 non-retirement value: 1382375.33,tax-exempt bonds value: 5384.49,S&P 500 pre-tax value: 26026.49,S&P 500 after-tax value: 811871.23
2044,cash value: 1000,S&P 500 non-retirement value: 1475328.13,tax-exempt bonds value: 5932.37,S&P 500 pre-tax value: 26662.08,S&P 500 after-tax value: 904233.37
2045,cash value: 1000,S&P 500 non-retirement value: 1596222.95,tax-exempt bonds value: 6232.61,S&P 500 pre-tax value: 27373.29,S&P 500 after-tax value: 1020535.99
2046,cash value: 1000,S&P 500 non-retirement value: 1706807.3,tax-exempt bonds value: 6816.52,S&P 500 pre-tax value: 29311.91,S&P 500 after-tax value: 1137871.53
2047,cash value: 1000,S&P 500 non-retirement value: 1818814.98,tax-exempt bonds value: 7380.24,S&P 500 pre-tax value: 30714.19,S&P 500 after-tax value: 1263922.28
2048,cash value: 1000,S&P 500 non-retirement value: 1938767.64,tax-exempt bonds value: 7785.54,S&P 500 pre-tax value: 32551.51,S&P 500 after-tax value: 1403935.19
2049,cash value: 1000,S&P 500 non-retirement value: 2045108.79,tax-exempt bonds value: 8111.76,S&P 500 pre-tax value: 35185.06,S&P 500 after-tax value: 1542801.37
2050,cash value: 1000,S&P 500 non-retirement value: 2179944.59,tax-exempt bonds value: 8556.26,S&P 500 pre-tax value: 37436.65,S&P 500 after-tax value: 1712813.61
2051,cash value: 1000,S&P 500 non-retirement value: 2278126.33,tax-exempt bonds value: 9145.35,S&P 500 pre-tax value: 39490.25,S&P 500 after-tax value: 1863921.54
2052,cash value: 1000,S&P 500 non-retirement value: 2441941.24,tax-exempt bonds value: 9899.12,S&P 500 pre-tax value: 42656.41,S&P 500 after-tax value: 2080172.17
2053,cash value: 1000,S&P 500 non-retirement value: 2531688.46,tax-exempt bonds value: 10440.51,S&P 500 pre-tax value: 45662.47,S&P 500 after-tax value: 2245082.22
2054,cash value: 1000,S&P 500 non-retirement value: 2711169.15,tax-exempt bonds value: 11081.84,S&P 500 pre-tax value: 46714.25,S&P 500 after-tax value: 2502617.67
2055,cash value: 1000,S&P 500 non-retirement value: 2952285.81,tax-exempt bonds value: 11642.01,S&P 500 pre-tax value: 50350.67,S&P 500 after-tax value: 2836509.9
2056,cash value: 1000,S&P 500 non-retirement value: 3140134.31,tax-exempt bonds value: 12478.69,S&P 500 pre-tax value: 54452.32,S&P 500 after-tax value: 3140134.31
2057,cash value: 1000,S&P 500 non-retirement value: 3301093.75,tax-exempt bonds value: 12981.71,S&P 500 pre-tax value: 57067.29,S&P 500 after-tax value: 3435832.27
2058,cash value: 1000,S&P 500 non-retirement value: 3457572.65,tax-exempt bonds value: 14221.25,S&P 500 pre-tax value: 59716.68,S&P 500 after-tax value: 3745703.71
2059,cash value: 1000,S&P 500 non-retirement value: 3620625.61,tax-exempt bonds value: 15122.62,S&P 500 pre-tax value: 63593.94,S&P 500 after-tax value: 4082833.13
2060,cash value: 1000,S&P 500 non-retirement value: 3840219.78,tax-exempt bonds value: 16509.72,S&P 500 pre-tax value: 62475.17,S&P 500 after-tax value: 4508084.09
2061,cash value: 1000,S&P 500 non-retirement value: 3979504.89,tax-exempt bonds value: 17604.1,S&P 500 pre-tax value: 62941.78,S&P 500 after-tax value: 4863839.31
2062,cash value: 1000,S&P 500 non-retirement value: 4180788.12,tax-exempt bonds value: 18290.7,S&P 500 pre-tax value: 64637.86,S&P 500 after-tax value: 5321003.06
2063,cash value: 1000,S&P 500 non-retirement value: 4297888.42,tax-exempt bonds value: 19488.17,S&P 500 pre-tax value: 67751.33,S&P 500 after-tax value: 5697200.93
2064,cash value: 1000,S&P 500 non-retirement value: 4523719.85,tax-exempt bonds value: 21283.58,S&P 500 pre-tax value: 69516.78,S&P 500 after-tax value: 6247041.7
2065,cash value: 1000,S&P 500 non-retirement value: 4602245,tax-exempt bonds value: 21699.41,S&P 500 pre-tax value: 68631.26,S&P 500 after-tax value: 6622742.8
year,investments
2026,cash value: 1000,S&P 500 non-retirement value: 140288.35,tax-exempt bonds value: 2182.84,S&P 500 pre-tax value: 10452.51,S&P 500 after-tax value: 35072.09
2027,cash value: 1000,S&P 500 non-retirement value: 192851.82,tax-exempt bonds value: 2333.66,S&P 500 pre-tax value: 10703.82,S&P 500 after-tax value: 51264.41
2028,cash value: 1000,S&P 500 non-retirement value: 245963.29,tax-exempt bonds value: 2567.93,S&P 500 pre-tax value: 11484.67,S&P 500 after-tax value: 69374.26
2029,cash value: 1000,S&P 500 non-retirement value: 308941.44,tax-exempt bonds value: 2723.64,S&P 500 pre-tax value: 12554.2,S&P 500 after-tax value: 92281.21
2030,cash value: 1000,S&P 500 non-retirement value: 370034.62,tax-exempt bonds value: 2886.07,S&P 500 pre-tax value: 13151.33,S&P 500 after-tax value: 116853.04
2031,cash value: 1000,S&P 500 non-retirement value: 441366.52,tax-exempt bonds value: 3029.77,S&P 500 pre-tax value: 14372.13,S&P 500 after-tax value: 147122.17
2032,cash value: 1000,S&P 500 non-retirement value: 517684.58,tax-exempt bonds value: 3156.12,S&P 500 pre-tax value: 15537.1,S&P 500 after-tax value: 181889.18
2033,cash value: 1000,S&P 500 non-retirement value: 578080.55,tax-exempt bonds value: 3415.79,S&P 500 pre-tax value: 16735.03,S&P 500 after-tax value: 213810.62
2034,cash value: 1000,S&P 500 non-retirement value: 637690.74,tax-exempt bonds value: 3620.43,S&P 500 pre-tax value: 17750.39,S&P 500 after-tax value: 247990.84
2035,cash value: 1000,S&P 500 non-retirement value: 690698.82,tax-exempt bonds value: 3695.89,S&P 500 pre-tax value: 18784.46,S&P 500 after-tax value: 282116.42
2036,cash value: 1000,S&P 500 non-retirement value: 766762.37,tax-exempt bonds value: 3863.28,S&P 500 pre-tax value: 19316.66,S&P 500 after-tax value: 328612.44
2037,cash value: 1000,S&P 500 non-retirement value: 841595.21,tax-exempt bonds value: 4053.56,S&P 500 pre-tax value: 20574.97,S&P 500 after-tax value: 378107.99
2038,cash value: 1000,S&P 500 non-retirement value: 917958.9,tax-exempt bonds value: 4236.26,S&P 500 pre-tax value: 21827.15,S&P 500 after-tax value: 431980.66
2039,cash value: 1000,S&P 500 non-retirement value: 982595.14,tax-exempt bonds value: 4503.46,S&P 500 pre-tax value: 22442.33,S&P 500 after-tax value: 483964.77
2040,cash value: 1000,S&P 500 non-retirement value: 1059463.45,tax-exempt bonds value: 4707.13,S&P 500 pre-tax value: 23213.41,S&P 500 after-tax value: 545784.2
2041,cash value: 1000,S&P 500 non-retirement value: 1142933.08,tax-exempt bonds value: 4901.28,S&P 500 pre-tax value: 24232.7,S&P 500 after-tax value: 615425.5
2042,cash value: 1000,S&P 500 non-retirement value: 1230573.86,tax-exempt bonds value: 5238.06,S&P 500 pre-tax value: 25203.61,S&P 500 after-tax value: 692197.8
2043,cash value: 1000,S&P 500 non-retirement value: 1325362.9,tax-exempt bonds value: 5447.42,S&P 500 pre-tax value: 26393.71,S&P 500 after-tax value: 778387.74
2044,cash value: 1000,S&P 500 non-retirement value: 1429429.19,tax-exempt bonds value: 5928.1,S&P 500 pre-tax value: 27657.88,S&P 500 after-tax value: 876101.76
2045,cash value: 1000,S&P 500 non-retirement value: 1532597.79,tax-exempt bonds value: 6237.38,S&P 500 pre-tax value: 29301.84,S&P 500 after-tax value: 979857.61
2046,cash value: 1000,S&P 500 non-retirement value: 1664010.64,tax-exempt bonds value: 6446.14,S&P 500 pre-tax value: 30979.28,S&P 500 after-tax value: 1109340.43
2047,cash value: 1000,S&P 500 non-retirement value: 1708674.81,tax-exempt bonds value: 6913.96,S&P 500 pre-tax value: 32443.9,S&P 500 after-tax value: 1187384.19
2048,cash value: 1000,S&P 500 non-retirement value: 1829480.68,tax-exempt bonds value: 7360.3,S&P 500 pre-tax value: 35603.96,S&P 500 after-tax value: 1324796.36
2049,cash value: 1000,S&P 500 non-retirement value: 1989125.04,tax-exempt bonds value: 7689.81,S&P 500 pre-tax value: 36965.18,S&P 500 after-tax value: 1500568.01
2050,cash value: 1000,S&P 500 non-retirement value: 2113651.98,tax-exempt bonds value: 8527.93,S&P 500 pre-tax value: 37881.73,S&P 500 after-tax value: 1660726.56
2051,cash value: 1000,S&P 500 non-retirement value: 2186263.26,tax-exempt bonds value: 8865.74,S&P 500 pre-tax value: 39493.37,S&P 500 after-tax value: 1788760.85
2052,cash value: 1000,S&P 500 non-retirement value: 2319775.7,tax-exempt bonds value: 9494.5,S&P 500 pre-tax value: 42576.26,S&P 500 after-tax value: 1976105.22
2053,cash value: 1000,S&P 500 non-retirement value: 2443937.09,tax-exempt bonds value: 10315.42,S&P 500 pre-tax value: 44423.39,S&P 500 after-tax value: 2167264.97
2054,cash value: 1000,S&P 500 non-retirement value: 2647006.71,tax-exempt bonds value: 10694.67,S&P 500 pre-tax value: 47710.88,S&P 500 after-tax value: 2443390.81
2055,cash value: 1000,S&P 500 non-retirement value: 2784216.68,tax-exempt bonds value: 11614.53,S&P 500 pre-tax value: 49448.94,S&P 500 after-tax value: 2675031.72
2056,cash value: 1000,S&P 500 non-retirement value: 2969154.45,tax-exempt bonds value: 12123.69,S&P 500 pre-tax value: 52450.62,S&P 500 after-tax value: 2969154.45
2057,cash value: 1000,S&P 500 non-retirement value: 3122590.22,tax-exempt bonds value: 12972.72,S&P 500 pre-tax value: 53476.42,S&P 500 after-tax value: 3250042.88
2058,cash value: 1000,S&P 500 non-retirement value: 3308309.15,tax-exempt bonds value: 13673.43,S&P 500 pre-tax value: 57757.31,S&P 500 after-tax value: 3584001.58
2059,cash value: 1000,S&P 500 non-retirement value: 3528755.02,tax-exempt bonds value: 14517.82,S&P 500 pre-tax value: 61854.09,S&P 500 after-tax value: 3979234.38
2060,cash value: 1000,S&P 500 non-retirement value: 3667761.8,tax-exempt bonds value: 15417.95,S&P 500 pre-tax value: 65250.31,S&P 500 after-tax value: 4305633.42
2061,cash value: 1000,S&P 500 non-retirement value: 3851661.91,tax-exempt bonds value: 16247.27,S&P 500 pre-tax value: 65579.95,S&P 500 after-tax value: 4707586.78
2062,cash value: 1000,S&P 500 non-retirement value: 4040046.81,tax-exempt bonds value: 17403.84,S&P 500 pre-tax value: 66856.06,S&P 500 after-tax value: 5141877.76
2063,cash value: 1000,S&P 500 non-retirement value: 4132656.79,tax-exempt bonds value: 18696.58,S&P 500 pre-tax value: 67059.89,S&P 500 after-tax value: 5478172.95
2064,cash value: 1000,S&P 500 non-retirement value: 4342537.81,tax-exempt bonds value: 19603.88,S&P 500 pre-tax value: 67404.72,S&P 500 after-tax value: 5996837.93
2065,cash value: 1000,S&P 500 non-retirement value: 4419385.67,tax-exempt bonds value: 20603.05,S&P 500 pre-tax value: 69170.82,S&P 500 after-tax value: 6359603.77
year,investments
2026,cash value: 1000,S&P 500 non-retirement value: 137570.09,tax-exempt bonds value: 2093.05,S&P 500 pre-tax value: 10461.43,S&P 500 after-tax value: 34392.52
2027,cash value: 1000,S&P 500 non-retirement value: 191109.34,tax-exempt bonds value: 2183.89,S&P 500 pre-tax value: 10813.53,S&P 500 after-tax value: 50801.22
2028,cash value: 1000,S&P 500 non-retirement value: 248180.35,tax-exempt bonds value: 2356.53,S&P 500 pre-tax value: 11633.36,S&P 500 after-tax value: 69999.59
2029,cash value: 1000,S&P 500 non-retirement value: 302240.22,tax-exempt bonds value: 2413.19,S&P 500 pre-tax value: 12496.2,S&P 500 after-tax value: 90279.55
2030,cash value: 1000,S&P 500 non-retirement value: 374897.21,tax-exempt bonds value: 2514.8,S&P 500 pre-tax value: 12653.71,S&P 500 after-tax value: 118388.59
2031,cash value: 1000,S&P 500 non-retirement value: 431614.79,tax-exempt bonds value: 2660.58,S&P 500 pre-tax value: 13046.94,S&P 500 after-tax value: 143871.6
2032,cash value: 1000,S&P 500 non-retirement value: 496013.89,tax-exempt bonds value: 2806.76,S&P 500 pre-tax value: 13569.46,S&P 500 after-tax value: 174275.15
2033,cash value: 1000,S&P 500 non-retirement value: 566634.13,tax-exempt bonds value: 3050.67,S&P 500 pre-tax value: 14541.88,S&P 500 after-tax value: 209577.01
2034,cash value: 1000,S&P 500 non-retirement value: 631176.19,tax-exempt bonds value: 3177.3,S&P 500 pre-tax value: 15742.67,S&P 500 after-tax value: 245457.41
2035,cash value: 1000,S&P 500 non-retirement value: 700125.13,tax-exempt bonds value: 3276.04,S&P 500 pre-tax value: 16351.25,S&P 500 after-tax value: 285966.6
2036,cash value: 1000,S&P 500 non-retirement value: 751583.66,tax-exempt bonds value: 3438.11,S&P 500 pre-tax value: 17353.27,S&P 500 after-tax value: 322107.28
2037,cash value: 1000,S&P 500 non-retirement value: 841637.64,tax-exempt bonds value: 3556.4,S&P 500 pre-tax value: 18385.04,S&P 500 after-tax value: 378127.06
2038,cash value: 1000,S&P 500 non-retirement value: 915868.32,tax-exempt bonds value: 3791.87,S&P 500 pre-tax value: 19911.09,S&P 500 after-tax value: 430996.86
2039,cash value: 1000,S&P 500 non-retirement value: 990232.09,tax-exempt bonds value: 3960.64,S&P 500 pre-tax value: 20756.75,S&P 500 after-tax value: 487726.25
2040,cash value: 1000,S&P 500 non-retirement value: 1077216.17,tax-exempt bonds value: 4243.3,S&P 500 pre-tax value: 22165.07,S&P 500 after-tax value: 554929.54
2041,cash value: 1000,S&P 500 non-retirement value: 1163436.94,tax-exempt bonds value: 4545.94,S&P 500 pre-tax value: 22909.02,S&P 500 after-tax value: 626466.04
2042,cash value: 1000,S&P 500 non-retirement value: 1234291.02,tax-exempt bonds value: 4857.54,S&P 500 pre-tax value: 24067.85,S&P 500 after-tax value: 694288.7
2043,cash value: 1000,S&P 500 non-retirement value: 1326809.54,tax-exempt bonds value: 5169.18,S&P 500 pre-tax value: 25086.17,S&P 500 after-tax value: 779237.35
2044,cash value: 1000,S&P 500 non-retirement value: 1410791.91,tax-exempt bonds value: 5595.38,S&P 500 pre-tax value: 26394.03,S&P 500 after-tax value: 864678.91
2045,cash value: 1000,S&P 500 non-retirement value: 1529578.6,tax-exempt bonds value: 5841.12,S&P 500 pre-tax value: 28205.59,S&P 500 after-tax value: 977927.3
2046,cash value: 1000,S&P 500 non-retirement value: 1624731.44,tax-exempt bonds value: 6110.82,S&P 500 pre-tax value: 29782,S&P 500 after-tax value: 1083154.3
2047,cash value: 1000,S&P 500 non-retirement value: 1701594.63,tax-exempt bonds value: 6437.72,S&P 500 pre-tax value: 30857.73,S&P 500 after-tax value: 1182464.06
2048,cash value: 1000,S&P 500 non-retirement value: 1820091.34,tax-exempt bonds value: 6830.69,S&P 500 pre-tax value: 33238.54,S&P 500 after-tax value: 1317997.18
2049,cash value: 1000,S&P 500 non-retirement value: 1877495.81,tax-exempt bonds value: 7181.43,S&P 500 pre-tax value: 35611.07,S&P 500 after-tax value: 1416356.49
2050,cash value: 1000,S&P 500 non-retirement value: 1966036.01,tax-exempt bonds value: 7547.63,S&P 500 pre-tax value: 36442.55,S&P 500 after-tax value: 1544742.58
2051,cash value: 1000,S&P 500 non-retirement value: 2069547.76,tax-exempt bonds value: 8020.16,S&P 500 pre-tax value: 39461.72,S&P 500 after-tax value: 1693266.35
2052,cash value: 1000,S&P 500 non-retirement value: 2177582.43,tax-exempt bonds value: 8640.08,S&P 500 pre-tax value: 41703.31,S&P 500 after-tax value: 1854977.63
2053,cash value: 1000,S&P 500 non-retirement value: 2302027.98,tax-exempt bonds value: 9024.11,S&P 500 pre-tax value: 43976.21,S&P 500 after-tax value: 2041421.04
2054,cash value: 1000,S&P 500 non-retirement value: 2408540.91,tax-exempt bonds value: 9737.05,S&P 500 pre-tax value: 48590.9,S&P 500 after-tax value: 2223268.53
2055,cash value: 1000,S&P 500 non-retirement value: 2554442.68,tax-exempt bonds value: 10459.52,S&P 500 pre-tax value: 51478.7,S&P 500 after-tax value: 2454268.46
2056,cash value: 1000,S&P 500 non-retirement value: 2604044.23,tax-exempt bonds value: 11224.71,S&P 500 pre-tax value: 54871.35,S&P 500 after-tax value: 2604044.23
2057,cash value: 1000,S&P 500 non-retirement value: 2656961.65,tax-exempt bonds value: 12256.3,S&P 500 pre-tax value: 59534.03,S&P 500 after-tax value: 2765409.07
2058,cash value: 1000,S&P 500 non-retirement value: 2848763.47,tax-exempt bonds value: 13374.9,S&P 500 pre-tax value: 63494.77,S&P 500 after-tax value: 3086160.43
2059,cash value: 1000,S&P 500 non-retirement value: 2943379.67,tax-exempt bonds value: 14258.16,S&P 500 pre-tax value: 66851.32,S&P 500 after-tax value: 3319130.26
2060,cash value: 1000,S&P 500 non-retirement value: 3097667.45,tax-exempt bonds value: 15585.19,S&P 500 pre-tax value: 68998.04,S&P 500 after-tax value: 3636392.22
2061,cash value: 1000,S&P 500 non-retirement value: 3293759.29,tax-exempt bonds value: 16633.19,S&P 500 pre-tax value: 68800.35,S&P 500 after-tax value: 4025705.79
2062,cash value: 1000,S&P 500 non-retirement value: 3349270.88,tax-exempt bonds value: 17161.94,S&P 500 pre-tax value: 69279,S&P 500 after-tax value: 4262708.4
2063,cash value: 1000,S&P 500 non-retirement value: 3471049.47,tax-exempt bonds value: 18340.85,S&P 500 pre-tax value: 69312.55,S&P 500 after-tax value: 4601158.6
2064,cash value: 1000,S&P 500 non-retirement value: 3589611.67,tax-exempt bonds value: 20159.2,S&P 500 pre-tax value: 71095.79,S&P 500 after-tax value: 4957082.78
2065,cash value: 1000,S&P 500 non-retirement value: 3705082.46,tax-exempt bonds value: 21796.68,S&P 500 pre-tax value: 71331.43,S&P 500 after-tax value: 5331704.03
