year,investments
2026,cash value: 10,i1 value: 1300,i2 value: 700,it2-after-tax value: 9.9
2027,cash value: 10,i1 value: 1535.67,i2 value: 774.33,it2-after-tax value: 9.8
2028,cash value: 10,i1 value: 1704,i2 value: 841.67,it2-after-tax value: 9.7
2029,cash value: 10,i1 value: 1805,i2 value: 909,it2-after-tax value: 9.6
2030,cash value: 10,i1 value: 1838.67,i2 value: 976.33,it2-after-tax value: 9.5
2031,cash value: 10,i1 value: 1805,i2 value: 1043.67,it2-after-tax value: 9.4
2032,cash value: 10,i1 value: 1704,i2 value: 1111,it2-after-tax value: 9.31
2033,cash value: 10,i1 value: 1535.67,i2 value: 1178.33,it2-after-tax value: 9.22
2034,cash value: 10,i1 value: 1300,i2 value: 1245.67,it2-after-tax value: 9.13
2035,cash value: 10,i1 value: 997,i2 value: 1313,it2-after-tax value: 9.04
2036,cash value: 10,i1 value: 626.67,i2 value: 1380.33,it2-after-tax value: 8.95
2037,cash value: 10,i1 value: 189,i2 value: 1447.67,it2-after-tax value: 8.86
2038,cash value: 10,i1 value: -316,i2 value: 1515,it2-after-tax value: 8.77
2039,cash value: 10,i1 value: -888.33,i2 value: 1582.33,it2-after-tax value: 8.68
2040,cash value: 10,i1 value: -1528,i2 value: 1649.67,it2-after-tax value: 8.59
2041,cash value: 10,i1 value: -2235,i2 value: 1717,it2-after-tax value: 8.5
2042,cash value: 10,i1 value: -3009.33,i2 value: 1784.33,it2-after-tax value: 8.41
2043,cash value: 10,i1 value: -3851,i2 value: 1851.67,it2-after-tax value: 8.33
2044,cash value: 10,i1 value: -4760,i2 value: 1919,it2-after-tax value: 8.25
