year,investments
2026,cash value: 1000,S&P 500 non-retirement value: 140715.58,tax-exempt bonds value: 2068.81,S&P 500 pre-tax value: 10276.33,S&P 500 after-tax value: 35178.9
2027,cash value: 1000,S&P 500 non-retirement value: 190054.44,tax-exempt bonds value: 2189.67,S&P 500 pre-tax value: 10843.79,S&P 500 after-tax value: 50520.8
2028,cash value: 1000,S&P 500 non-retirement value: 245147.25,tax-exempt bonds value: 2343.67,S&P 500 pre-tax value: 11777.89,S&P 500 after-tax value: 69144.1
2029,cash value: 1000,S&P 500 non-retirement value: 297033.6,tax-exempt bonds value: 2428.38,S&P 500 pre-tax value: 12395.37,S&P 500 after-tax value: 88724.32
2030,cash value: 1000,S&P 500 non-retirement value: 356546.81,tax-exempt bonds value: 2560.51,S&P 500 pre-tax value: 12794.14,S&P 500 after-tax value: 112593.73
2031,cash value: 1000,S&P 500 non-retirement value: 418962.42,tax-exempt bonds value: 2744.84,S&P 500 pre-tax value: 13312.97,S&P 500 after-tax value: 139654.14
2032,cash value: 1000,S&P 500 non-retirement value: 477986.86,tax-exempt bonds value: 2857.44,S&P 500 pre-tax value: 14067.99,S&P 500 after-tax value: 167941.33
2033,cash value: 1000,S&P 500 non-retirement value: 554035.88,tax-exempt bonds value: 3096.14,S&P 500 pre-tax value: 14834.88,S&P 500 after-tax value: 204917.38
2034,cash value: 1000,S&P 500 non-retirement value: 631096.09,tax-exempt bonds value: 3273.25,S&P 500 pre-tax value: 15212.56,S&P 500 after-tax value: 245426.26
2035,cash value: 1000,S&P 500 non-retirement value: 685035.19,tax-exempt bonds value: 3436.2,S&P 500 pre-tax value: 16188.05,S&P 500 after-tax value: 279803.11
2036,cash value: 1000,S&P 500 non-retirement value: 756182.04,tax-exempt bonds value: 3644.54,S&P 500 pre-tax value: 16892,S&P 500 after-tax value: 324078.02
2037,cash value: 1000,S&P 500 non-retirement value: 824441.81,tax-exempt bonds value: 3930.36,S&P 500 pre-tax value: 17956.32,S&P 500 after-tax value: 370401.4
2038,cash value: 1000,S&P 500 non-retirement value: 909358.09,tax-exempt bonds value: 4198.57,S&P 500 pre-tax value: 18816.31,S&P 500 after-tax value: 427933.22
2039,cash value: 1000,S&P 500 non-retirement value: 989135.69,tax-exempt bonds value: 4424.25,S&P 500 pre-tax value: 19797.09,S&P 500 after-tax value: 487186.23
2040,cash value: 1000,S&P 500 non-retirement value: 1088315.24,tax-exempt bonds value: 4768.98,S&P 500 pre-tax value: 21000.73,S&P 500 after-tax value: 560647.24
2041,cash value: 1000,S&P 500 non-retirement value: 1175486.1,tax-exempt bonds value: 5048.27,S&P 500 pre-tax value: 21626.41,S&P 500 after-tax value: 632954.06
2042,cash value: 1000,S&P 500 non-retirement value: 1271871.27,tax-exempt bonds value: 5266.35,S&P 500 pre-tax value: 22862.11,S&P 500 after-tax value: 715427.59
2043,cash value: 1000,S&P 500 non-retirement value: 1396652.02,tax-exempt bonds value: 5521.68,S&P 500 pre-tax value: 24667.58,S&P 500 after-tax value: 820255.95
2044,cash value: 1000,S&P 500 non-retirement value: 1505680.92,tax-exempt bonds value: 5734.52,S&P 500 pre-tax value: 25906.03,S&P 500 after-tax value: 922836.69
2045,cash value: 1000,S&P 500 non-retirement value: 1625102.96,tax-exempt bonds value: 6071.01,S&P 500 pre-tax value: 26944.37,S&P 500 after-tax value: 1039000.25
2046,cash value: 1000,S&P 500 non-retirement value: 1739720.08,tax-exempt bonds value: 6357.73,S&P 500 pre-tax value: 29456.52,S&P 500 after-tax value: 1159813.39
2047,cash value: 1000,S&P 500 non-retirement value: 1841575.46,tax-exempt bonds value: 6652.9,S&P 500 pre-tax value: 31635.18,S&P 500 after-tax value: 1279738.88
2048,cash value: 1000,S&P 500 non-retirement value: 2003875.18,tax-exempt bonds value: 6931.13,S&P 500 pre-tax value: 32624.85,S&P 500 after-tax value: 1451082.03
2049,cash value: 1000,S&P 500 non-retirement value: 2169904.82,tax-exempt bonds value: 7599.86,S&P 500 pre-tax value: 35456.26,S&P 500 after-tax value: 1636945.74
2050,cash value: 1000,S&P 500 non-retirement value: 2314549.92,tax-exempt bonds value: 7814.91,S&P 500 pre-tax value: 38292.68,S&P 500 after-tax value: 1818574.94
2051,cash value: 1000,S&P 500 non-retirement value: 2435024.6,tax-exempt bonds value: 8426.58,S&P 500 pre-tax value: 39264.43,S&P 500 after-tax value: 1992292.86
2052,cash value: 1000,S&P 500 non-retirement value: 2590761.32,tax-exempt bonds value: 8873.63,S&P 500 pre-tax value: 40812.6,S&P 500 after-tax value: 2206944.83
2053,cash value: 1000,S&P 500 non-retirement value: 2747108.61,tax-exempt bonds value: 9433.35,S&P 500 pre-tax value: 42182.51,S&P 500 after-tax value: 2436115.18
2054,cash value: 1000,S&P 500 non-retirement value: 2877308.42,tax-exempt bonds value: 9804.5,S&P 500 pre-tax value: 45266.59,S&P 500 after-tax value: 2655977.01
2055,cash value: 1000,S&P 500 non-retirement value: 2971826.04,tax-exempt bonds value: 10285,S&P 500 pre-tax value: 48746.13,S&P 500 after-tax value: 2855283.85
2056,cash value: 1000,S&P 500 non-retirement value: 3094853.27,tax-exempt bonds value: 10930.02,S&P 500 pre-tax value: 53126.69,S&P 500 after-tax value: 3094853.27
2057,cash value: 1000,S&P 500 non-retirement value: 3307817.5,tax-exempt bonds value: 11519.01,S&P 500 pre-tax value: 56389.1,S&P 500 after-tax value: 3442830.46
2058,cash value: 1000,S&P 500 non-retirement value: 3444649.45,tax-exempt bonds value: 12149.02,S&P 500 pre-tax value: 58743.78,S&P 500 after-tax value: 3731703.57
2059,cash value: 1000,S&P 500 non-retirement value: 3691260.31,tax-exempt bonds value: 12823.87,S&P 500 pre-tax value: 62759.16,S&P 500 after-tax value: 4162485.03
year,investments
2026,cash value: 1000,S&P 500 non-retirement value: 142903.43,tax-exempt bonds value: 2105.11,S&P 500 pre-tax value: 10488.42,S&P 500 after-tax value: 35725.86
2027,cash value: 1000,S&P 500 non-retirement value: 195573.41,tax-exempt bonds value: 2211.04,S&P 500 pre-tax value: 11193.24,S&P 500 after-tax value: 51987.87
2028,cash value: 1000,S&P 500 non-retirement value: 246828.94,tax-exempt bonds value: 2308.85,S&P 500 pre-tax value: 11921.59,S&P 500 after-tax value: 69618.42
2029,cash value: 1000,S&P 500 non-retirement value: 308771.39,tax-exempt bonds value: 2396.09,S&P 500 pre-tax value: 12379.75,S&P 500 after-tax value: 92230.42
2030,cash value: 1000,S&P 500 non-retirement value: 365605.73,tax-exempt bonds value: 2503.11,S&P 500 pre-tax value: 13267.01,S&P 500 after-tax value: 115454.44
2031,cash value: 1000,S&P 500 non-retirement value: 427707.7,tax-exempt bonds value: 2621.82,S&P 500 pre-tax value: 13613.45,S&P 500 after-tax value: 142569.23
2032,cash value: 1000,S&P 500 non-retirement value: 493450.17,tax-exempt bonds value: 2717.94,S&P 500 pre-tax value: 14434.61,S&P 500 after-tax value: 173374.38
2033,cash value: 1000,S&P 500 non-retirement value: 561232.46,tax-exempt bonds value: 2975.59,S&P 500 pre-tax value: 15400.3,S&P 500 after-tax value: 207579.13
2034,cash value: 1000,S&P 500 non-retirement value: 636450.55,tax-exempt bonds value: 3139.21,S&P 500 pre-tax value: 15548.45,S&P 500 after-tax value: 247508.55
2035,cash value: 1000,S&P 500 non-retirement value: 706797.88,tax-exempt bonds value: 3422.13,S&P 500 pre-tax value: 16148.42,S&P 500 after-tax value: 288692.09
2036,cash value: 1000,S&P 500 non-retirement value: 785041.06,tax-exempt bonds value: 3653.6,S&P 500 pre-tax value: 17437.6,S&P 500 after-tax value: 336446.17
2037,cash value: 1000,S&P 500 non-retirement value: 868741.32,tax-exempt bonds value: 3827.35,S&P 500 pre-tax value: 18555.97,S&P 500 after-tax value: 390304.07
2038,cash value: 1000,S&P 500 non-retirement value: 949534.37,tax-exempt bonds value: 4189.64,S&P 500 pre-tax value: 20361.4,S&P 500 after-tax value: 446839.7
2039,cash value: 1000,S&P 500 non-retirement value: 1033509,tax-exempt bonds value: 4406.34,S&P 500 pre-tax value: 21547.74,S&P 500 after-tax value: 509041.74
2040,cash value: 1000,S&P 500 non-retirement value: 1100168.93,tax-exempt bonds value: 4631.88,S&P 500 pre-tax value: 23010.55,S&P 500 after-tax value: 566753.69
2041,cash value: 1000,S&P 500 non-retirement value: 1222247.49,tax-exempt bonds value: 4990.21,S&P 500 pre-tax value: 24664.33,S&P 500 after-tax value: 658133.26
2042,cash value: 1000,S&P 500 non-retirement value: 1320221.93,tax-exempt bonds value: 5352.98,S&P 500 pre-tax value: 26485.95,S&P 500 after-tax value: 742624.84
2043,cash value: 1000,S&P 500 non-retirement value: 1415499.72,tax-exempt bonds value: 5525.9,S&P 500 pre-tax value: 28716.46,S&P 500 after-tax value: 831325.23
2044,cash value: 1000,S&P 500 non-retirement value: 1531262.22,tax-exempt bonds value: 5827.18,S&P 500 pre-tax value: 29187.3,S&P 500 after-tax value: 938515.55
2045,cash value: 1000,S&P 500 non-retirement value: 1629212.48,tax-exempt bonds value: 6206.52,S&P 500 pre-tax value: 31036.19,S&P 500 after-tax value: 1041627.65
2046,cash value: 1000,S&P 500 non-retirement value: 1722459.99,tax-exempt bonds value: 6783.32,S&P 500 pre-tax value: 31609.58,S&P 500 after-tax value: 1148306.66
2047,cash value: 1000,S&P 500 non-retirement value: 1858641.94,tax-exempt bonds value: 6897.32,S&P 500 pre-tax value: 33858.47,S&P 500 after-tax value: 1291598.64
2048,cash value: 1000,S&P 500 non-retirement value: 1941036.61,tax-exempt bonds value: 7418.61,S&P 500 pre-tax value: 35923.24,S&P 500 after-tax value: 1405578.23
2049,cash value: 1000,S&P 500 non-retirement value: 2104896.34,tax-exempt bonds value: 7780.7,S&P 500 pre-tax value: 38151.55,S&P 500 after-tax value: 1587904.25
2050,cash value: 1000,S&P 500 non-retirement value: 2211696.21,tax-exempt bonds value: 8223.43,S&P 500 pre-tax value: 39188.29,S&P 500 after-tax value: 1737761.31
2051,cash value: 1000,S&P 500 non-retirement value: 2312759.4,tax-exempt bonds value: 8826.28,S&P 500 pre-tax value: 41843.26,S&P 500 after-tax value: 1892257.69
2052,cash value: 1000,S&P 500 non-retirement value: 2477680.62,tax-exempt bonds value: 9236.11,S&P 500 pre-tax value: 42939.47,S&P 500 after-tax value: 2110616.82
2053,cash value: 1000,S&P 500 non-retirement value: 2616461.34,tax-exempt bonds value: 9815.44,S&P 500 pre-tax value: 45688.33,S&P 500 after-tax value: 2320258.17
2054,cash value: 1000,S&P 500 non-retirement value: 2783822.23,tax-exempt bonds value: 10270.61,S&P 500 pre-tax value: 46847.55,S&P 500 after-tax value: 2569682.06
2055,cash value: 1000,S&P 500 non-retirement value: 2954522.72,tax-exempt bonds value: 10561.84,S&P 500 pre-tax value: 49570.02,S&P 500 after-tax value: 2838659.09
2056,cash value: 1000,S&P 500 non-retirement value: 3117449.51,tax-exempt bonds value: 11186.5,S&P 500 pre-tax value: 50875.33,S&P 500 after-tax value: 3117449.51
2057,cash value: 1000,S&P 500 non-retirement value: 3220731.97,tax-exempt bonds value: 11964.54,S&P 500 pre-tax value: 55673.74,S&P 500 after-tax value: 3352190.42
2058,cash value: 1000,S&P 500 non-retirement value: 3371189.85,tax-exempt bonds value: 12737.68,S&P 500 pre-tax value: 58588.72,S&P 500 after-tax value: 3652122.34
2059,cash value: 1000,S&P 500 non-retirement value: 3554710.91,tax-exempt bonds value: 13578.92,S&P 500 pre-tax value: 62703.56,S&P 500 after-tax value: 4008503.79
year,investments
2026,cash value: 1000,S&P 500 non-retirement value: 139948.93,tax-exempt bonds value: 2096.39,S&P 500 pre-tax value: 10857.01,S&P 500 after-tax value: 34987.23
2027,cash value: 1000,S&P 500 non-retirement value: 195101.68,tax-exempt bonds value: 2195.44,S&P 500 pre-tax value: 11641.65,S&P 500 after-tax value: 51862.47
2028,cash value: 1000,S&P 500 non-retirement value: 244466.34,tax-exempt bonds value: 2377.6,S&P 500 pre-tax value: 12645.92,S&P 500 after-tax value: 68952.04
2029,cash value: 1000,S&P 500 non-retirement value: 300533.1,tax-exempt bonds value: 2502.11,S&P 500 pre-tax value: 13336.29,S&P 500 after-tax value: 89769.63
2030,cash value: 1000,S&P 500 non-retirement value: 351411.03,tax-exempt bonds value: 2639.37,S&P 500 pre-tax value: 13974.7,S&P 500 after-tax value: 110971.9
2031,cash value: 1000,S&P 500 non-retirement value: 413688.61,tax-exempt bonds value: 2791.12,S&P 500 pre-tax value: 14900.24,S&P 500 after-tax value: 137896.2
2032,cash value: 1000,S&P 500 non-retirement value: 489209.75,tax-exempt bonds value: 2962.51,S&P 500 pre-tax value: 15831.86,S&P 500 after-tax value: 171884.51
2033,cash value: 1000,S&P 500 non-retirement value: 552482.7,tax-exempt bonds value: 3307.05,S&P 500 pre-tax value: 16383.02,S&P 500 after-tax value: 204342.92
2034,cash value: 1000,S&P 500 non-retirement value: 638594.52,tax-exempt bonds value: 3473.45,S&P 500 pre-tax value: 17238.54,S&P 500 after-tax value: 248342.31
2035,cash value: 1000,S&P 500 non-retirement value: 714066.7,tax-exempt bonds value: 3537.39,S&P 500 pre-tax value: 18155.18,S&P 500 after-tax value: 291661.05
2036,cash value: 1000,S&P 500 non-retirement value: 792325.39,tax-exempt bonds value: 3738.67,S&P 500 pre-tax value: 19410.99,S&P 500 after-tax value: 339568.02
2037,cash value: 1000,S&P 500 non-retirement value: 850790.66,tax-exempt bonds value: 4052.48,S&P 500 pre-tax value: 20928.58,S&P 500 after-tax value: 382239.28
2038,cash value: 1000,S&P 500 non-retirement value: 925680.09,tax-exempt bonds value: 4293.36,S&P 500 pre-tax value: 22375.92,S&P 500 after-tax value: 435614.16
2039,cash value: 1000,S&P 500 non-retirement value: 986065.88,tax-exempt bonds value: 4606.38,S&P 500 pre-tax value: 24469.96,S&P 500 after-tax value: 485674.24
2040,cash value: 1000,S&P 500 non-retirement value: 1083495.03,tax-exempt bonds value: 4901.65,S&P 500 pre-tax value: 26290.77,S&P 500 after-tax value: 558164.1
2041,cash value: 1000,S&P 500 non-retirement value: 1182785.84,tax-exempt bonds value: 5215.13,S&P 500 pre-tax value: 27167.87,S&P 500 after-tax value: 636884.68
2042,cash value: 1000,S&P 500 non-retirement value: 1319441.06,tax-exempt bonds value: 5501.5,S&P 500 pre-tax value: 29004.4,S&P 500 after-tax value: 742185.6
2043,cash value: 1000,S&P 500 non-retirement value: 1410108,tax-exempt bonds value: 6214.62,S&P 500 pre-tax value: 30812.4,S&P 500 after-tax value: 828158.67
2044,cash value: 1000,S&P 500 non-retirement value: 1505653.24,tax-exempt bonds value: 6683,S&P 500 pre-tax value: 32771.95,S&P 500 after-tax value: 922819.73
2045,cash value: 1000,S&P 500 non-retirement value: 1645915.46,tax-exempt bonds value: 6936.6,S&P 500 pre-tax value: 35026.79,S&P 500 after-tax value: 1052306.61
2046,cash value: 1000,S&P 500 non-retirement value: 1749645.32,tax-exempt bonds value: 7243.49,S&P 500 pre-tax value: 37209.37,S&P 500 after-tax value: 1166430.21
2047,cash value: 1000,S&P 500 non-retirement value: 1882218.52,tax-exempt bonds value: 7758.87,S&P 500 pre-tax value: 39077.18,S&P 500 after-tax value: 1307982.36
2048,cash value: 1000,S&P 500 non-retirement value: 1993485.7,tax-exempt bonds value: 8433.01,S&P 500 pre-tax value: 41248.33,S&P 500 after-tax value: 1443558.61
2049,cash value: 1000,S&P 500 non-retirement value: 2137964.9,tax-exempt bonds value: 8839.48,S&P 500 pre-tax value: 44751.35,S&P 500 after-tax value: 1612850.71
2050,cash value: 1000,S&P 500 non-retirement value: 2280444.99,tax-exempt bonds value: 9374.13,S&P 500 pre-tax value: 47137.48,S&P 500 after-tax value: 1791778.21
2051,cash value: 1000,S&P 500 non-retirement value: 2427005.18,tax-exempt bonds value: 10028.49,S&P 500 pre-tax value: 52106.61,S&P 500 after-tax value: 1985731.51
2052,cash value: 1000,S&P 500 non-retirement value: 2546848.87,tax-exempt bonds value: 10431.26,S&P 500 pre-tax value: 55276.47,S&P 500 after-tax value: 2169537.92
2053,cash value: 1000,S&P 500 non-retirement value: 2700313.17,tax-exempt bonds value: 11207.47,S&P 500 pre-tax value: 57452.7,S&P 500 after-tax value: 2394617.34
2054,cash value: 1000,S&P 500 non-retirement value: 2806480.35,tax-exempt bonds value: 11946.5,S&P 500 pre-tax value: 62296.69,S&P 500 after-tax value: 2590597.25
2055,cash value: 1000,S&P 500 non-retirement value: 2894812.17,tax-exempt bonds value: 12544.14,S&P 500 pre-tax value: 66417.14,S&P 500 after-tax value: 2781290.13
2056,cash value: 1000,S&P 500 non-retirement value: 3049654.59,tax-exempt bonds value: 13076.18,S&P 500 pre-tax value: 69669.29,S&P 500 after-tax value: 3049654.59
2057,cash value: 1000,S&P 500 non-retirement value: 3194657.05,tax-exempt bonds value: 13744.33,S&P 500 pre-tax value: 72990.6,S&P 500 after-tax value: 3325051.21
2058,cash value: 1000,S&P 500 non-retirement value: 3431805.77,tax-exempt bonds value: 14369.12,S&P 500 pre-tax value: 73367.14,S&P 500 after-tax value: 3717789.59
2059,cash value: 1000,S&P 500 non-retirement value: 3599183.8,tax-exempt bonds value: 14959.3,S&P 500 pre-tax value: 78632.69,S&P 500 after-tax value: 4058654.07
year,investments
2026,cash value: 1000,S&P 500 non-retirement value: 141039.2,tax-exempt bonds value: 2137.24,S&P 500 pre-tax value: 10290.44,S&P 500 after-tax value: 35259.8
2027,cash value: 1000,S&P 500 non-retirement value: 194491.83,tax-exempt bonds value: 2219.04,S&P 500 pre-tax value: 10647.88,S&P 500 after-tax value: 51700.36
2028,cash value: 1000,S&P 500 non-retirement value: 250189.19,tax-exempt bonds value: 2344.04,S&P 500 pre-tax value: 11335.36,S&P 500 after-tax value: 70566.18
2029,cash value: 1000,S&P 500 non-retirement value: 305584.13,tax-exempt bonds value: 2467.63,S&P 500 pre-tax value: 11860.43,S&P 500 after-tax value: 91278.38
2030,cash value: 1000,S&P 500 non-retirement value: 364862.76,tax-exempt bonds value: 2656.84,S&P 500 pre-tax value: 12517.84,S&P 500 after-tax value: 115219.82
2031,cash value: 1000,S&P 500 non-retirement value: 434707.15,tax-exempt bonds value: 2803.53,S&P 500 pre-tax value: 13298.99,S&P 500 after-tax value: 144902.38
2032,cash value: 1000,S&P 500 non-retirement value: 486518.34,tax-exempt bonds value: 3005.86,S&P 500 pre-tax value: 13808.02,S&P 500 after-tax value: 170938.88
2033,cash value: 1000,S&P 500 non-retirement value: 552981.17,tax-exempt bonds value: 3159.41,S&P 500 pre-tax value: 14449.33,S&P 500 after-tax value: 204527.28
2034,cash value: 1000,S&P 500 non-retirement value: 629152.89,tax-exempt bonds value: 3346.63,S&P 500 pre-tax value: 14685.86,S&P 500 after-tax value: 244670.57
2035,cash value: 1000,S&P 500 non-retirement value: 698559.51,tax-exempt bonds value: 3657.11,S&P 500 pre-tax value: 15790.49,S&P 500 after-tax value: 285327.12
2036,cash value: 1000,S&P 500 non-retirement value: 777135.62,tax-exempt bonds value: 3871.06,S&P 500 pre-tax value: 16770.32,S&P 500 after-tax value: 333058.12
2037,cash value: 1000,S&P 500 non-retirement value: 851829.7,tax-exempt bonds value: 3899.76,S&P 500 pre-tax value: 17390.01,S&P 500 after-tax value: 382706.1
2038,cash value: 1000,S&P 500 non-retirement value: 917396.14,tax-exempt bonds value: 4263.23,S&P 500 pre-tax value: 18103.26,S&P 500 after-tax value: 431715.83
2039,cash value: 1000,S&P 500 non-retirement value: 1002683.77,tax-exempt bonds value: 4650.65,S&P 500 pre-tax value: 19191.76,S&P 500 after-tax value: 493859.17
2040,cash value: 1000,S&P 500 non-retirement value: 1113311.17,tax-exempt bonds value: 5074.28,S&P 500 pre-tax value: 19439.66,S&P 500 after-tax value: 573523.94
2041,cash value: 1000,S&P 500 non-retirement value: 1207840.56,tax-exempt bonds value: 5354.52,S&P 500 pre-tax value: 20228.48,S&P 500 after-tax value: 650375.69
2042,cash value: 1000,S&P 500 non-retirement value: 1286628.05,tax-exempt bonds value: 5575.32,S&P 500 pre-tax value: 21827.83,S&P 500 after-tax value: 723728.28
2043,cash value: 1000,S&P 500 non-retirement value: 1412229.66,tax-exempt bonds value: 5713.49,S&P 500 pre-tax value: 23306.76,S&P 500 after-tax value: 829404.72
2044,cash value: 1000,S&P 500 non-retirement value: 1488834.85,tax-exempt bonds value: 6083.99,S&P 500 pre-tax value: 25201.98,S&P 500 after-tax value: 912511.68
2045,cash value: 1000,S&P 500 non-retirement value: 1611637.06,tax-exempt bonds value: 6469.6,S&P 500 pre-tax value: 27128.56,S&P 500 after-tax value: 1030390.91
2046,cash value: 1000,S&P 500 non-retirement value: 1752860.86,tax-exempt bonds value: 6679.7,S&P 500 pre-tax value: 28260.17,S&P 500 after-tax value: 1168573.91
2047,cash value: 1000,S&P 500 non-retirement value: 1859631.49,tax-exempt bonds value: 7119.88,S&P 500 pre-tax value: 29984.75,S&P 500 after-tax value: 1292286.29
2048,cash value: 1000,S&P 500 non-retirement value: 1967827.66,tax-exempt bonds value: 7556.08,S&P 500 pre-tax value: 32273.51,S&P 500 after-tax value: 1424978.65
2049,cash value: 1000,S&P 500 non-retirement value: 2106228.13,tax-exempt bonds value: 7936.4,S&P 500 pre-tax value: 33785.31,S&P 500 after-tax value: 1588908.94
2050,cash value: 1000,S&P 500 non-retirement value: 2211256.58,tax-exempt bonds value: 8486.75,S&P 500 pre-tax value: 35450.49,S&P 500 after-tax value: 1737415.89
2051,cash value: 1000,S&P 500 non-retirement value: 2331188.54,tax-exempt bonds value: 8714.13,S&P 500 pre-tax value: 37420.57,S&P 500 after-tax value: 1907336.08
2052,cash value: 1000,S&P 500 non-retirement value: 2471917.91,tax-exempt bonds value: 9197.85,S&P 500 pre-tax value: 40141.2,S&P 500 after-tax value: 2105707.85
2053,cash value: 1000,S&P 500 non-retirement value: 2586578.8,tax-exempt bonds value: 9858.73,S&P 500 pre-tax value: 43074.16,S&P 500 after-tax value: 2293758.56
2054,cash value: 1000,S&P 500 non-retirement value: 2695067.93,tax-exempt bonds value: 10366.73,S&P 500 pre-tax value: 44616.33,S&P 500 after-tax value: 2487755.01
2055,cash value: 1000,S&P 500 non-retirement value: 2839791.79,tax-exempt bonds value: 10910.36,S&P 500 pre-tax value: 47731.43,S&P 500 after-tax value: 2728427.4
2056,cash value: 1000,S&P 500 non-retirement value: 3010845.81,tax-exempt bonds value: 11311.3,S&P 500 pre-tax value: 49874.6,S&P 500 after-tax value: 3010845.81
2057,cash value: 1000,S&P 500 non-retirement value: 3218682.34,tax-exempt bonds value: 12335.6,S&P 500 pre-tax value: 50497.73,S&P 500 after-tax value: 3350057.13
2058,cash value: 1000,S&P 500 non-retirement value: 3394059.82,tax-exempt bonds value: 13652.01,S&P 500 pre-tax value: 52936.23,S&P 500 after-tax value: 3676898.14
2059,cash value: 1000,S&P 500 non-retirement value: 3545386.87,tax-exempt bonds value: 14183.64,S&P 500 pre-tax value: 56847.15,S&P 500 after-tax value: 3997989.44
year,investments
2026,cash value: 1000,S&P 500 non-retirement value: 139938.2,tax-exempt bonds value: 2082.81,S&P 500 pre-tax value: 10589.14,S&P 500 after-tax value: 34984.55
2027,cash value: 1000,S&P 500 non-retirement value: 193383.42,tax-exempt bonds value: 2126.41,S&P 500 pre-tax value: 11388.86,S&P 500 after-tax value: 51405.72
2028,cash value: 1000,S&P 500 non-retirement value: 251654.61,tax-exempt bonds value: 2212.31,S&P 500 pre-tax value: 12107.33,S&P 500 after-tax value: 70979.5
2029,cash value: 1000,S&P 500 non-retirement value: 308107.48,tax-exempt bonds value: 2353.75,S&P 500 pre-tax value: 12747.8,S&P 500 after-tax value: 92032.11
2030,cash value: 1000,S&P 500 non-retirement value: 366296.23,tax-exempt bonds value: 2499.91,S&P 500 pre-tax value: 13299.6,S&P 500 after-tax value: 115672.49
2031,cash value: 1000,S&P 500 non-retirement value: 428745.64,tax-exempt bonds value: 2692.25,S&P 500 pre-tax value: 14198.21,S&P 500 after-tax value: 142915.21
2032,cash value: 1000,S&P 500 non-retirement value: 507861.3,tax-exempt bonds value: 2831,S&P 500 pre-tax value: 15102.81,S&P 500 after-tax value: 178437.76
2033,cash value: 1000,S&P 500 non-retirement value: 575592.2,tax-exempt bonds value: 3088.71,S&P 500 pre-tax value: 16077.34,S&P 500 after-tax value: 212890.26
2034,cash value: 1000,S&P 500 non-retirement value: 658313.55,tax-exempt bonds value: 3244.78,S&P 500 pre-tax value: 16500.39,S&P 500 after-tax value: 256010.83
2035,cash value: 1000,S&P 500 non-retirement value: 742879.49,tax-exempt bonds value: 3443.38,S&P 500 pre-tax value: 17756.15,S&P 500 after-tax value: 303429.65
2036,cash value: 1000,S&P 500 non-retirement value: 834861.09,tax-exempt bonds value: 3636.74,S&P 500 pre-tax value: 18027.24,S&P 500 after-tax value: 357797.61
2037,cash value: 1000,S&P 500 non-retirement value: 937960.83,tax-exempt bonds value: 3822.15,S&P 500 pre-tax value: 19015.49,S&P 500 after-tax value: 421402.69
2038,cash value: 1000,S&P 500 non-retirement value: 1039849.66,tax-exempt bonds value: 4053.27,S&P 500 pre-tax value: 19521.83,S&P 500 after-tax value: 489341.02
2039,cash value: 1000,S&P 500 non-retirement value: 1133372.44,tax-exempt bonds value: 4348.16,S&P 500 pre-tax value: 20072.87,S&P 500 after-tax value: 558228.22
2040,cash value: 1000,S&P 500 non-retirement value: 1239267.19,tax-exempt bonds value: 4579.02,S&P 500 pre-tax value: 21806.52,S&P 500 after-tax value: 638410.37
2041,cash value: 1000,S&P 500 non-retirement value: 1350428.33,tax-exempt bonds value: 4924.43,S&P 500 pre-tax value: 22551.29,S&P 500 after-tax value: 727153.72
2042,cash value: 1000,S&P 500 non-retirement value: 1431756.42,tax-exempt bonds value: 5053.67,S&P 500 pre-tax value: 23406.58,S&P 500 after-tax value: 805362.98
2043,cash value: 1000,S&P 500 non-retirement value: 1570567.58,tax-exempt bonds value: 5509.86,S&P 500 pre-tax value: 24254.11,S&P 500 after-tax value: 922396.83
2044,cash value: 1000,S&P 500 non-retirement value: 1693721.71,tax-exempt bonds value: 5762.38,S&P 500 pre-tax value: 25514.72,S&P 500 after-tax value: 1038087.5
2045,cash value: 1000,S&P 500 non-retirement value: 1786220,tax-exempt bonds value: 6084.84,S&P 500 pre-tax value: 26686.52,S&P 500 after-tax value: 1142009.51
2046,cash value: 1000,S&P 500 non-retirement value: 1922699.37,tax-exempt bonds value: 6336.68,S&P 500 pre-tax value: 28243.75,S&P 500 after-tax value: 1281799.58
2047,cash value: 1000,S&P 500 non-retirement value: 2025030,tax-exempt bonds value: 6567.41,S&P 500 pre-tax value: 29692.46,S&P 500 after-tax value: 1407224.24
2048,cash value: 1000,S&P 500 non-retirement value: 2135927.84,tax-exempt bonds value: 6993.25,S&P 500 pre-tax value: 31235.03,S&P 500 after-tax value: 1546706.36
2049,cash value: 1000,S&P 500 non-retirement value: 2333282.1,tax-exempt bonds value: 7517.55,S&P 500 pre-tax value: 33009.12,S&P 500 after-tax value: 1760195.27
2050,cash value: 1000,S&P 500 non-retirement value: 2482764.97,tax-exempt bonds value: 8038.61,S&P 500 pre-tax value: 35729.63,S&P 500 after-tax value: 1950743.91
2051,cash value: 1000,S&P 500 non-retirement value: 2651072.32,tax-exempt bonds value: 8601.89,S&P 500 pre-tax value: 37456.09,S&P 500 after-tax value: 2169059.17
2052,cash value: 1000,S&P 500 non-retirement value: 2846836.29,tax-exempt bonds value: 8943.79,S&P 500 pre-tax value: 38952.69,S&P 500 after-tax value: 2425082.76
2053,cash value: 1000,S&P 500 non-retirement value: 3121474.25,tax-exempt bonds value: 9753.37,S&P 500 pre-tax value: 40400.27,S&P 500 after-tax value: 2768099.8
2054,cash value: 1000,S&P 500 non-retirement value: 3342338.94,tax-exempt bonds value: 9733.41,S&P 500 pre-tax value: 43323.75,S&P 500 after-tax value: 3085235.94
2055,cash value: 1000,S&P 500 non-retirement value: 3565642.3,tax-exempt bonds value: 10413.1,S&P 500 pre-tax value: 45305.8,S&P 500 after-tax value: 3425813.19
2056,cash value: 1000,S&P 500 non-retirement value: 3754553.3,tax-exempt bonds value: 11067.39,S&P 500 pre-tax value: 47420.9,S&P 500 after-tax value: 3754553.3
2057,cash value: 1000,S&P 500 non-retirement value: 3979402.07,tax-exempt bonds value: 11561.95,S&P 500 pre-tax value: 49020.35,S&P 500 after-tax value: 4141826.65
2058,cash value: 1000,S&P 500 non-retirement value: 4173370.14,tax-exempt bonds value: 12083.44,S&P 500 pre-tax value: 52390.01,S&P 500 after-tax value: 4521150.99
2059,cash value: 1000,S&P 500 non-retirement value: 4369377.09,tax-exempt bonds value: 12872.33,S&P 500 pre-tax value: 54095.72,S&P 500 after-tax value: 4927169.9
year,investments
2026,cash value: 1000,S&P 500 non-retirement value: 142052.79,tax-exempt bonds value: 2169.86,S&P 500 pre-tax value: 10245.16,S&P 500 after-tax value: 35513.2
2027,cash value: 1000,S&P 500 non-retirement value: 192692.52,tax-exempt bonds value: 2325.6,S&P 500 pre-tax value: 10452.14,S&P 500 after-tax value: 51222.06
2028,cash value: 1000,S&P 500 non-retirement value: 249230.89,tax-exempt bonds value: 2402.05,S&P 500 pre-tax value: 11177.74,S&P 500 after-tax value: 70295.89
2029,cash value: 1000,S&P 500 non-retirement value: 298956.33,tax-exempt bonds value: 2462.92,S&P 500 pre-tax value: 12021.57,S&P 500 after-tax value: 89298.65
2030,cash value: 1000,S&P 500 non-retirement value: 351680.84,tax-exempt bonds value: 2591.54,S&P 500 pre-tax value: 12818.14,S&P 500 after-tax value: 111057.11
2031,cash value: 1000,S&P 500 non-retirement value: 408313.93,tax-exempt bonds value: 2804.71,S&P 500 pre-tax value: 13363.14,S&P 500 after-tax value: 136104.64
2032,cash value: 1000,S&P 500 non-retirement value: 470789.64,tax-exempt bonds value: 3025.6,S&P 500 pre-tax value: 13521.54,S&P 500 after-tax value: 165412.58
2033,cash value: 1000,S&P 500 non-retirement value: 533315.93,tax-exempt bonds value: 3126.24,S&P 500 pre-tax value: 13820.94,S&P 500 after-tax value: 197253.84
2034,cash value: 1000,S&P 500 non-retirement value: 596532.07,tax-exempt bonds value: 3406.87,S&P 500 pre-tax value: 14623.19,S&P 500 after-tax value: 231984.69
2035,cash value: 1000,S&P 500 non-retirement value: 644453.35,tax-exempt bonds value: 3636.65,S&P 500 pre-tax value: 15627.71,S&P 500 after-tax value: 263227.42
2036,cash value: 1000,S&P 500 non-retirement value: 708912.22,tax-exempt bonds value: 3814.89,S&P 500 pre-tax value: 16509.95,S&P 500 after-tax value: 303819.52
2037,cash value: 1000,S&P 500 non-retirement value: 784856.09,tax-exempt bonds value: 4016.13,S&P 500 pre-tax value: 17871.59,S&P 500 after-tax value: 352616.5
2038,cash value: 1000,S&P 500 non-retirement value: 862214.02,tax-exempt bonds value: 4361.68,S&P 500 pre-tax value: 18893.41,S&P 500 after-tax value: 405747.78
2039,cash value: 1000,S&P 500 non-retirement value: 932375.86,tax-exempt bonds value: 4655.77,S&P 500 pre-tax value: 19730.61,S&P 500 after-tax value: 459229.9
2040,cash value: 1000,S&P 500 non-retirement value: 1020101.72,tax-exempt bonds value: 5054.61,S&P 500 pre-tax value: 20502.8,S&P 500 after-tax value: 525506.94
2041,cash value: 1000,S&P 500 non-retirement value: 1084643.67,tax-exempt bonds value: 5447.47,S&P 500 pre-tax value: 21598.32,S&P 500 after-tax value: 584038.9
2042,cash value: 1000,S&P 500 non-retirement value: 1157308.81,tax-exempt bonds value: 5552.19,S&P 500 pre-tax value: 21480.54,S&P 500 after-tax value: 650986.21
2043,cash value: 1000,S&P 500 non-retirement value: 1229722.78,tax-exempt bonds value: 6000.47,S&P 500 pre-tax value: 22364.04,S&P 500 after-tax value: 722218.14
2044,cash value: 1000,S&P 500 non-retirement value: 1309296.12,tax-exempt bonds value: 6427.67,S&P 500 pre-tax value: 22808.03,S&P 500 after-tax value: 802471.81
2045,cash value: 1000,S&P 500 non-retirement value: 1398513.97,tax-exempt bonds value: 6690.57,S&P 500 pre-tax value: 23917.36,S&P 500 after-tax value: 894131.88
2046,cash value: 1000,S&P 500 non-retirement value: 1485373.46,tax-exempt bonds value: 6847,S&P 500 pre-tax value: 24524.26,S&P 500 after-tax value: 990248.97
2047,cash value: 1000,S&P 500 non-retirement value: 1587171.65,tax-exempt bonds value: 7235.09,S&P 500 pre-tax value: 26366.55,S&P 500 after-tax value: 1102949.79
2048,cash value: 1000,S&P 500 non-retirement value: 1700268.61,tax-exempt bonds value: 7618.5,S&P 500 pre-tax value: 28723.74,S&P 500 after-tax value: 1231229
2049,cash value: 1000,S&P 500 non-retirement value: 1835429.81,tax-exempt bonds value: 8262.25,S&P 500 pre-tax value: 30386.86,S&P 500 after-tax value: 1384622.49
2050,cash value: 1000,S&P 500 non-retirement value: 1958380.29,tax-exempt bonds value: 8666.59,S&P 500 pre-tax value: 32992.77,S&P 500 after-tax value: 1538727.37
2051,cash value: 1000,S&P 500 non-retirement value: 2047852.29,tax-exempt bonds value: 9522.61,S&P 500 pre-tax value: 34137.22,S&P 500 after-tax value: 1675515.51
2052,cash value: 1000,S&P 500 non-retirement value: 2169414.44,tax-exempt bonds value: 9936.28,S&P 500 pre-tax value: 35369.84,S&P 500 after-tax value: 1848019.71
2053,cash value: 1000,S&P 500 non-retirement value: 2347803.56,tax-exempt bonds value: 10375.44,S&P 500 pre-tax value: 37788.04,S&P 500 after-tax value: 2082014.48
2054,cash value: 1000,S&P 500 non-retirement value: 2497472.3,tax-exempt bonds value: 10987.65,S&P 500 pre-tax value: 40128.66,S&P 500 after-tax value: 2305359.04
2055,cash value: 1000,S&P 500 non-retirement value: 2624285.89,tax-exempt bonds value: 11769.95,S&P 500 pre-tax value: 42824.01,S&P 500 after-tax value: 2521372.72
2056,cash value: 1000,S&P 500 non-retirement value: 2767083.08,tax-exempt bonds value: 12408.34,S&P 500 pre-tax value: 44951.68,S&P 500 after-tax value: 2767083.08
2057,cash value: 1000,S&P 500 non-retirement value: 2887302.42,tax-exempt bonds value: 12914.75,S&P 500 pre-tax value: 46854.13,S&P 500 after-tax value: 3005151.5
2058,cash value: 1000,S&P 500 non-retirement value: 3049652.09,tax-exempt bonds value: 14090.06,S&P 500 pre-tax value: 49600.41,S&P 500 after-tax value: 3303789.77
2059,cash value: 1000,S&P 500 non-retirement value: 3167473.88,tax-exempt bonds value: 15403.54,S&P 500 pre-tax value: 52472.11,S&P 500 after-tax value: 3571832.25
year,investments
2026,cash value: 1000,S&P 500 non-retirement value: 140131.85,tax-exempt bonds value: 2111.84,S&P 500 pre-tax value: 10854.63,S&P 500 after-tax value: 35032.96
2027,cash value: 1000,S&P 500 non-retirement value: 192713.5,tax-exempt bonds value: 2120.35,S&P 500 pre-tax value: 11549.94,S&P 500 after-tax value: 51227.64
2028,cash value: 1000,S&P 500 non-retirement value: 250204.48,tax-exempt bonds value: 2243.31,S&P 500 pre-tax value: 12469.4,S&P 500 after-tax value: 70570.49
2029,cash value: 1000,S&P 500 non-retirement value: 303042.35,tax-exempt bonds value: 2337.64,S&P 500 pre-tax value: 13552.14,S&P 500 after-tax value: 90519.14
2030,cash value: 1000,S&P 500 non-retirement value: 371667.19,tax-exempt bonds value: 2357.05,S&P 500 pre-tax value: 14130.2,S&P 500 after-tax value: 117368.59
2031,cash value: 1000,S&P 500 non-retirement value: 433786.47,tax-exempt bonds value: 2513.77,S&P 500 pre-tax value: 15144.21,S&P 500 after-tax value: 144595.49
2032,cash value: 1000,S&P 500 non-retirement value: 507282.42,tax-exempt bonds value: 2720.72,S&P 500 pre-tax value: 16316.68,S&P 500 after-tax value: 178234.36
2033,cash value: 1000,S&P 500 non-retirement value: 577277.62,tax-exempt bonds value: 2994.87,S&P 500 pre-tax value: 16842.74,S&P 500 after-tax value: 213513.64
2034,cash value: 1000,S&P 500 non-retirement value: 646511.96,tax-exempt bonds value: 3136.5,S&P 500 pre-tax value: 17968.79,S&P 500 after-tax value: 251421.32
2035,cash value: 1000,S&P 500 non-retirement value: 704070.41,tax-exempt bonds value: 3410.01,S&P 500 pre-tax value: 19015.13,S&P 500 after-tax value: 287578.06
2036,cash value: 1000,S&P 500 non-retirement value: 778563.42,tax-exempt bonds value: 3548.26,S&P 500 pre-tax value: 20584.97,S&P 500 after-tax value: 333670.04
2037,cash value: 1000,S&P 500 non-retirement value: 850924.79,tax-exempt bonds value: 3720.63,S&P 500 pre-tax value: 21579.89,S&P 500 after-tax value: 382299.54
2038,cash value: 1000,S&P 500 non-retirement value: 946871.41,tax-exempt bonds value: 4047.04,S&P 500 pre-tax value: 22722.05,S&P 500 after-tax value: 445586.55
2039,cash value: 1000,S&P 500 non-retirement value: 1058826.78,tax-exempt bonds value: 4200.03,S&P 500 pre-tax value: 24106.91,S&P 500 after-tax value: 521511.7
2040,cash value: 1000,S&P 500 non-retirement value: 1130949.74,tax-exempt bonds value: 4328.93,S&P 500 pre-tax value: 25400.02,S&P 500 after-tax value: 582610.47
2041,cash value: 1000,S&P 500 non-retirement value: 1246418.43,tax-exempt bonds value: 4664.05,S&P 500 pre-tax value: 26972.86,S&P 500 after-tax value: 671148.39
2042,cash value: 1000,S&P 500 non-retirement value: 1369125.03,tax-exempt bonds value: 4939.39,S&P 500 pre-tax value: 29346.75,S&P 500 after-tax value: 770132.83
2043,cash value: 1000,S&P 500 non-retirement value: 1487878.24,tax-exempt bonds value: 5209.48,S&P 500 pre-tax value: 31188.8,S&P 500 after-tax value: 873833.25
2044,cash value: 1000,S&P 500 non-retirement value: 1579902.98,tax-exempt bonds value: 5587.66,S&P 500 pre-tax value: 34858.2,S&P 500 after-tax value: 968327.63
2045,cash value: 1000,S&P 500 non-retirement value: 1687308.92,tax-exempt bonds value: 5862.09,S&P 500 pre-tax value: 37391.05,S&P 500 after-tax value: 1078771.28
2046,cash value: 1000,S&P 500 non-retirement value: 1822751.1,tax-exempt bonds value: 6307.47,S&P 500 pre-tax value: 39078.52,S&P 500 after-tax value: 1215167.4
2047,cash value: 1000,S&P 500 non-retirement value: 1926370.94,tax-exempt bonds value: 6685.52,S&P 500 pre-tax value: 42314.86,S&P 500 after-tax value: 1338664.55
2048,cash value: 1000,S&P 500 non-retirement value: 2079711.63,tax-exempt bonds value: 7021.91,S&P 500 pre-tax value: 45000.9,S&P 500 after-tax value: 1505998.08
2049,cash value: 1000,S&P 500 non-retirement value: 2226970.42,tax-exempt bonds value: 7439.15,S&P 500 pre-tax value: 48358.27,S&P 500 after-tax value: 1679995.23
2050,cash value: 1000,S&P 500 non-retirement value: 2316913.25,tax-exempt bonds value: 8112,S&P 500 pre-tax value: 53870.6,S&P 500 after-tax value: 1820431.84
2051,cash value: 1000,S&P 500 non-retirement value: 2471127.72,tax-exempt bonds value: 8665.21,S&P 500 pre-tax value: 57600.39,S&P 500 after-tax value: 2021831.77
2052,cash value: 1000,S&P 500 non-retirement value: 2578479.65,tax-exempt bonds value: 9163.8,S&P 500 pre-tax value: 59911.95,S&P 500 after-tax value: 2196482.66
2053,cash value: 1000,S&P 500 non-retirement value: 2761360.64,tax-exempt bonds value: 9845.7,S&P 500 pre-tax value: 63663.33,S&P 500 after-tax value: 2448753.78
2054,cash value: 1000,S&P 500 non-retirement value: 2895191.05,tax-exempt bonds value: 10276.27,S&P 500 pre-tax value: 67130.73,S&P 500 after-tax value: 2672484.05
2055,cash value: 1000,S&P 500 non-retirement value: 3078815.02,tax-exempt bonds value: 11182.54,S&P 500 pre-tax value: 70843.55,S&P 500 after-tax value: 2958077.18
2056,cash value: 1000,S&P 500 non-retirement value: 3165383.16,tax-exempt bonds value: 11898.28,S&P 500 pre-tax value: 74582.46,S&P 500 after-tax value: 3165383.16
2057,cash value: 1000,S&P 500 non-retirement value: 3197592.74,tax-exempt bonds value: 12609.26,S&P 500 pre-tax value: 79343.28,S&P 500 after-tax value: 3328106.73
2058,cash value: 1000,S&P 500 non-retirement value: 3305458.13,tax-exempt bonds value: 13257.87,S&P 500 pre-tax value: 83846.77,S&P 500 after-tax value: 3580912.98
2059,cash value: 1000,S&P 500 non-retirement value: 3464807.32,tax-exempt bonds value: 13949.92,S&P 500 pre-tax value: 90589.74,S&P 500 after-tax value: 3907123.15
year,investments
2026,cash value: 1000,S&P 500 non-retirement value: 141069.88,tax-exempt bonds value: 2105.67,S&P 500 pre-tax value: 10336.75,S&P 500 after-tax value: 35267.47
2027,cash value: 1000,S&P 500 non-retirement value: 192560.83,tax-exempt bonds value: 2171.38,S&P 500 pre-tax value: 10998.86,S&P 500 after-tax value: 51187.06
2028,cash value: 1000,S&P 500 non-retirement value: 245398.21,tax-exempt bonds value: 2240.9,S&P 500 pre-tax value: 11598.38,S&P 500 after-tax value: 69214.88
2029,cash value: 1000,S&P 500 non-retirement value: 310057.51,tax-exempt bonds value: 2362.57,S&P 500 pre-tax value: 12067.46,S&P 500 after-tax value: 92614.58
2030,cash value: 1000,S&P 500 non-retirement value: 364691.98,tax-exempt bonds value: 2491.44,S&P 500 pre-tax value: 12731.85,S&P 500 after-tax value: 115165.89
2031,cash value: 1000,S&P 500 non-retirement value: 434585.09,tax-exempt bonds value: 2615.76,S&P 500 pre-tax value: 13056.55,S&P 500 after-tax value: 144861.7
2032,cash value: 1000,S&P 500 non-retirement value: 500598.47,tax-exempt bonds value: 2696.55,S&P 500 pre-tax value: 14371.82,S&P 500 after-tax value: 175885.95
2033,cash value: 1000,S&P 500 non-retirement value: 579533.91,tax-exempt bonds value: 2816.62,S&P 500 pre-tax value: 15273.31,S&P 500 after-tax value: 214348.16
2034,cash value: 1000,S&P 500 non-retirement value: 664804.13,tax-exempt bonds value: 3009.83,S&P 500 pre-tax value: 16275.64,S&P 500 after-tax value: 258534.94
2035,cash value: 1000,S&P 500 non-retirement value: 737872.92,tax-exempt bonds value: 3237.46,S&P 500 pre-tax value: 16760.99,S&P 500 after-tax value: 301384.71
2036,cash value: 1000,S&P 500 non-retirement value: 825901.27,tax-exempt bonds value: 3397.33,S&P 500 pre-tax value: 17576.23,S&P 500 after-tax value: 353957.69
2037,cash value: 1000,S&P 500 non-retirement value: 894194.59,tax-exempt bonds value: 3601.74,S&P 500 pre-tax value: 18748.47,S&P 500 after-tax value: 401739.6
2038,cash value: 1000,S&P 500 non-retirement value: 971192.93,tax-exempt bonds value: 3659.35,S&P 500 pre-tax value: 19740.02,S&P 500 after-tax value: 457031.97
2039,cash value: 1000,S&P 500 non-retirement value: 1054838.89,tax-exempt bonds value: 3852.8,S&P 500 pre-tax value: 20878.69,S&P 500 after-tax value: 519547.51
2040,cash value: 1000,S&P 500 non-retirement value: 1173826.48,tax-exempt bonds value: 4093.38,S&P 500 pre-tax value: 21903.47,S&P 500 after-tax value: 604698.49
2041,cash value: 1000,S&P 500 non-retirement value: 1287437.14,tax-exempt bonds value: 4333.88,S&P 500 pre-tax value: 23186.81,S&P 500 after-tax value: 693235.38
2042,cash value: 1000,S&P 500 non-retirement value: 1382022.06,tax-exempt bonds value: 4702.13,S&P 500 pre-tax value: 23883.7,S&P 500 after-tax value: 777387.41
2043,cash value: 1000,S&P 500 non-retirement value: 1521400.65,tax-exempt bonds value: 5027.59,S&P 500 pre-tax value: 25296.71,S&P 500 after-tax value: 893521.02
2044,cash value: 1000,S&P 500 non-retirement value: 1606147.97,tax-exempt bonds value: 5292.49,S&P 500 pre-tax value: 26227.87,S&P 500 after-tax value: 984413.27
2045,cash value: 1000,S&P 500 non-retirement value: 1690186.39,tax-exempt bonds value: 5603.2,S&P 500 pre-tax value: 28491.59,S&P 500 after-tax value: 1080610.97
2046,cash value: 1000,S&P 500 non-retirement value: 1794833.27,tax-exempt bonds value: 5982.85,S&P 500 pre-tax value: 30214.89,S&P 500 after-tax value: 1196555.51
2047,cash value: 1000,S&P 500 non-retirement value: 1904130.74,tax-exempt bonds value: 6425.4,S&P 500 pre-tax value: 33089.96,S&P 500 after-tax value: 1323209.5
2048,cash value: 1000,S&P 500 non-retirement value: 2053214.14,tax-exempt bonds value: 6746.61,S&P 500 pre-tax value: 34986.14,S&P 500 after-tax value: 1486810.24
2049,cash value: 1000,S&P 500 non-retirement value: 2142256.33,tax-exempt bonds value: 7205.14,S&P 500 pre-tax value: 36509.7,S&P 500 after-tax value: 1616088.11
2050,cash value: 1000,S&P 500 non-retirement value: 2289634.99,tax-exempt bonds value: 7642.66,S&P 500 pre-tax value: 38945.3,S&P 500 after-tax value: 1798998.92
2051,cash value: 1000,S&P 500 non-retirement value: 2435908.86,tax-exempt bonds value: 7956.94,S&P 500 pre-tax value: 40943.44,S&P 500 after-tax value: 1993016.34
2052,cash value: 1000,S&P 500 non-retirement value: 2574205.35,tax-exempt bonds value: 8467.47,S&P 500 pre-tax value: 44235.58,S&P 500 after-tax value: 2192841.6
2053,cash value: 1000,S&P 500 non-retirement value: 2768552.61,tax-exempt bonds value: 9002.02,S&P 500 pre-tax value: 47050.81,S&P 500 after-tax value: 2455131.56
2054,cash value: 1000,S&P 500 non-retirement value: 2902564.69,tax-exempt bonds value: 9620.83,S&P 500 pre-tax value: 49194.84,S&P 500 after-tax value: 2679290.49
2055,cash value: 1000,S&P 500 non-retirement value: 3061928.91,tax-exempt bonds value: 10268.55,S&P 500 pre-tax value: 51505.05,S&P 500 after-tax value: 2941853.27
2056,cash value: 1000,S&P 500 non-retirement value: 3295067.69,tax-exempt bonds value: 10798.78,S&P 500 pre-tax value: 52656.1,S&P 500 after-tax value: 3295067.69
2057,cash value: 1000,S&P 500 non-retirement value: 3465823.98,tax-exempt bonds value: 11589.66,S&P 500 pre-tax value: 57932.81,S&P 500 after-tax value: 3607286.19
2058,cash value: 1000,S&P 500 non-retirement value: 3686477.13,tax-exempt bonds value: 11947.35,S&P 500 pre-tax value: 60748.46,S&P 500 after-tax value: 3993683.55
2059,cash value: 1000,S&P 500 non-retirement value: 3865561.68,tax-exempt bonds value: 12646.25,S&P 500 pre-tax value: 64370.21,S&P 500 after-tax value: 4359037.64
2060,cash value: 1000,S&P 500 non-retirement value: 3721122.94,tax-exempt bonds value: 14842.2,S&P 500 pre-tax value: 62999.52,S&P 500 after-tax value: 4368274.76
2061,cash value: 1000,S&P 500 non-retirement value: 3893139.11,tax-exempt bonds value: 15405.97,S&P 500 pre-tax value: 63873.65,S&P 500 after-tax value: 4758281.14
2062,cash value: 1000,S&P 500 non-retirement value: 4010580.21,tax-exempt bonds value: 16444.65,S&P 500 pre-tax value: 64778.03,S&P 500 after-tax value: 5104374.81
2063,cash value: 1000,S&P 500 non-retirement value: 4212053.1,tax-exempt bonds value: 17135.49,S&P 500 pre-tax value: 66451.35,S&P 500 after-tax value: 5583419.22
2064,cash value: 1000,S&P 500 non-retirement value: 4424203.54,tax-exempt bonds value: 18483.76,S&P 500 pre-tax value: 67146.17,S&P 500 after-tax value: 6109614.41
2065,cash value: 1000,S&P 500 non-retirement value: 4658097.2,tax-exempt bonds value: 19736.81,S&P 500 pre-tax value: 68581.36,S&P 500 after-tax value: 6703115.48
2060,cash value: 1000,S&P 500 non-retirement value: 3933693.29,tax-exempt bonds value: 13608.08,S&P 500 pre-tax value: 64437.41,S&P 500 after-tax value: 4617813.86
2061,cash value: 1000,S&P 500 non-retirement value: 4114930.68,tax-exempt bonds value: 14166.29,S&P 500 pre-tax value: 63539.11,S&P 500 after-tax value: 5029359.72
2062,cash value: 1000,S&P 500 non-retirement value: 4341928.98,tax-exempt bonds value: 14761.39,S&P 500 pre-tax value: 63036.82,S&P 500 after-tax value: 5526091.43
2063,cash value: 1000,S&P 500 non-retirement value: 4507988.07,tax-exempt bonds value: 15827.58,S&P 500 pre-tax value: 64096.48,S&P 500 after-tax value: 5975705.12
2064,cash value: 1000,S&P 500 non-retirement value: 4672661.8,tax-exempt bonds value: 16715.51,S&P 500 pre-tax value: 62166.1,S&P 500 after-tax value: 6452723.44
2065,cash value: 1000,S&P 500 non-retirement value: 4862160.69,tax-exempt bonds value: 17492.5,S&P 500 pre-tax value: 62665.98,S&P 500 after-tax value: 6996767.82
2060,cash value: 1000,S&P 500 non-retirement value: 4512432.83,tax-exempt bonds value: 13544.54,S&P 500 pre-tax value: 57029.89,S&P 500 after-tax value: 5297203.75
2061,cash value: 1000,S&P 500 non-retirement value: 4697636.68,tax-exempt bonds value: 14465.95,S&P 500 pre-tax value: 56928.55,S&P 500 after-tax value: 5741555.94
2062,cash value: 1000,S&P 500 non-retirement value: 4895495.12,tax-exempt bonds value: 15104.29,S&P 500 pre-tax value: 59426.91,S&P 500 after-tax value: 6230630.16
2063,cash value: 1000,S&P 500 non-retirement value: 5226052.02,tax-exempt bonds value: 16145.99,S&P 500 pre-tax value: 61525.65,S&P 500 after-tax value: 6927557.33
2064,cash value: 1000,S&P 500 non-retirement value: 5362319.28,tax-exempt bonds value: 17630.25,S&P 500 pre-tax value: 60465.7,S&P 500 after-tax value: 7405107.58
2065,cash value: 1000,S&P 500 non-retirement value: 5517483.62,tax-exempt bonds value: 18526.37,S&P 500 pre-tax value: 60078.89,S&P 500 after-tax value: 7939793.5
2060,cash value: 1000,S&P 500 non-retirement value: 3370681.71,tax-exempt bonds value: 16543.55,S&P 500 pre-tax value: 53522.95,S&P 500 after-tax value: 3956887.22
2061,cash value: 1000,S&P 500 non-retirement value: 3511133.72,tax-exempt bonds value: 18294.83,S&P 500 pre-tax value: 53143.15,S&P 500 after-tax value: 4291385.66
2062,cash value: 1000,S&P 500 non-retirement value: 3638778.16,tax-exempt bonds value: 19606.68,S&P 500 pre-tax value: 54023.41,S&P 500 after-tax value: 4631172.21
2063,cash value: 1000,S&P 500 non-retirement value: 3802083.6,tax-exempt bonds value: 21140.46,S&P 500 pre-tax value: 54868.84,S&P 500 after-tax value: 5039971.29
2064,cash value: 1000,S&P 500 non-retirement value: 3889152.99,tax-exempt bonds value: 22898.81,S&P 500 pre-tax value: 55745.09,S&P 500 after-tax value: 5370735.08
2065,cash value: 1000,S&P 500 non-retirement value: 4032776.91,tax-exempt bonds value: 23330.04,S&P 500 pre-tax value: 56435.49,S&P 500 after-tax value: 5803264.33
2060,cash value: 1000,S&P 500 non-retirement value: 3684265.04,tax-exempt bonds value: 14968.42,S&P 500 pre-tax value: 57871.96,S&P 500 after-tax value: 4325006.78
2061,cash value: 1000,S&P 500 non-retirement value: 3904435.2,tax-exempt bonds value: 16207.35,S&P 500 pre-tax value: 58271.83,S&P 500 after-tax value: 4772087.46
2062,cash value: 1000,S&P 500 non-retirement value: 4158068.66,tax-exempt bonds value: 17325.21,S&P 500 pre-tax value: 59745.34,S&P 500 after-tax value: 5292087.39
2063,cash value: 1000,S&P 500 non-retirement value: 4301497.55,tax-exempt bonds value: 17693.85,S&P 500 pre-tax value: 60102.48,S&P 500 after-tax value: 5701985.13
2064,cash value: 1000,S&P 500 non-retirement value: 4528750.11,tax-exempt bonds value: 18968.92,S&P 500 pre-tax value: 60321.44,S&P 500 after-tax value: 6253988.25
2065,cash value: 1000,S&P 500 non-retirement value: 4721759.67,tax-exempt bonds value: 20203.11,S&P 500 pre-tax value: 60121.39,S&P 500 after-tax value: 6794727.34
2060,cash value: 1000,S&P 500 non-retirement value: 3528014.11,tax-exempt bonds value: 14716.56,S&P 500 pre-tax value: 91923.39,S&P 500 after-tax value: 4141581.78
2061,cash value: 1000,S&P 500 non-retirement value: 3719320.42,tax-exempt bonds value: 15490.06,S&P 500 pre-tax value: 95146.91,S&P 500 after-tax value: 4545836.07
2062,cash value: 1000,S&P 500 non-retirement value: 3862556.86,tax-exempt bonds value: 16595.39,S&P 500 pre-tax value: 95143.37,S&P 500 after-tax value: 4915981.46
2063,cash value: 1000,S&P 500 non-retirement value: 4031883.41,tax-exempt bonds value: 18036.76,S&P 500 pre-tax value: 97079.42,S&P 500 after-tax value: 5344589.64
2064,cash value: 1000,S&P 500 non-retirement value: 4229153.35,tax-exempt bonds value: 18934.05,S&P 500 pre-tax value: 98148.03,S&P 500 after-tax value: 5840259.39
2065,cash value: 1000,S&P 500 non-retirement value: 4433595.27,tax-exempt bonds value: 20399.23,S&P 500 pre-tax value: 97992.78,S&P 500 after-tax value: 6380051.73
2060,cash value: 1000,S&P 500 non-retirement value: 3957838.09,tax-exempt bonds value: 13047.22,S&P 500 pre-tax value: 64326.4,S&P 500 after-tax value: 4646157.76
2061,cash value: 1000,S&P 500 non-retirement value: 4224422.89,tax-exempt bonds value: 13873.94,S&P 500 pre-tax value: 66332.87,S&P 500 after-tax value: 5163183.53
2062,cash value: 1000,S&P 500 non-retirement value: 4421855.05,tax-exempt bonds value: 14611.24,S&P 500 pre-tax value: 68197.51,S&P 500 after-tax value: 5627815.51
2063,cash value: 1000,S&P 500 non-retirement value: 4547670.93,tax-exempt bonds value: 15336,S&P 500 pre-tax value: 70316.77,S&P 500 after-tax value: 6028307.97
2064,cash value: 1000,S&P 500 non-retirement value: 4857717.39,tax-exempt bonds value: 15934.5,S&P 500 pre-tax value: 70347.95,S&P 500 after-tax value: 6708276.4
2065,cash value: 1000,S&P 500 non-retirement value: 5040113.45,tax-exempt bonds value: 17336.85,S&P 500 pre-tax value: 69380.42,S&P 500 after-tax value: 7252846.18
2060,cash value: 1000,S&P 500 non-retirement value: 3748669.51,tax-exempt bonds value: 15953.13,S&P 500 pre-tax value: 79786.37,S&P 500 after-tax value: 4400612.04
2061,cash value: 1000,S&P 500 non-retirement value: 3928519.41,tax-exempt bonds value: 16804.22,S&P 500 pre-tax value: 81266.82,S&P 500 after-tax value: 4801523.73
2062,cash value: 1000,S&P 500 non-retirement value: 4075590.41,tax-exempt bonds value: 18358.81,S&P 500 pre-tax value: 82161.01,S&P 500 after-tax value: 5187115.07
2063,cash value: 1000,S&P 500 non-retirement value: 4390063.99,tax-exempt bonds value: 19183.18,S&P 500 pre-tax value: 84074.76,S&P 500 after-tax value: 5819387.14
2064,cash value: 1000,S&P 500 non-retirement value: 4559397.77,tax-exempt bonds value: 20156.59,S&P 500 pre-tax value: 85065.42,S&P 500 after-tax value: 6296311.2
2065,cash value: 1000,S&P 500 non-retirement value: 4740779.83,tax-exempt bonds value: 21847.27,S&P 500 pre-tax value: 84732.87,S&P 500 after-tax value: 6822097.8
