year,investments
2026,cash value: 1000,S&P 500 non-retirement value: 141453.9,tax-exempt bonds value: 2146.98,S&P 500 pre-tax value: 10311.55,S&P 500 after-tax value: 35363.47
2027,cash value: 1000,S&P 500 non-retirement value: 193465.65,tax-exempt bonds value: 2198.88,S&P 500 pre-tax value: 11137.88,S&P 500 after-tax value: 51427.58
2028,cash value: 1000,S&P 500 non-retirement value: 247413.79,tax-exempt bonds value: 2343.87,S&P 500 pre-tax value: 11921.8,S&P 500 after-tax value: 69783.38
2029,cash value: 1000,S&P 500 non-retirement value: 297764.44,tax-exempt bonds value: 2484.24,S&P 500 pre-tax value: 12494.54,S&P 500 after-tax value: 88942.62
2030,cash value: 1000,S&P 500 non-retirement value: 359611.01,tax-exempt bonds value: 2675.13,S&P 500 pre-tax value: 12967.7,S&P 500 after-tax value: 113561.37
2031,cash value: 1000,S&P 500 non-retirement value: 418147.08,tax-exempt bonds value: 2755.57,S&P 500 pre-tax value: 13791.7,S&P 500 after-tax value: 139382.36
2032,cash value: 1000,S&P 500 non-retirement value: 488794.66,tax-exempt bonds value: 2898.63,S&P 500 pre-tax value: 14274.78,S&P 500 after-tax value: 171738.66
2033,cash value: 1000,S&P 500 non-retirement value: 565321.83,tax-exempt bonds value: 3070.55,S&P 500 pre-tax value: 15224.68,S&P 500 after-tax value: 209091.63
2034,cash value: 1000,S&P 500 non-retirement value: 634826.83,tax-exempt bonds value: 3233.85,S&P 500 pre-tax value: 15982.3,S&P 500 after-tax value: 246877.1
2035,cash value: 1000,S&P 500 non-retirement value: 710956.73,tax-exempt bonds value: 3452.08,S&P 500 pre-tax value: 16799.07,S&P 500 after-tax value: 290390.78
2036,cash value: 1000,S&P 500 non-retirement value: 792862.98,tax-exempt bonds value: 3562.75,S&P 500 pre-tax value: 17634.01,S&P 500 after-tax value: 339798.42
2037,cash value: 1000,S&P 500 non-retirement value: 859082.1,tax-exempt bonds value: 3818.03,S&P 500 pre-tax value: 18298.9,S&P 500 after-tax value: 385964.42
2038,cash value: 1000,S&P 500 non-retirement value: 963534.44,tax-exempt bonds value: 4097.88,S&P 500 pre-tax value: 20154.32,S&P 500 after-tax value: 453427.97
2039,cash value: 1000,S&P 500 non-retirement value: 1051811.6,tax-exempt bonds value: 4242.83,S&P 500 pre-tax value: 20922.61,S&P 500 after-tax value: 518056.46
2040,cash value: 1000,S&P 500 non-retirement value: 1154395.73,tax-exempt bonds value: 4414.03,S&P 500 pre-tax value: 22263.37,S&P 500 after-tax value: 594688.71
2041,cash value: 1000,S&P 500 non-retirement value: 1260537.88,tax-exempt bonds value: 4629.82,S&P 500 pre-tax value: 23095.61,S&P 500 after-tax value: 678751.17
2042,cash value: 1000,S&P 500 non-retirement value: 1353417.13,tax-exempt bonds value: 4875.65,S&P 500 pre-tax value: 23997.3,S&P 500 after-tax value: 761297.13
2043,cash value: 1000,S&P 500 non-retirement value: 1452847.6,tax-exempt bonds value: 5247.81,S&P 500 pre-tax value: 25693.62,S&P 500 after-tax value: 853259.7
2044,cash value: 1000,S&P 500 non-retirement value: 1539552.76,tax-exempt bonds value: 5638.08,S&P 500 pre-tax value: 27634.42,S&P 500 after-tax value: 943596.85
2045,cash value: 1000,S&P 500 non-retirement value: 1661981.72,tax-exempt bonds value: 5814.26,S&P 500 pre-tax value: 29241.2,S&P 500 after-tax value: 1062578.48
2046,cash value: 1000,S&P 500 non-retirement value: 1801616.78,tax-exempt bonds value: 6274.38,S&P 500 pre-tax value: 31907.99,S&P 500 after-tax value: 1201077.85
2047,cash value: 1000,S&P 500 non-retirement value: 1911980.68,tax-exempt bonds value: 6584.05,S&P 500 pre-tax value: 33452.85,S&P 500 after-tax value: 1328664.54
2048,cash value: 1000,S&P 500 non-retirement value: 2080389.86,tax-exempt bonds value: 7033.71,S&P 500 pre-tax value: 34615.91,S&P 500 after-tax value: 1506489.21
2049,cash value: 1000,S&P 500 non-retirement value: 2201949.34,tax-exempt bonds value: 7523.68,S&P 500 pre-tax value: 36886.65,S&P 500 after-tax value: 1661119.67
2050,cash value: 1000,S&P 500 non-retirement value: 2341485.11,tax-exempt bonds value: 7958.6,S&P 500 pre-tax value: 38697.86,S&P 500 after-tax value: 1839738.3
2051,cash value: 1000,S&P 500 non-retirement value: 2429645.41,tax-exempt bonds value: 8597.62,S&P 500 pre-tax value: 40644.34,S&P 500 after-tax value: 1987891.7
2052,cash value: 1000,S&P 500 non-retirement value: 2544600.78,tax-exempt bonds value: 9346.07,S&P 500 pre-tax value: 43582.18,S&P 500 after-tax value: 2167622.89
2053,cash value: 1000,S&P 500 non-retirement value: 2713444.78,tax-exempt bonds value: 9730.7,S&P 500 pre-tax value: 46965.6,S&P 500 after-tax value: 2406262.35
2054,cash value: 1000,S&P 500 non-retirement value: 2893919.49,tax-exempt bonds value: 10265.05,S&P 500 pre-tax value: 49785.64,S&P 500 after-tax value: 2671310.3
2055,cash value: 1000,S&P 500 non-retirement value: 3044043.57,tax-exempt bonds value: 11270.61,S&P 500 pre-tax value: 53284.77,S&P 500 after-tax value: 2924669.32
2056,cash value: 1000,S&P 500 non-retirement value: 3289128.12,tax-exempt bonds value: 11489.93,S&P 500 pre-tax value: 55805.1,S&P 500 after-tax value: 3289128.12
2057,cash value: 1000,S&P 500 non-retirement value: 3419635.12,tax-exempt bonds value: 12162.26,S&P 500 pre-tax value: 57784.17,S&P 500 after-tax value: 3559212.07
2058,cash value: 1000,S&P 500 non-retirement value: 3617143.26,tax-exempt bonds value: 13075.99,S&P 500 pre-tax value: 60923.29,S&P 500 after-tax value: 3918571.86
2059,cash value: 1000,S&P 500 non-retirement value: 3788278.81,tax-exempt bonds value: 13885.76,S&P 500 pre-tax value: 65105.41,S&P 500 after-tax value: 4271888.88
2060,cash value: 1000,S&P 500 non-retirement value: 3858677.31,tax-exempt bonds value: 14404.28,S&P 500 pre-tax value: 66472.12,S&P 500 after-tax value: 4529751.62
2061,cash value: 1000,S&P 500 non-retirement value: 4052912.25,tax-exempt bonds value: 15423.63,S&P 500 pre-tax value: 66691.53,S&P 500 after-tax value: 4953559.42
2062,cash value: 1000,S&P 500 non-retirement value: 4214343.69,tax-exempt bonds value: 16150.69,S&P 500 pre-tax value: 68014.16,S&P 500 after-tax value: 5363710.16
2063,cash value: 1000,S&P 500 non-retirement value: 4416674.08,tax-exempt bonds value: 17171.51,S&P 500 pre-tax value: 67786.43,S&P 500 after-tax value: 5854660.98
2064,cash value: 1000,S&P 500 non-retirement value: 4573192.72,tax-exempt bonds value: 18527.32,S&P 500 pre-tax value: 69966.05,S&P 500 after-tax value: 6315361.38
2065,cash value: 1000,S&P 500 non-retirement value: 4736781.19,tax-exempt bonds value: 20188.08,S&P 500 pre-tax value: 69869.11,S&P 500 after-tax value: 6816343.66
year,investments
2026,cash value: 1000,S&P 500 non-retirement value: 140737.69,tax-exempt bonds value: 2162.69,S&P 500 pre-tax value: 10743.48,S&P 500 after-tax value: 35184.42
2027,cash value: 1000,S&P 500 non-retirement value: 191105.04,tax-exempt bonds value: 2262.43,S&P 500 pre-tax value: 11082.08,S&P 500 after-tax value: 50800.07
2028,cash value: 1000,S&P 500 non-retirement value: 242896.8,tax-exempt bonds value: 2387.49,S&P 500 pre-tax value: 11912.47,S&P 500 after-tax value: 68509.35
2029,cash value: 1000,S&P 500 non-retirement value: 305501.42,tax-exempt bonds value: 2505.28,S&P 500 pre-tax value: 12965.6,S&P 500 after-tax value: 91253.67
2030,cash value: 1000,S&P 500 non-retirement value: 360157.75,tax-exempt bonds value: 2656.4,S&P 500 pre-tax value: 13883.63,S&P 500 after-tax value: 113734.03
2031,cash value: 1000,S&P 500 non-retirement value: 418695.82,tax-exempt bonds value: 2786.91,S&P 500 pre-tax value: 15174.19,S&P 500 after-tax value: 139565.27
2032,cash value: 1000,S&P 500 non-retirement value: 492461.35,tax-exempt bonds value: 3005.33,S&P 500 pre-tax value: 15881.14,S&P 500 after-tax value: 173026.96
2033,cash value: 1000,S&P 500 non-retirement value: 555389.87,tax-exempt bonds value: 3195.89,S&P 500 pre-tax value: 16669.03,S&P 500 after-tax value: 205418.17
2034,cash value: 1000,S&P 500 non-retirement value: 611714.59,tax-exempt bonds value: 3401.76,S&P 500 pre-tax value: 17901.06,S&P 500 after-tax value: 237889.01
2035,cash value: 1000,S&P 500 non-retirement value: 683108.55,tax-exempt bonds value: 3658.22,S&P 500 pre-tax value: 18602.98,S&P 500 after-tax value: 279016.17
2036,cash value: 1000,S&P 500 non-retirement value: 745197.35,tax-exempt bonds value: 3909.29,S&P 500 pre-tax value: 19885.71,S&P 500 after-tax value: 319370.29
2037,cash value: 1000,S&P 500 non-retirement value: 844799.62,tax-exempt bonds value: 4085.61,S&P 500 pre-tax value: 20849.56,S&P 500 after-tax value: 379547.65
2038,cash value: 1000,S&P 500 non-retirement value: 927015.16,tax-exempt bonds value: 4331.46,S&P 500 pre-tax value: 22599.68,S&P 500 after-tax value: 436242.43
2039,cash value: 1000,S&P 500 non-retirement value: 1023548.58,tax-exempt bonds value: 4615.5,S&P 500 pre-tax value: 24710.72,S&P 500 after-tax value: 504135.87
2040,cash value: 1000,S&P 500 non-retirement value: 1130338.12,tax-exempt bonds value: 4861.75,S&P 500 pre-tax value: 26295.22,S&P 500 after-tax value: 582295.39
2041,cash value: 1000,S&P 500 non-retirement value: 1231871.71,tax-exempt bonds value: 5113.85,S&P 500 pre-tax value: 27518.64,S&P 500 after-tax value: 663315.54
2042,cash value: 1000,S&P 500 non-retirement value: 1339445.07,tax-exempt bonds value: 5315.33,S&P 500 pre-tax value: 29655.34,S&P 500 after-tax value: 753437.85
2043,cash value: 1000,S&P 500 non-retirement value: 1461057.05,tax-exempt bonds value: 5646.86,S&P 500 pre-tax value: 31595.35,S&P 500 after-tax value: 858081.12
2044,cash value: 1000,S&P 500 non-retirement value: 1527988.54,tax-exempt bonds value: 5970.49,S&P 500 pre-tax value: 33517.85,S&P 500 after-tax value: 936509.1
2045,cash value: 1000,S&P 500 non-retirement value: 1644064.39,tax-exempt bonds value: 6545.23,S&P 500 pre-tax value: 35706.44,S&P 500 after-tax value: 1051123.14
2046,cash value: 1000,S&P 500 non-retirement value: 1768852.8,tax-exempt bonds value: 7171.13,S&P 500 pre-tax value: 37600.46,S&P 500 after-tax value: 1179235.2
2047,cash value: 1000,S&P 500 non-retirement value: 1866877.29,tax-exempt bonds value: 7512.75,S&P 500 pre-tax value: 39728.18,S&P 500 after-tax value: 1297321.51
2048,cash value: 1000,S&P 500 non-retirement value: 1976294.12,tax-exempt bonds value: 7951.31,S&P 500 pre-tax value: 41574.16,S&P 500 after-tax value: 1431109.53
2049,cash value: 1000,S&P 500 non-retirement value: 2110638.09,tax-exempt bonds value: 8527.01,S&P 500 pre-tax value: 43585.87,S&P 500 after-tax value: 1592235.76
2050,cash value: 1000,S&P 500 non-retirement value: 2195968.13,tax-exempt bonds value: 9096.04,S&P 500 pre-tax value: 45591.28,S&P 500 after-tax value: 1725403.53
2051,cash value: 1000,S&P 500 non-retirement value: 2343396.81,tax-exempt bonds value: 9490.29,S&P 500 pre-tax value: 48737.29,S&P 500 after-tax value: 1917324.66
2052,cash value: 1000,S&P 500 non-retirement value: 2495235.7,tax-exempt bonds value: 10191.24,S&P 500 pre-tax value: 51884.86,S&P 500 after-tax value: 2125571.15
2053,cash value: 1000,S&P 500 non-retirement value: 2577750.38,tax-exempt bonds value: 11079.75,S&P 500 pre-tax value: 55576.68,S&P 500 after-tax value: 2285929.58
2054,cash value: 1000,S&P 500 non-retirement value: 2716939.01,tax-exempt bonds value: 11781.56,S&P 500 pre-tax value: 57857.78,S&P 500 after-tax value: 2507943.7
2055,cash value: 1000,S&P 500 non-retirement value: 2865068.41,tax-exempt bonds value: 12602.93,S&P 500 pre-tax value: 62324.42,S&P 500 after-tax value: 2752712.79
2056,cash value: 1000,S&P 500 non-retirement value: 2963816.67,tax-exempt bonds value: 12866.08,S&P 500 pre-tax value: 65784.67,S&P 500 after-tax value: 2963816.67
2057,cash value: 1000,S&P 500 non-retirement value: 3096287.22,tax-exempt bonds value: 13692.8,S&P 500 pre-tax value: 69918.09,S&P 500 after-tax value: 3222666.29
2058,cash value: 1000,S&P 500 non-retirement value: 3261103.14,tax-exempt bonds value: 14652.25,S&P 500 pre-tax value: 74229.45,S&P 500 after-tax value: 3532861.74
2059,cash value: 1000,S&P 500 non-retirement value: 3487494.57,tax-exempt bonds value: 15593.9,S&P 500 pre-tax value: 83326.61,S&P 500 after-tax value: 3932706.64
2060,cash value: 1000,S&P 500 non-retirement value: 3603274.26,tax-exempt bonds value: 16910.37,S&P 500 pre-tax value: 85317.28,S&P 500 after-tax value: 4229930.65
2061,cash value: 1000,S&P 500 non-retirement value: 3787761.33,tax-exempt bonds value: 17751.23,S&P 500 pre-tax value: 83871.76,S&P 500 after-tax value: 4629486.07
2062,cash value: 1000,S&P 500 non-retirement value: 3940120.2,tax-exempt bonds value: 18885.41,S&P 500 pre-tax value: 84736.73,S&P 500 after-tax value: 5014698.43
2063,cash value: 1000,S&P 500 non-retirement value: 4061962.86,tax-exempt bonds value: 20227.29,S&P 500 pre-tax value: 84576.52,S&P 500 after-tax value: 5384462.4
2064,cash value: 1000,S&P 500 non-retirement value: 4227545.28,tax-exempt bonds value: 22143.53,S&P 500 pre-tax value: 81305.62,S&P 500 after-tax value: 5838038.72
2065,cash value: 1000,S&P 500 non-retirement value: 4397079.68,tax-exempt bonds value: 23993.5,S&P 500 pre-tax value: 82190.7,S&P 500 after-tax value: 6327504.9
year,investments
2026,cash value: 1000,S&P 500 non-retirement value: 136826.63,tax-exempt bonds value: 2072.07,S&P 500 pre-tax value: 10027.51,S&P 500 after-tax value: 34206.66
2027,cash value: 1000,S&P 500 non-retirement value: 188314.2,tax-exempt bonds value: 2174.8,S&P 500 pre-tax value: 10368.36,S&P 500 after-tax value: 50058.21
2028,cash value: 1000,S&P 500 non-retirement value: 248641.32,tax-exempt bonds value: 2262.22,S&P 500 pre-tax value: 11043.96,S&P 500 after-tax value: 70129.6
2029,cash value: 1000,S&P 500 non-retirement value: 303601.6,tax-exempt bonds value: 2403.23,S&P 500 pre-tax value: 11929,S&P 500 after-tax value: 90686.19
2030,cash value: 1000,S&P 500 non-retirement value: 355283.5,tax-exempt bonds value: 2516.62,S&P 500 pre-tax value: 12701.31,S&P 500 after-tax value: 112194.79
2031,cash value: 1000,S&P 500 non-retirement value: 418153.55,tax-exempt bonds value: 2701.23,S&P 500 pre-tax value: 13013.81,S&P 500 after-tax value: 139384.52
2032,cash value: 1000,S&P 500 non-retirement value: 481201.49,tax-exempt bonds value: 2826,S&P 500 pre-tax value: 13312.3,S&P 500 after-tax value: 169070.79
2033,cash value: 1000,S&P 500 non-retirement value: 564302.59,tax-exempt bonds value: 2926.61,S&P 500 pre-tax value: 14114.38,S&P 500 after-tax value: 208714.66
2034,cash value: 1000,S&P 500 non-retirement value: 635263.29,tax-exempt bonds value: 3128.71,S&P 500 pre-tax value: 14924.07,S&P 500 after-tax value: 247046.84
2035,cash value: 1000,S&P 500 non-retirement value: 718825.15,tax-exempt bonds value: 3427.79,S&P 500 pre-tax value: 15861.29,S&P 500 after-tax value: 293604.64
2036,cash value: 1000,S&P 500 non-retirement value: 785446.14,tax-exempt bonds value: 3692.79,S&P 500 pre-tax value: 16840.43,S&P 500 after-tax value: 336619.78
2037,cash value: 1000,S&P 500 non-retirement value: 867119.75,tax-exempt bonds value: 3953.31,S&P 500 pre-tax value: 17422.48,S&P 500 after-tax value: 389575.54
2038,cash value: 1000,S&P 500 non-retirement value: 951060.36,tax-exempt bonds value: 4325.99,S&P 500 pre-tax value: 18301.81,S&P 500 after-tax value: 447557.82
2039,cash value: 1000,S&P 500 non-retirement value: 1026427.72,tax-exempt bonds value: 4610.42,S&P 500 pre-tax value: 18712.9,S&P 500 after-tax value: 505553.95
2040,cash value: 1000,S&P 500 non-retirement value: 1140295.92,tax-exempt bonds value: 4828.19,S&P 500 pre-tax value: 19568.15,S&P 500 after-tax value: 587425.17
2041,cash value: 1000,S&P 500 non-retirement value: 1243099.79,tax-exempt bonds value: 5122.06,S&P 500 pre-tax value: 21116.86,S&P 500 after-tax value: 669361.43
2042,cash value: 1000,S&P 500 non-retirement value: 1332351.13,tax-exempt bonds value: 5294.32,S&P 500 pre-tax value: 22412.25,S&P 500 after-tax value: 749447.51
2043,cash value: 1000,S&P 500 non-retirement value: 1401725.82,tax-exempt bonds value: 5563.62,S&P 500 pre-tax value: 23449.72,S&P 500 after-tax value: 823235.8
2044,cash value: 1000,S&P 500 non-retirement value: 1507545.81,tax-exempt bonds value: 6038.23,S&P 500 pre-tax value: 24894.71,S&P 500 after-tax value: 923979.69
2045,cash value: 1000,S&P 500 non-retirement value: 1640299.03,tax-exempt bonds value: 6520.59,S&P 500 pre-tax value: 26445.49,S&P 500 after-tax value: 1048715.77
2046,cash value: 1000,S&P 500 non-retirement value: 1750811.38,tax-exempt bonds value: 6725.54,S&P 500 pre-tax value: 28419.7,S&P 500 after-tax value: 1167207.59
2047,cash value: 1000,S&P 500 non-retirement value: 1849343.65,tax-exempt bonds value: 6977.94,S&P 500 pre-tax value: 30492.34,S&P 500 after-tax value: 1285137.11
2048,cash value: 1000,S&P 500 non-retirement value: 1982201.38,tax-exempt bonds value: 7486.99,S&P 500 pre-tax value: 32635.14,S&P 500 after-tax value: 1435387.21
2049,cash value: 1000,S&P 500 non-retirement value: 2098149.78,tax-exempt bonds value: 8064.35,S&P 500 pre-tax value: 34543.65,S&P 500 after-tax value: 1582814.75
2050,cash value: 1000,S&P 500 non-retirement value: 2226199.61,tax-exempt bonds value: 8389.15,S&P 500 pre-tax value: 35828.47,S&P 500 after-tax value: 1749156.84
2051,cash value: 1000,S&P 500 non-retirement value: 2331992.87,tax-exempt bonds value: 8782.16,S&P 500 pre-tax value: 38122.19,S&P 500 after-tax value: 1907994.17
2052,cash value: 1000,S&P 500 non-retirement value: 2448019.69,tax-exempt bonds value: 9381.54,S&P 500 pre-tax value: 40181.04,S&P 500 after-tax value: 2085350.1
2053,cash value: 1000,S&P 500 non-retirement value: 2632081.34,tax-exempt bonds value: 9703.55,S&P 500 pre-tax value: 44073,S&P 500 after-tax value: 2334109.87
2054,cash value: 1000,S&P 500 non-retirement value: 2746039.03,tax-exempt bonds value: 10404.7,S&P 500 pre-tax value: 46877.56,S&P 500 after-tax value: 2534805.25
2055,cash value: 1000,S&P 500 non-retirement value: 2895894.82,tax-exempt bonds value: 11195.85,S&P 500 pre-tax value: 49543.7,S&P 500 after-tax value: 2782330.32
2056,cash value: 1000,S&P 500 non-retirement value: 3020118.96,tax-exempt bonds value: 12096.39,S&P 500 pre-tax value: 54200.17,S&P 500 after-tax value: 3020118.96
2057,cash value: 1000,S&P 500 non-retirement value: 3163528.57,tax-exempt bonds value: 13280.83,S&P 500 pre-tax value: 57510.79,S&P 500 after-tax value: 3292652.19
2058,cash value: 1000,S&P 500 non-retirement value: 3329929.87,tax-exempt bonds value: 13993.02,S&P 500 pre-tax value: 60758.3,S&P 500 after-tax value: 3607424.03
2059,cash value: 1000,S&P 500 non-retirement value: 3475414.47,tax-exempt bonds value: 15015.32,S&P 500 pre-tax value: 66531.87,S&P 500 after-tax value: 3919084.4
2060,cash value: 1000,S&P 500 non-retirement value: 3658549.38,tax-exempt bonds value: 15920.64,S&P 500 pre-tax value: 67361.14,S&P 500 after-tax value: 4294818.83
2061,cash value: 1000,S&P 500 non-retirement value: 3776395.14,tax-exempt bonds value: 16476.76,S&P 500 pre-tax value: 67349.71,S&P 500 after-tax value: 4615594.06
2062,cash value: 1000,S&P 500 non-retirement value: 3905005.63,tax-exempt bonds value: 18090.12,S&P 500 pre-tax value: 67549.53,S&P 500 after-tax value: 4970007.17
2063,cash value: 1000,S&P 500 non-retirement value: 4030088.96,tax-exempt bonds value: 19214.68,S&P 500 pre-tax value: 68957,S&P 500 after-tax value: 5342210.95
2064,cash value: 1000,S&P 500 non-retirement value: 4249565.01,tax-exempt bonds value: 20615.56,S&P 500 pre-tax value: 69798.12,S&P 500 after-tax value: 5868446.91
2065,cash value: 1000,S&P 500 non-retirement value: 4455524.1,tax-exempt bonds value: 20962.94,S&P 500 pre-tax value: 72632.46,S&P 500 after-tax value: 6411607.85
year,investments
2026,cash value: 1000,S&P 500 non-retirement value: 139332.88,tax-exempt bonds value: 2137.82,S&P 500 pre-tax value: 10461.58,S&P 500 after-tax value: 34833.22
2027,cash value: 1000,S&P 500 non-retirement value: 189293.77,tax-exempt bonds value: 2247.06,S&P 500 pre-tax value: 11252.27,S&P 500 after-tax value: 50318.6
2028,cash value: 1000,S&P 500 non-retirement value: 240848.75,tax-exempt bonds value: 2404.88,S&P 500 pre-tax value: 12198,S&P 500 after-tax value: 67931.7
2029,cash value: 1000,S&P 500 non-retirement value: 299660.94,tax-exempt bonds value: 2518.04,S&P 500 pre-tax value: 12621.1,S&P 500 after-tax value: 89509.11
2030,cash value: 1000,S&P 500 non-retirement value: 357992.84,tax-exempt bonds value: 2720.56,S&P 500 pre-tax value: 13567.93,S&P 500 after-tax value: 113050.37
2031,cash value: 1000,S&P 500 non-retirement value: 419456.48,tax-exempt bonds value: 2887.41,S&P 500 pre-tax value: 14399.29,S&P 500 after-tax value: 139818.83
2032,cash value: 1000,S&P 500 non-retirement value: 485519.2,tax-exempt bonds value: 3012.4,S&P 500 pre-tax value: 15639.72,S&P 500 after-tax value: 170587.83
2033,cash value: 1000,S&P 500 non-retirement value: 559738.28,tax-exempt bonds value: 3179.07,S&P 500 pre-tax value: 16860.11,S&P 500 after-tax value: 207026.49
2034,cash value: 1000,S&P 500 non-retirement value: 639455.92,tax-exempt bonds value: 3339.44,S&P 500 pre-tax value: 17680.12,S&P 500 after-tax value: 248677.3
2035,cash value: 1000,S&P 500 non-retirement value: 711548.44,tax-exempt bonds value: 3634.79,S&P 500 pre-tax value: 18854.12,S&P 500 after-tax value: 290632.46
2036,cash value: 1000,S&P 500 non-retirement value: 776949.76,tax-exempt bonds value: 3818.97,S&P 500 pre-tax value: 20281.11,S&P 500 after-tax value: 332978.47
2037,cash value: 1000,S&P 500 non-retirement value: 862311.01,tax-exempt bonds value: 3923.48,S&P 500 pre-tax value: 21685.33,S&P 500 after-tax value: 387415.09
2038,cash value: 1000,S&P 500 non-retirement value: 939240.5,tax-exempt bonds value: 4203.26,S&P 500 pre-tax value: 23435.02,S&P 500 after-tax value: 441995.53
2039,cash value: 1000,S&P 500 non-retirement value: 1022934.68,tax-exempt bonds value: 4389.04,S&P 500 pre-tax value: 23807.52,S&P 500 after-tax value: 503833.5
2040,cash value: 1000,S&P 500 non-retirement value: 1123110.09,tax-exempt bonds value: 4579.2,S&P 500 pre-tax value: 25018.78,S&P 500 after-tax value: 578571.86
2041,cash value: 1000,S&P 500 non-retirement value: 1198389.15,tax-exempt bonds value: 4875.92,S&P 500 pre-tax value: 26831.29,S&P 500 after-tax value: 645286.46
2042,cash value: 1000,S&P 500 non-retirement value: 1305424.11,tax-exempt bonds value: 5060.5,S&P 500 pre-tax value: 29298.8,S&P 500 after-tax value: 734301.06
2043,cash value: 1000,S&P 500 non-retirement value: 1401669.41,tax-exempt bonds value: 5479.14,S&P 500 pre-tax value: 30080.77,S&P 500 after-tax value: 823202.67
2044,cash value: 1000,S&P 500 non-retirement value: 1512109.1,tax-exempt bonds value: 5748.9,S&P 500 pre-tax value: 32333.93,S&P 500 after-tax value: 926776.55
2045,cash value: 1000,S&P 500 non-retirement value: 1592007.7,tax-exempt bonds value: 6231.21,S&P 500 pre-tax value: 34066.76,S&P 500 after-tax value: 1017840.99
2046,cash value: 1000,S&P 500 non-retirement value: 1686975.94,tax-exempt bonds value: 6671.19,S&P 500 pre-tax value: 35398.92,S&P 500 after-tax value: 1124650.63
2047,cash value: 1000,S&P 500 non-retirement value: 1769773.28,tax-exempt bonds value: 6940.53,S&P 500 pre-tax value: 37937.93,S&P 500 after-tax value: 1229842.45
2048,cash value: 1000,S&P 500 non-retirement value: 1912163.41,tax-exempt bonds value: 7438.3,S&P 500 pre-tax value: 38959,S&P 500 after-tax value: 1384670.05
2049,cash value: 1000,S&P 500 non-retirement value: 1984546.71,tax-exempt bonds value: 7743.33,S&P 500 pre-tax value: 41480.93,S&P 500 after-tax value: 1497114.18
2050,cash value: 1000,S&P 500 non-retirement value: 2094585.7,tax-exempt bonds value: 8376.55,S&P 500 pre-tax value: 43719.26,S&P 500 after-tax value: 1645745.91
2051,cash value: 1000,S&P 500 non-retirement value: 2213054.37,tax-exempt bonds value: 8988.23,S&P 500 pre-tax value: 47238.48,S&P 500 after-tax value: 1810680.85
2052,cash value: 1000,S&P 500 non-retirement value: 2371486.62,tax-exempt bonds value: 9468.95,S&P 500 pre-tax value: 49362.53,S&P 500 after-tax value: 2020155.27
2053,cash value: 1000,S&P 500 non-retirement value: 2497770.18,tax-exempt bonds value: 9987.16,S&P 500 pre-tax value: 53645.08,S&P 500 after-tax value: 2215003.74
2054,cash value: 1000,S&P 500 non-retirement value: 2634661.77,tax-exempt bonds value: 10488.8,S&P 500 pre-tax value: 57098.86,S&P 500 after-tax value: 2431995.48
2055,cash value: 1000,S&P 500 non-retirement value: 2782390.29,tax-exempt bonds value: 11281.11,S&P 500 pre-tax value: 58337.19,S&P 500 after-tax value: 2673276.95
2056,cash value: 1000,S&P 500 non-retirement value: 2847647.11,tax-exempt bonds value: 11988.26,S&P 500 pre-tax value: 60610.58,S&P 500 after-tax value: 2847647.11
2057,cash value: 1000,S&P 500 non-retirement value: 3029550.45,tax-exempt bonds value: 12694.1,S&P 500 pre-tax value: 63199.02,S&P 500 after-tax value: 3153205.57
2058,cash value: 1000,S&P 500 non-retirement value: 3223998.41,tax-exempt bonds value: 13438.79,S&P 500 pre-tax value: 69084.53,S&P 500 after-tax value: 3492664.95
2059,cash value: 1000,S&P 500 non-retirement value: 3308657.13,tax-exempt bonds value: 14488.93,S&P 500 pre-tax value: 73756.18,S&P 500 after-tax value: 3731038.9
2060,cash value: 1000,S&P 500 non-retirement value: 3534827.87,tax-exempt bonds value: 15562.51,S&P 500 pre-tax value: 75186.5,S&P 500 after-tax value: 4149580.54
2061,cash value: 1000,S&P 500 non-retirement value: 3733017.85,tax-exempt bonds value: 16382.44,S&P 500 pre-tax value: 76823.8,S&P 500 after-tax value: 4562577.37
2062,cash value: 1000,S&P 500 non-retirement value: 3840191.72,tax-exempt bonds value: 16844.13,S&P 500 pre-tax value: 78236.22,S&P 500 after-tax value: 4887516.73
2063,cash value: 1000,S&P 500 non-retirement value: 4010803.99,tax-exempt bonds value: 17463.95,S&P 500 pre-tax value: 80190.6,S&P 500 after-tax value: 5316647.15
2064,cash value: 1000,S&P 500 non-retirement value: 4184558.64,tax-exempt bonds value: 18434.6,S&P 500 pre-tax value: 83761.41,S&P 500 after-tax value: 5778676.22
2065,cash value: 1000,S&P 500 non-retirement value: 4386865,tax-exempt bonds value: 20247.65,S&P 500 pre-tax value: 88331.35,S&P 500 after-tax value: 6312805.73
year,investments
2026,cash value: 1000,S&P 500 non-retirement value: 142102.45,tax-exempt bonds value: 2036.43,S&P 500 pre-tax value: 10554.09,S&P 500 after-tax value: 35525.61
2027,cash value: 1000,S&P 500 non-retirement value: 198578.71,tax-exempt bonds value: 2122.44,S&P 500 pre-tax value: 11716.16,S&P 500 after-tax value: 52786.74
2028,cash value: 1000,S&P 500 non-retirement value: 250251.13,tax-exempt bonds value: 2290.23,S&P 500 pre-tax value: 12228.4,S&P 500 after-tax value: 70583.65
2029,cash value: 1000,S&P 500 non-retirement value: 307633.82,tax-exempt bonds value: 2512.6,S&P 500 pre-tax value: 13337.91,S&P 500 after-tax value: 91890.62
2030,cash value: 1000,S&P 500 non-retirement value: 369500.69,tax-exempt bonds value: 2617.67,S&P 500 pre-tax value: 14063.26,S&P 500 after-tax value: 116684.43
2031,cash value: 1000,S&P 500 non-retirement value: 422028.99,tax-exempt bonds value: 2799.77,S&P 500 pre-tax value: 14493.74,S&P 500 after-tax value: 140676.33
2032,cash value: 1000,S&P 500 non-retirement value: 484612.56,tax-exempt bonds value: 3007.72,S&P 500 pre-tax value: 15382.29,S&P 500 after-tax value: 170269.28
2033,cash value: 1000,S&P 500 non-retirement value: 553193.04,tax-exempt bonds value: 3279.15,S&P 500 pre-tax value: 16476.54,S&P 500 after-tax value: 204605.65
2034,cash value: 1000,S&P 500 non-retirement value: 624004.88,tax-exempt bonds value: 3430.81,S&P 500 pre-tax value: 17124.06,S&P 500 after-tax value: 242668.56
2035,cash value: 1000,S&P 500 non-retirement value: 689783.23,tax-exempt bonds value: 3629.76,S&P 500 pre-tax value: 18598.27,S&P 500 after-tax value: 281742.45
2036,cash value: 1000,S&P 500 non-retirement value: 762459.39,tax-exempt bonds value: 3717.37,S&P 500 pre-tax value: 19249.21,S&P 500 after-tax value: 326768.31
2037,cash value: 1000,S&P 500 non-retirement value: 834673.23,tax-exempt bonds value: 4043.27,S&P 500 pre-tax value: 20055.04,S&P 500 after-tax value: 374998.12
2038,cash value: 1000,S&P 500 non-retirement value: 896437.4,tax-exempt bonds value: 4140.47,S&P 500 pre-tax value: 21159.03,S&P 500 after-tax value: 421852.89
2039,cash value: 1000,S&P 500 non-retirement value: 988338.47,tax-exempt bonds value: 4272.58,S&P 500 pre-tax value: 22555.78,S&P 500 after-tax value: 486793.58
2040,cash value: 1000,S&P 500 non-retirement value: 1090223.21,tax-exempt bonds value: 4578.82,S&P 500 pre-tax value: 24982.85,S&P 500 after-tax value: 561630.14
2041,cash value: 1000,S&P 500 non-retirement value: 1205653.25,tax-exempt bonds value: 4809.62,S&P 500 pre-tax value: 26511.18,S&P 500 after-tax value: 649197.9
2042,cash value: 1000,S&P 500 non-retirement value: 1295790.17,tax-exempt bonds value: 4760.21,S&P 500 pre-tax value: 28496.27,S&P 500 after-tax value: 728881.97
2043,cash value: 1000,S&P 500 non-retirement value: 1397935.37,tax-exempt bonds value: 5080.43,S&P 500 pre-tax value: 31027.87,S&P 500 after-tax value: 821009.66
2044,cash value: 1000,S&P 500 non-retirement value: 1486302.31,tax-exempt bonds value: 5263.39,S&P 500 pre-tax value: 32932.29,S&P 500 after-tax value: 910959.48
2045,cash value: 1000,S&P 500 non-retirement value: 1632250.44,tax-exempt bonds value: 5533.35,S&P 500 pre-tax value: 35804.71,S&P 500 after-tax value: 1043569.95
2046,cash value: 1000,S&P 500 non-retirement value: 1804307.68,tax-exempt bonds value: 5798.44,S&P 500 pre-tax value: 38025.27,S&P 500 after-tax value: 1202871.79
2047,cash value: 1000,S&P 500 non-retirement value: 1916238.87,tax-exempt bonds value: 6249.62,S&P 500 pre-tax value: 38969.07,S&P 500 after-tax value: 1331623.62
2048,cash value: 1000,S&P 500 non-retirement value: 2005114.59,tax-exempt bonds value: 6755.38,S&P 500 pre-tax value: 42548.52,S&P 500 after-tax value: 1451979.53
2049,cash value: 1000,S&P 500 non-retirement value: 2130856.98,tax-exempt bonds value: 7238.84,S&P 500 pre-tax value: 45057.1,S&P 500 after-tax value: 1607488.6
2050,cash value: 1000,S&P 500 non-retirement value: 2247238.84,tax-exempt bonds value: 7881.01,S&P 500 pre-tax value: 47693.28,S&P 500 after-tax value: 1765687.66
2051,cash value: 1000,S&P 500 non-retirement value: 2353083.66,tax-exempt bonds value: 8317.14,S&P 500 pre-tax value: 51488.34,S&P 500 after-tax value: 1925250.26
2052,cash value: 1000,S&P 500 non-retirement value: 2515821.12,tax-exempt bonds value: 9148.72,S&P 500 pre-tax value: 54304.07,S&P 500 after-tax value: 2143106.88
2053,cash value: 1000,S&P 500 non-retirement value: 2677368.16,tax-exempt bonds value: 9278.03,S&P 500 pre-tax value: 57299.87,S&P 500 after-tax value: 2374269.88
2054,cash value: 1000,S&P 500 non-retirement value: 2812580.83,tax-exempt bonds value: 9799.77,S&P 500 pre-tax value: 59819.92,S&P 500 after-tax value: 2596228.46
2055,cash value: 1000,S&P 500 non-retirement value: 3009299.27,tax-exempt bonds value: 10212.09,S&P 500 pre-tax value: 61899.56,S&P 500 after-tax value: 2891287.53
2056,cash value: 1000,S&P 500 non-retirement value: 3196086.12,tax-exempt bonds value: 10732.79,S&P 500 pre-tax value: 66838.68,S&P 500 after-tax value: 3196086.12
2057,cash value: 1000,S&P 500 non-retirement value: 3402405.71,tax-exempt bonds value: 11206.77,S&P 500 pre-tax value: 70838.65,S&P 500 after-tax value: 3541279.42
2058,cash value: 1000,S&P 500 non-retirement value: 3527907.76,tax-exempt bonds value: 11937.11,S&P 500 pre-tax value: 77500.46,S&P 500 after-tax value: 3821900.07
2059,cash value: 1000,S&P 500 non-retirement value: 3646065.53,tax-exempt bonds value: 12257.55,S&P 500 pre-tax value: 81995.45,S&P 500 after-tax value: 4111520.71
2060,cash value: 1000,S&P 500 non-retirement value: 3812647.63,tax-exempt bonds value: 12792.58,S&P 500 pre-tax value: 83856.15,S&P 500 after-tax value: 4475716.78
2061,cash value: 1000,S&P 500 non-retirement value: 3941813.83,tax-exempt bonds value: 13079.78,S&P 500 pre-tax value: 87450.95,S&P 500 after-tax value: 4817772.46
2062,cash value: 1000,S&P 500 non-retirement value: 4101996.35,tax-exempt bonds value: 13420.46,S&P 500 pre-tax value: 87363.72,S&P 500 after-tax value: 5220722.63
2063,cash value: 1000,S&P 500 non-retirement value: 4180971.56,tax-exempt bonds value: 13423.27,S&P 500 pre-tax value: 89877.98,S&P 500 after-tax value: 5542218.11
2064,cash value: 1000,S&P 500 non-retirement value: 4254266.41,tax-exempt bonds value: 14494.06,S&P 500 pre-tax value: 92010.59,S&P 500 after-tax value: 5874939.33
2065,cash value: 1000,S&P 500 non-retirement value: 4419870.15,tax-exempt bonds value: 14958.22,S&P 500 pre-tax value: 94013.24,S&P 500 after-tax value: 6360300.95
