year,investments
2026,cash value: 1000,S&P 500 non-retirement value: 138724.9,tax-exempt bonds value: 2107.56,S&P 500 pre-tax value: 10378.25,S&P 500 after-tax value: 34681.23
2027,cash value: 1000,S&P 500 non-retirement value: 188496.11,tax-exempt bonds value: 2185.1,S&P 500 pre-tax value: 11188.16,S&P 500 after-tax value: 50106.56
2028,cash value: 1000,S&P 500 non-retirement value: 245027.51,tax-exempt bonds value: 2262.61,S&P 500 pre-tax value: 11681.61,S&P 500 after-tax value: 69110.32
2029,cash value: 1000,S&P 500 non-retirement value: 300733.73,tax-exempt bonds value: 2290.78,S&P 500 pre-tax value: 12419.79,S&P 500 after-tax value: 89829.56
2030,cash value: 1000,S&P 500 non-retirement value: 361934.81,tax-exempt bonds value: 2438.84,S&P 500 pre-tax value: 13328.8,S&P 500 after-tax value: 114295.2
2031,cash value: 1000,S&P 500 non-retirement value: 414744.83,tax-exempt bonds value: 2548.64,S&P 500 pre-tax value: 14303.71,S&P 500 after-tax value: 138248.28
2032,cash value: 1000,S&P 500 non-retirement value: 473674.62,tax-exempt bonds value: 2657.59,S&P 500 pre-tax value: 14855.61,S&P 500 after-tax value: 166426.22
2033,cash value: 1000,S&P 500 non-retirement value: 537574.68,tax-exempt bonds value: 2831.11,S&P 500 pre-tax value: 16264.02,S&P 500 after-tax value: 198828.99
2034,cash value: 1000,S&P 500 non-retirement value: 608759.06,tax-exempt bonds value: 3038.97,S&P 500 pre-tax value: 17553.11,S&P 500 after-tax value: 236739.63
2035,cash value: 1000,S&P 500 non-retirement value: 668737.32,tax-exempt bonds value: 3134.65,S&P 500 pre-tax value: 17797.28,S&P 500 after-tax value: 273146.23
2036,cash value: 1000,S&P 500 non-retirement value: 759821.79,tax-exempt bonds value: 3462.54,S&P 500 pre-tax value: 18781.48,S&P 500 after-tax value: 325637.91
2037,cash value: 1000,S&P 500 non-retirement value: 862540.31,tax-exempt bonds value: 3676.26,S&P 500 pre-tax value: 19789.18,S&P 500 after-tax value: 387518.11
2038,cash value: 1000,S&P 500 non-retirement value: 950715.27,tax-exempt bonds value: 3865.56,S&P 500 pre-tax value: 20761.04,S&P 500 after-tax value: 447395.42
2039,cash value: 1000,S&P 500 non-retirement value: 1027871.69,tax-exempt bonds value: 4011.75,S&P 500 pre-tax value: 22256.68,S&P 500 after-tax value: 506265.16
2040,cash value: 1000,S&P 500 non-retirement value: 1111487.95,tax-exempt bonds value: 3989.53,S&P 500 pre-tax value: 22720.45,S&P 500 after-tax value: 572584.7
2041,cash value: 1000,S&P 500 non-retirement value: 1219328.84,tax-exempt bonds value: 4247.88,S&P 500 pre-tax value: 23631.55,S&P 500 after-tax value: 656561.68
2042,cash value: 1000,S&P 500 non-retirement value: 1312435.42,tax-exempt bonds value: 4620.19,S&P 500 pre-tax value: 25760.01,S&P 500 after-tax value: 738244.92
2043,cash value: 1000,S&P 500 non-retirement value: 1431969.66,tax-exempt bonds value: 4800.53,S&P 500 pre-tax value: 26692.52,S&P 500 after-tax value: 840998.05
2044,cash value: 1000,S&P 500 non-retirement value: 1508355.77,tax-exempt bonds value: 5039.59,S&P 500 pre-tax value: 28810.66,S&P 500 after-tax value: 924476.12
2045,cash value: 1000,S&P 500 non-retirement value: 1598531.72,tax-exempt bonds value: 5404.61,S&P 500 pre-tax value: 30049.45,S&P 500 after-tax value: 1022012.08
2046,cash value: 1000,S&P 500 non-retirement value: 1706043.31,tax-exempt bonds value: 5781.75,S&P 500 pre-tax value: 31504.13,S&P 500 after-tax value: 1137362.21
2047,cash value: 1000,S&P 500 non-retirement value: 1810687.26,tax-exempt bonds value: 6117.18,S&P 500 pre-tax value: 34450.84,S&P 500 after-tax value: 1258274.2
2048,cash value: 1000,S&P 500 non-retirement value: 1909300.93,tax-exempt bonds value: 6541.74,S&P 500 pre-tax value: 36875.95,S&P 500 after-tax value: 1382597.22
2049,cash value: 1000,S&P 500 non-retirement value: 2086058.35,tax-exempt bonds value: 6837.84,S&P 500 pre-tax value: 38978.75,S&P 500 after-tax value: 1573693.14
2050,cash value: 1000,S&P 500 non-retirement value: 2234143.51,tax-exempt bonds value: 7444.3,S&P 500 pre-tax value: 40739.66,S&P 500 after-tax value: 1755398.47
2051,cash value: 1000,S&P 500 non-retirement value: 2332025.05,tax-exempt bonds value: 7690.36,S&P 500 pre-tax value: 42357.47,S&P 500 after-tax value: 1908020.5
2052,cash value: 1000,S&P 500 non-retirement value: 2531098.01,tax-exempt bonds value: 8131.67,S&P 500 pre-tax value: 45549.99,S&P 500 after-tax value: 2156120.53
2053,cash value: 1000,S&P 500 non-retirement value: 2685830.53,tax-exempt bonds value: 8550.27,S&P 500 pre-tax value: 47900.69,S&P 500 after-tax value: 2381774.24
2054,cash value: 1000,S&P 500 non-retirement value: 2749196.56,tax-exempt bonds value: 8941.29,S&P 500 pre-tax value: 51102.92,S&P 500 after-tax value: 2537719.9
2055,cash value: 1000,S&P 500 non-retirement value: 2938602.37,tax-exempt bonds value: 9710.93,S&P 500 pre-tax value: 54483.3,S&P 500 after-tax value: 2823363.06
2056,cash value: 1000,S&P 500 non-retirement value: 3003855.11,tax-exempt bonds value: 10291.59,S&P 500 pre-tax value: 58190.63,S&P 500 after-tax value: 3003855.11
2057,cash value: 1000,S&P 500 non-retirement value: 3121366.21,tax-exempt bonds value: 10793.2,S&P 500 pre-tax value: 60629.54,S&P 500 after-tax value: 3248768.91
2058,cash value: 1000,S&P 500 non-retirement value: 3335635.23,tax-exempt bonds value: 11721.37,S&P 500 pre-tax value: 65123.75,S&P 500 after-tax value: 3613604.83
2059,cash value: 1000,S&P 500 non-retirement value: 3530407.55,tax-exempt bonds value: 12259.4,S&P 500 pre-tax value: 66498.3,S&P 500 after-tax value: 3981097.88
2060,cash value: 1000,S&P 500 non-retirement value: 3584220.07,tax-exempt bonds value: 12857.58,S&P 500 pre-tax value: 68667.67,S&P 500 after-tax value: 4207562.69
2061,cash value: 1000,S&P 500 non-retirement value: 3724346.11,tax-exempt bonds value: 13369.35,S&P 500 pre-tax value: 69582.15,S&P 500 after-tax value: 4551978.58
2062,cash value: 1000,S&P 500 non-retirement value: 3920210.73,tax-exempt bonds value: 14149.32,S&P 500 pre-tax value: 67756.65,S&P 500 after-tax value: 4989359.11
2063,cash value: 1000,S&P 500 non-retirement value: 4108147.48,tax-exempt bonds value: 15015.39,S&P 500 pre-tax value: 69974.15,S&P 500 after-tax value: 5445683.86
2064,cash value: 1000,S&P 500 non-retirement value: 4261673.77,tax-exempt bonds value: 15863.43,S&P 500 pre-tax value: 70055.14,S&P 500 after-tax value: 5885168.54
2065,cash value: 1000,S&P 500 non-retirement value: 4444988.87,tax-exempt bonds value: 16609.87,S&P 500 pre-tax value: 72173.51,S&P 500 after-tax value: 6396447.39
year,investments
2026,cash value: 1000,S&P 500 non-retirement value: 141938.19,tax-exempt bonds value: 2146.75,S&P 500 pre-tax value: 10867.76,S&P 500 after-tax value: 35484.55
2027,cash value: 1000,S&P 500 non-retirement value: 194066.53,tax-exempt bonds value: 2246.98,S&P 500 pre-tax value: 11272.78,S&P 500 after-tax value: 51587.3
2028,cash value: 1000,S&P 500 non-retirement value: 249430.76,tax-exempt bonds value: 2293.46,S&P 500 pre-tax value: 11659.81,S&P 500 after-tax value: 70352.26
2029,cash value: 1000,S&P 500 non-retirement value: 309940.19,tax-exempt bonds value: 2392.37,S&P 500 pre-tax value: 12138.88,S&P 500 after-tax value: 92579.54
2030,cash value: 1000,S&P 500 non-retirement value: 364086.99,tax-exempt bonds value: 2586.45,S&P 500 pre-tax value: 12726.53,S&P 500 after-tax value: 114974.84
2031,cash value: 1000,S&P 500 non-retirement value: 418288.38,tax-exempt bonds value: 2671.6,S&P 500 pre-tax value: 13741.9,S&P 500 after-tax value: 139429.46
2032,cash value: 1000,S&P 500 non-retirement value: 477873.75,tax-exempt bonds value: 2779.56,S&P 500 pre-tax value: 14701.66,S&P 500 after-tax value: 167901.59
2033,cash value: 1000,S&P 500 non-retirement value: 551568.37,tax-exempt bonds value: 2981.14,S&P 500 pre-tax value: 15544.95,S&P 500 after-tax value: 204004.74
2034,cash value: 1000,S&P 500 non-retirement value: 632794.54,tax-exempt bonds value: 3142.91,S&P 500 pre-tax value: 16801.03,S&P 500 after-tax value: 246086.76
2035,cash value: 1000,S&P 500 non-retirement value: 704646.58,tax-exempt bonds value: 3342.74,S&P 500 pre-tax value: 17965.14,S&P 500 after-tax value: 287813.39
2036,cash value: 1000,S&P 500 non-retirement value: 779403.83,tax-exempt bonds value: 3539.64,S&P 500 pre-tax value: 19124.31,S&P 500 after-tax value: 334030.21
2037,cash value: 1000,S&P 500 non-retirement value: 874038.78,tax-exempt bonds value: 3605.91,S&P 500 pre-tax value: 20448.25,S&P 500 after-tax value: 392684.09
2038,cash value: 1000,S&P 500 non-retirement value: 940145.33,tax-exempt bonds value: 3781,S&P 500 pre-tax value: 21170.28,S&P 500 after-tax value: 442421.33
2039,cash value: 1000,S&P 500 non-retirement value: 1012413.29,tax-exempt bonds value: 3889.78,S&P 500 pre-tax value: 21948.99,S&P 500 after-tax value: 498651.32
2040,cash value: 1000,S&P 500 non-retirement value: 1115210.83,tax-exempt bonds value: 4092.82,S&P 500 pre-tax value: 23057.05,S&P 500 after-tax value: 574502.55
2041,cash value: 1000,S&P 500 non-retirement value: 1238720.14,tax-exempt bonds value: 4563.07,S&P 500 pre-tax value: 24170.84,S&P 500 after-tax value: 667003.15
2042,cash value: 1000,S&P 500 non-retirement value: 1289243.73,tax-exempt bonds value: 4900.64,S&P 500 pre-tax value: 25953.11,S&P 500 after-tax value: 725199.6
2043,cash value: 1000,S&P 500 non-retirement value: 1381631.3,tax-exempt bonds value: 5093.33,S&P 500 pre-tax value: 26821.26,S&P 500 after-tax value: 811434.25
2044,cash value: 1000,S&P 500 non-retirement value: 1471307.47,tax-exempt bonds value: 5372.72,S&P 500 pre-tax value: 28394.46,S&P 500 after-tax value: 901769.1
2045,cash value: 1000,S&P 500 non-retirement value: 1575457.46,tax-exempt bonds value: 5547.42,S&P 500 pre-tax value: 29860.22,S&P 500 after-tax value: 1007259.69
2046,cash value: 1000,S&P 500 non-retirement value: 1694530.55,tax-exempt bonds value: 5851.77,S&P 500 pre-tax value: 31116.91,S&P 500 after-tax value: 1129687.03
2047,cash value: 1000,S&P 500 non-retirement value: 1794320.85,tax-exempt bonds value: 6135.85,S&P 500 pre-tax value: 32582.16,S&P 500 after-tax value: 1246900.93
2048,cash value: 1000,S&P 500 non-retirement value: 1910721.81,tax-exempt bonds value: 6449.07,S&P 500 pre-tax value: 34031.9,S&P 500 after-tax value: 1383626.14
2049,cash value: 1000,S&P 500 non-retirement value: 2018592.42,tax-exempt bonds value: 6814.5,S&P 500 pre-tax value: 36800.77,S&P 500 after-tax value: 1522797.79
2050,cash value: 1000,S&P 500 non-retirement value: 2158311.06,tax-exempt bonds value: 7240.71,S&P 500 pre-tax value: 39265.86,S&P 500 after-tax value: 1695815.83
2051,cash value: 1000,S&P 500 non-retirement value: 2270844.18,tax-exempt bonds value: 7750.5,S&P 500 pre-tax value: 42680.48,S&P 500 after-tax value: 1857963.42
2052,cash value: 1000,S&P 500 non-retirement value: 2408552.63,tax-exempt bonds value: 8604.79,S&P 500 pre-tax value: 44753.87,S&P 500 after-tax value: 2051730.02
2053,cash value: 1000,S&P 500 non-retirement value: 2557032.72,tax-exempt bonds value: 8665.91,S&P 500 pre-tax value: 47351.71,S&P 500 after-tax value: 2267557.31
2054,cash value: 1000,S&P 500 non-retirement value: 2749592.38,tax-exempt bonds value: 9390.72,S&P 500 pre-tax value: 50469,S&P 500 after-tax value: 2538085.28
2055,cash value: 1000,S&P 500 non-retirement value: 2850479.03,tax-exempt bonds value: 9621.87,S&P 500 pre-tax value: 53669.23,S&P 500 after-tax value: 2738695.54
2056,cash value: 1000,S&P 500 non-retirement value: 2957983.12,tax-exempt bonds value: 10703.03,S&P 500 pre-tax value: 55345.2,S&P 500 after-tax value: 2957983.12
2057,cash value: 1000,S&P 500 non-retirement value: 3136336.51,tax-exempt bonds value: 11315.35,S&P 500 pre-tax value: 57106.42,S&P 500 after-tax value: 3264350.24
2058,cash value: 1000,S&P 500 non-retirement value: 3293009.73,tax-exempt bonds value: 12095.61,S&P 500 pre-tax value: 61514.19,S&P 500 after-tax value: 3567427.21
2059,cash value: 1000,S&P 500 non-retirement value: 3461202.51,tax-exempt bonds value: 12786.38,S&P 500 pre-tax value: 64316.12,S&P 500 after-tax value: 3903058.15
2060,cash value: 1000,S&P 500 non-retirement value: 3699138.12,tax-exempt bonds value: 13300.75,S&P 500 pre-tax value: 67010.17,S&P 500 after-tax value: 4342466.48
2061,cash value: 1000,S&P 500 non-retirement value: 3882437.54,tax-exempt bonds value: 14011.78,S&P 500 pre-tax value: 68204.96,S&P 500 after-tax value: 4745201.44
2062,cash value: 1000,S&P 500 non-retirement value: 4113172.62,tax-exempt bonds value: 15015.8,S&P 500 pre-tax value: 69372.84,S&P 500 after-tax value: 5234946.97
2063,cash value: 1000,S&P 500 non-retirement value: 4342479.54,tax-exempt bonds value: 15983.96,S&P 500 pre-tax value: 72734.26,S&P 500 after-tax value: 5756310.09
2064,cash value: 1000,S&P 500 non-retirement value: 4576970.46,tax-exempt bonds value: 17022.6,S&P 500 pre-tax value: 73172,S&P 500 after-tax value: 6320578.26
2065,cash value: 1000,S&P 500 non-retirement value: 4764682.47,tax-exempt bonds value: 17807.49,S&P 500 pre-tax value: 74487.03,S&P 500 after-tax value: 6856494.29
year,investments
2026,cash value: 1000,S&P 500 non-retirement value: 138085.92,tax-exempt bonds value: 2075.01,S&P 500 pre-tax value: 10752.88,S&P 500 after-tax value: 34521.48
2027,cash value: 1000,S&P 500 non-retirement value: 189022.24,tax-exempt bonds value: 2153.81,S&P 500 pre-tax value: 11436.31,S&P 500 after-tax value: 50246.42
2028,cash value: 1000,S&P 500 non-retirement value: 243650.08,tax-exempt bonds value: 2388.08,S&P 500 pre-tax value: 11932.04,S&P 500 after-tax value: 68721.82
2029,cash value: 1000,S&P 500 non-retirement value: 300756.21,tax-exempt bonds value: 2479.85,S&P 500 pre-tax value: 12754.01,S&P 500 after-tax value: 89836.27
2030,cash value: 1000,S&P 500 non-retirement value: 365060.98,tax-exempt bonds value: 2649.92,S&P 500 pre-tax value: 13889.9,S&P 500 after-tax value: 115282.41
2031,cash value: 1000,S&P 500 non-retirement value: 425435.99,tax-exempt bonds value: 2798.94,S&P 500 pre-tax value: 14699.41,S&P 500 after-tax value: 141812
2032,cash value: 1000,S&P 500 non-retirement value: 494080.71,tax-exempt bonds value: 2957.66,S&P 500 pre-tax value: 16132.84,S&P 500 after-tax value: 173595.92
2033,cash value: 1000,S&P 500 non-retirement value: 552418.76,tax-exempt bonds value: 3057.87,S&P 500 pre-tax value: 17178.32,S&P 500 after-tax value: 204319.27
2034,cash value: 1000,S&P 500 non-retirement value: 627645.81,tax-exempt bonds value: 3190.64,S&P 500 pre-tax value: 17902.82,S&P 500 after-tax value: 244084.48
2035,cash value: 1000,S&P 500 non-retirement value: 696842.47,tax-exempt bonds value: 3396.37,S&P 500 pre-tax value: 18853.24,S&P 500 after-tax value: 284625.8
2036,cash value: 1000,S&P 500 non-retirement value: 753936.26,tax-exempt bonds value: 3682.17,S&P 500 pre-tax value: 20255.46,S&P 500 after-tax value: 323115.54
2037,cash value: 1000,S&P 500 non-retirement value: 841552.47,tax-exempt bonds value: 3916.77,S&P 500 pre-tax value: 21127.69,S&P 500 after-tax value: 378088.79
2038,cash value: 1000,S&P 500 non-retirement value: 917498.81,tax-exempt bonds value: 3971.41,S&P 500 pre-tax value: 22001.96,S&P 500 after-tax value: 431764.15
2039,cash value: 1000,S&P 500 non-retirement value: 995613.76,tax-exempt bonds value: 4319.92,S&P 500 pre-tax value: 23121.97,S&P 500 after-tax value: 490376.92
2040,cash value: 1000,S&P 500 non-retirement value: 1073460.83,tax-exempt bonds value: 4548.51,S&P 500 pre-tax value: 24780.89,S&P 500 after-tax value: 552994.97
2041,cash value: 1000,S&P 500 non-retirement value: 1152879.6,tax-exempt bonds value: 4893.21,S&P 500 pre-tax value: 26330.51,S&P 500 after-tax value: 620781.32
2042,cash value: 1000,S&P 500 non-retirement value: 1256733.12,tax-exempt bonds value: 5098.92,S&P 500 pre-tax value: 27385.09,S&P 500 after-tax value: 706912.38
2043,cash value: 1000,S&P 500 non-retirement value: 1372383.89,tax-exempt bonds value: 5381.39,S&P 500 pre-tax value: 30043.47,S&P 500 after-tax value: 806003.24
2044,cash value: 1000,S&P 500 non-retirement value: 1490301.61,tax-exempt bonds value: 5501.87,S&P 500 pre-tax value: 32184.99,S&P 500 after-tax value: 913410.67
2045,cash value: 1000,S&P 500 non-retirement value: 1577744.85,tax-exempt bonds value: 5691.81,S&P 500 pre-tax value: 35358.47,S&P 500 after-tax value: 1008722.12
2046,cash value: 1000,S&P 500 non-retirement value: 1714659.62,tax-exempt bonds value: 6001.69,S&P 500 pre-tax value: 37300.11,S&P 500 after-tax value: 1143106.42
2047,cash value: 1000,S&P 500 non-retirement value: 1835939.02,tax-exempt bonds value: 6331.62,S&P 500 pre-tax value: 38463.04,S&P 500 after-tax value: 1275822.03
2048,cash value: 1000,S&P 500 non-retirement value: 1923105.79,tax-exempt bonds value: 6695.19,S&P 500 pre-tax value: 40998.07,S&P 500 after-tax value: 1392593.85
2049,cash value: 1000,S&P 500 non-retirement value: 2010006.41,tax-exempt bonds value: 7049.62,S&P 500 pre-tax value: 43427.81,S&P 500 after-tax value: 1516320.63
2050,cash value: 1000,S&P 500 non-retirement value: 2121196.28,tax-exempt bonds value: 7340.96,S&P 500 pre-tax value: 47141.78,S&P 500 after-tax value: 1666654.22
2051,cash value: 1000,S&P 500 non-retirement value: 2261724.93,tax-exempt bonds value: 7834.35,S&P 500 pre-tax value: 49297.97,S&P 500 after-tax value: 1850502.22
2052,cash value: 1000,S&P 500 non-retirement value: 2388399.36,tax-exempt bonds value: 8384.26,S&P 500 pre-tax value: 53034.31,S&P 500 after-tax value: 2034562.42
2053,cash value: 1000,S&P 500 non-retirement value: 2492934.39,tax-exempt bonds value: 8591.34,S&P 500 pre-tax value: 55133.84,S&P 500 after-tax value: 2210715.4
2054,cash value: 1000,S&P 500 non-retirement value: 2593645.91,tax-exempt bonds value: 8751.07,S&P 500 pre-tax value: 59262.84,S&P 500 after-tax value: 2394134.68
2055,cash value: 1000,S&P 500 non-retirement value: 2693464.47,tax-exempt bonds value: 9206.96,S&P 500 pre-tax value: 63999.83,S&P 500 after-tax value: 2587838.41
2056,cash value: 1000,S&P 500 non-retirement value: 2911699.28,tax-exempt bonds value: 9642.44,S&P 500 pre-tax value: 68406.93,S&P 500 after-tax value: 2911699.28
2057,cash value: 1000,S&P 500 non-retirement value: 3067819.89,tax-exempt bonds value: 10240.28,S&P 500 pre-tax value: 72544.7,S&P 500 after-tax value: 3193037.03
2058,cash value: 1000,S&P 500 non-retirement value: 3278365.18,tax-exempt bonds value: 10769.75,S&P 500 pre-tax value: 77370.15,S&P 500 after-tax value: 3551562.27
2059,cash value: 1000,S&P 500 non-retirement value: 3398873.65,tax-exempt bonds value: 11229.87,S&P 500 pre-tax value: 82712.24,S&P 500 after-tax value: 3832772.41
2060,cash value: 1000,S&P 500 non-retirement value: 3545602.47,tax-exempt bonds value: 12007.04,S&P 500 pre-tax value: 86827.33,S&P 500 after-tax value: 4162228.99
2061,cash value: 1000,S&P 500 non-retirement value: 3787734.18,tax-exempt bonds value: 12385.68,S&P 500 pre-tax value: 87692.02,S&P 500 after-tax value: 4629452.89
2062,cash value: 1000,S&P 500 non-retirement value: 3945228.28,tax-exempt bonds value: 13078.4,S&P 500 pre-tax value: 88729.48,S&P 500 after-tax value: 5021199.63
2063,cash value: 1000,S&P 500 non-retirement value: 4149863.46,tax-exempt bonds value: 13674.73,S&P 500 pre-tax value: 91398.4,S&P 500 after-tax value: 5500981.8
2064,cash value: 1000,S&P 500 non-retirement value: 4291615.7,tax-exempt bonds value: 14396.78,S&P 500 pre-tax value: 91287.45,S&P 500 after-tax value: 5926516.92
2065,cash value: 1000,S&P 500 non-retirement value: 4508406.24,tax-exempt bonds value: 15111.31,S&P 500 pre-tax value: 89168.46,S&P 500 after-tax value: 6487706.53
year,investments
2026,cash value: 1000,S&P 500 non-retirement value: 141664.86,tax-exempt bonds value: 2094.23,S&P 500 pre-tax value: 10476.59,S&P 500 after-tax value: 35416.22
2027,cash value: 1000,S&P 500 non-retirement value: 194510.98,tax-exempt bonds value: 2242.48,S&P 500 pre-tax value: 10964.28,S&P 500 after-tax value: 51705.45
2028,cash value: 1000,S&P 500 non-retirement value: 252533.1,tax-exempt bonds value: 2280.09,S&P 500 pre-tax value: 11637.74,S&P 500 after-tax value: 71227.28
2029,cash value: 1000,S&P 500 non-retirement value: 315983.58,tax-exempt bonds value: 2424.06,S&P 500 pre-tax value: 11878.29,S&P 500 after-tax value: 94384.71
2030,cash value: 1000,S&P 500 non-retirement value: 366494.93,tax-exempt bonds value: 2506.24,S&P 500 pre-tax value: 12598.08,S&P 500 after-tax value: 115735.24
2031,cash value: 1000,S&P 500 non-retirement value: 415741.29,tax-exempt bonds value: 2606.88,S&P 500 pre-tax value: 13748.92,S&P 500 after-tax value: 138580.43
2032,cash value: 1000,S&P 500 non-retirement value: 472222.08,tax-exempt bonds value: 2690.59,S&P 500 pre-tax value: 14510.1,S&P 500 after-tax value: 165915.87
2033,cash value: 1000,S&P 500 non-retirement value: 535814.57,tax-exempt bonds value: 2951.36,S&P 500 pre-tax value: 15520.91,S&P 500 after-tax value: 198177.99
2034,cash value: 1000,S&P 500 non-retirement value: 599511.01,tax-exempt bonds value: 3229.85,S&P 500 pre-tax value: 16924.34,S&P 500 after-tax value: 233143.17
2035,cash value: 1000,S&P 500 non-retirement value: 661915.51,tax-exempt bonds value: 3335.45,S&P 500 pre-tax value: 18268.48,S&P 500 after-tax value: 270359.85
2036,cash value: 1000,S&P 500 non-retirement value: 742036.84,tax-exempt bonds value: 3451.61,S&P 500 pre-tax value: 18784.33,S&P 500 after-tax value: 318015.79
2037,cash value: 1000,S&P 500 non-retirement value: 837126.65,tax-exempt bonds value: 3640.42,S&P 500 pre-tax value: 19698.2,S&P 500 after-tax value: 376100.38
2038,cash value: 1000,S&P 500 non-retirement value: 925774.52,tax-exempt bonds value: 3937.05,S&P 500 pre-tax value: 20674.3,S&P 500 after-tax value: 435658.6
2039,cash value: 1000,S&P 500 non-retirement value: 1010559.03,tax-exempt bonds value: 4138.03,S&P 500 pre-tax value: 21404.76,S&P 500 after-tax value: 497738.03
2040,cash value: 1000,S&P 500 non-retirement value: 1099754.65,tax-exempt bonds value: 4411.7,S&P 500 pre-tax value: 23048.91,S&P 500 after-tax value: 566540.28
2041,cash value: 1000,S&P 500 non-retirement value: 1188274.6,tax-exempt bonds value: 4705.99,S&P 500 pre-tax value: 24666.67,S&P 500 after-tax value: 639840.17
2042,cash value: 1000,S&P 500 non-retirement value: 1304305.8,tax-exempt bonds value: 5088.07,S&P 500 pre-tax value: 25698.62,S&P 500 after-tax value: 733672.01
2043,cash value: 1000,S&P 500 non-retirement value: 1384344.78,tax-exempt bonds value: 5422.4,S&P 500 pre-tax value: 27617.57,S&P 500 after-tax value: 813027.89
2044,cash value: 1000,S&P 500 non-retirement value: 1462703.99,tax-exempt bonds value: 5648.61,S&P 500 pre-tax value: 30072.12,S&P 500 after-tax value: 896495.99
2045,cash value: 1000,S&P 500 non-retirement value: 1546701.36,tax-exempt bonds value: 6116.65,S&P 500 pre-tax value: 31943.6,S&P 500 after-tax value: 988874.64
2046,cash value: 1000,S&P 500 non-retirement value: 1662551.91,tax-exempt bonds value: 6716.92,S&P 500 pre-tax value: 34698.5,S&P 500 after-tax value: 1108367.94
2047,cash value: 1000,S&P 500 non-retirement value: 1747031.78,tax-exempt bonds value: 7040.06,S&P 500 pre-tax value: 36141.57,S&P 500 after-tax value: 1214039.03
2048,cash value: 1000,S&P 500 non-retirement value: 1804881.85,tax-exempt bonds value: 7343.85,S&P 500 pre-tax value: 36681.45,S&P 500 after-tax value: 1306983.41
2049,cash value: 1000,S&P 500 non-retirement value: 1906690.22,tax-exempt bonds value: 7650.47,S&P 500 pre-tax value: 38504.88,S&P 500 after-tax value: 1438380.34
2050,cash value: 1000,S&P 500 non-retirement value: 2057667.82,tax-exempt bonds value: 8049.66,S&P 500 pre-tax value: 41140.76,S&P 500 after-tax value: 1616739.01
2051,cash value: 1000,S&P 500 non-retirement value: 2230144.04,tax-exempt bonds value: 8366.29,S&P 500 pre-tax value: 44091.36,S&P 500 after-tax value: 1824663.3
2052,cash value: 1000,S&P 500 non-retirement value: 2315640.75,tax-exempt bonds value: 8643.97,S&P 500 pre-tax value: 46515.61,S&P 500 after-tax value: 1972582.86
2053,cash value: 1000,S&P 500 non-retirement value: 2468703.22,tax-exempt bonds value: 9625.41,S&P 500 pre-tax value: 48943.57,S&P 500 after-tax value: 2189227.38
2054,cash value: 1000,S&P 500 non-retirement value: 2630453.13,tax-exempt bonds value: 10085.41,S&P 500 pre-tax value: 52438.51,S&P 500 after-tax value: 2428110.58
2055,cash value: 1000,S&P 500 non-retirement value: 2758802.94,tax-exempt bonds value: 10620.11,S&P 500 pre-tax value: 55939.57,S&P 500 after-tax value: 2650614.59
2056,cash value: 1000,S&P 500 non-retirement value: 2938891.61,tax-exempt bonds value: 11686.49,S&P 500 pre-tax value: 58446,S&P 500 after-tax value: 2938891.61
2057,cash value: 1000,S&P 500 non-retirement value: 3109933.88,tax-exempt bonds value: 12274.89,S&P 500 pre-tax value: 62517.97,S&P 500 after-tax value: 3236869.96
2058,cash value: 1000,S&P 500 non-retirement value: 3213729.34,tax-exempt bonds value: 13026.13,S&P 500 pre-tax value: 66937.56,S&P 500 after-tax value: 3481540.11
2059,cash value: 1000,S&P 500 non-retirement value: 3345727.77,tax-exempt bonds value: 13808.29,S&P 500 pre-tax value: 75096.66,S&P 500 after-tax value: 3772841.95
2060,cash value: 1000,S&P 500 non-retirement value: 3495411.47,tax-exempt bonds value: 14489.89,S&P 500 pre-tax value: 76989.23,S&P 500 after-tax value: 4103309.12
2061,cash value: 1000,S&P 500 non-retirement value: 3647772.93,tax-exempt bonds value: 15334.65,S&P 500 pre-tax value: 78101.25,S&P 500 after-tax value: 4458389.14
2062,cash value: 1000,S&P 500 non-retirement value: 3864165.6,tax-exempt bonds value: 15891.56,S&P 500 pre-tax value: 78661.54,S&P 500 after-tax value: 4918028.94
2063,cash value: 1000,S&P 500 non-retirement value: 4082251.81,tax-exempt bonds value: 17286.97,S&P 500 pre-tax value: 79289.88,S&P 500 after-tax value: 5411357.05
2064,cash value: 1000,S&P 500 non-retirement value: 4310255.72,tax-exempt bonds value: 17986.5,S&P 500 pre-tax value: 78048.53,S&P 500 after-tax value: 5952257.9
2065,cash value: 1000,S&P 500 non-retirement value: 4473438.34,tax-exempt bonds value: 18966.96,S&P 500 pre-tax value: 80498.02,S&P 500 after-tax value: 6437386.88
year,investments
2026,cash value: 1000,S&P 500 non-retirement value: 141019.34,tax-exempt bonds value: 2068.75,S&P 500 pre-tax value: 10412.38,S&P 500 after-tax value: 35254.83
2027,cash value: 1000,S&P 500 non-retirement value: 193884.11,tax-exempt bonds value: 2214.42,S&P 500 pre-tax value: 11281.95,S&P 500 after-tax value: 51538.81
2028,cash value: 1000,S&P 500 non-retirement value: 249360.01,tax-exempt bonds value: 2355.15,S&P 500 pre-tax value: 11979.42,S&P 500 after-tax value: 70332.31
2029,cash value: 1000,S&P 500 non-retirement value: 310253.69,tax-exempt bonds value: 2585.68,S&P 500 pre-tax value: 12653.5,S&P 500 after-tax value: 92673.18
2030,cash value: 1000,S&P 500 non-retirement value: 374447.04,tax-exempt bonds value: 2762.08,S&P 500 pre-tax value: 13780.28,S&P 500 after-tax value: 118246.43
2031,cash value: 1000,S&P 500 non-retirement value: 430090.48,tax-exempt bonds value: 2882.27,S&P 500 pre-tax value: 14437.16,S&P 500 after-tax value: 143363.49
2032,cash value: 1000,S&P 500 non-retirement value: 489575.18,tax-exempt bonds value: 2994.45,S&P 500 pre-tax value: 15399.58,S&P 500 after-tax value: 172012.9
2033,cash value: 1000,S&P 500 non-retirement value: 547455.15,tax-exempt bonds value: 3099.71,S&P 500 pre-tax value: 16438.49,S&P 500 after-tax value: 202483.41
2034,cash value: 1000,S&P 500 non-retirement value: 621780.48,tax-exempt bonds value: 3322.96,S&P 500 pre-tax value: 17469.62,S&P 500 after-tax value: 241803.52
2035,cash value: 1000,S&P 500 non-retirement value: 692622.94,tax-exempt bonds value: 3550.17,S&P 500 pre-tax value: 18899.45,S&P 500 after-tax value: 282902.33
2036,cash value: 1000,S&P 500 non-retirement value: 759888.81,tax-exempt bonds value: 3745.06,S&P 500 pre-tax value: 20374.75,S&P 500 after-tax value: 325666.63
2037,cash value: 1000,S&P 500 non-retirement value: 829891.97,tax-exempt bonds value: 4045.42,S&P 500 pre-tax value: 21775.46,S&P 500 after-tax value: 372850.02
2038,cash value: 1000,S&P 500 non-retirement value: 920615.39,tax-exempt bonds value: 4321.49,S&P 500 pre-tax value: 22295.06,S&P 500 after-tax value: 433230.77
2039,cash value: 1000,S&P 500 non-retirement value: 1009717.73,tax-exempt bonds value: 4507.78,S&P 500 pre-tax value: 23761.83,S&P 500 after-tax value: 497323.66
2040,cash value: 1000,S&P 500 non-retirement value: 1093953.44,tax-exempt bonds value: 4810.45,S&P 500 pre-tax value: 25203.89,S&P 500 after-tax value: 563551.77
2041,cash value: 1000,S&P 500 non-retirement value: 1199934.3,tax-exempt bonds value: 5153.71,S&P 500 pre-tax value: 27048.1,S&P 500 after-tax value: 646118.47
2042,cash value: 1000,S&P 500 non-retirement value: 1324905.73,tax-exempt bonds value: 5496.42,S&P 500 pre-tax value: 27990.76,S&P 500 after-tax value: 745259.47
2043,cash value: 1000,S&P 500 non-retirement value: 1431489.21,tax-exempt bonds value: 5817.45,S&P 500 pre-tax value: 29310.7,S&P 500 after-tax value: 840715.89
2044,cash value: 1000,S&P 500 non-retirement value: 1558762.33,tax-exempt bonds value: 6230.6,S&P 500 pre-tax value: 32417.22,S&P 500 after-tax value: 955370.46
2045,cash value: 1000,S&P 500 non-retirement value: 1672892.89,tax-exempt bonds value: 6603.73,S&P 500 pre-tax value: 34086.84,S&P 500 after-tax value: 1069554.47
2046,cash value: 1000,S&P 500 non-retirement value: 1788660.28,tax-exempt bonds value: 6965.36,S&P 500 pre-tax value: 36894.33,S&P 500 after-tax value: 1192440.18
2047,cash value: 1000,S&P 500 non-retirement value: 1903927.05,tax-exempt bonds value: 7226.72,S&P 500 pre-tax value: 39081.64,S&P 500 after-tax value: 1323067.95
2048,cash value: 1000,S&P 500 non-retirement value: 2036768.81,tax-exempt bonds value: 7654.72,S&P 500 pre-tax value: 39974.4,S&P 500 after-tax value: 1474901.56
2049,cash value: 1000,S&P 500 non-retirement value: 2142630.85,tax-exempt bonds value: 8055.56,S&P 500 pre-tax value: 43321.62,S&P 500 after-tax value: 1616370.64
2050,cash value: 1000,S&P 500 non-retirement value: 2253972.58,tax-exempt bonds value: 8406.15,S&P 500 pre-tax value: 46629.26,S&P 500 after-tax value: 1770978.45
2051,cash value: 1000,S&P 500 non-retirement value: 2372360.3,tax-exempt bonds value: 9012.4,S&P 500 pre-tax value: 49010.64,S&P 500 after-tax value: 1941022.07
2052,cash value: 1000,S&P 500 non-retirement value: 2562872.6,tax-exempt bonds value: 9121.81,S&P 500 pre-tax value: 51648.38,S&P 500 after-tax value: 2183187.77
2053,cash value: 1000,S&P 500 non-retirement value: 2706214.54,tax-exempt bonds value: 9822.34,S&P 500 pre-tax value: 54030.98,S&P 500 after-tax value: 2399850.63
2054,cash value: 1000,S&P 500 non-retirement value: 2833269.33,tax-exempt bonds value: 10005.03,S&P 500 pre-tax value: 57541.86,S&P 500 after-tax value: 2615325.53
2055,cash value: 1000,S&P 500 non-retirement value: 2966374.08,tax-exempt bonds value: 10812.89,S&P 500 pre-tax value: 60549.83,S&P 500 after-tax value: 2850045.68
2056,cash value: 1000,S&P 500 non-retirement value: 3153277.53,tax-exempt bonds value: 11462.59,S&P 500 pre-tax value: 65821.77,S&P 500 after-tax value: 3153277.53
2057,cash value: 1000,S&P 500 non-retirement value: 3275489.7,tax-exempt bonds value: 12179.05,S&P 500 pre-tax value: 68853.23,S&P 500 after-tax value: 3409183.16
2058,cash value: 1000,S&P 500 non-retirement value: 3511956.72,tax-exempt bonds value: 13104.58,S&P 500 pre-tax value: 71550.44,S&P 500 after-tax value: 3804619.78
2059,cash value: 1000,S&P 500 non-retirement value: 3735325.67,tax-exempt bonds value: 13809.31,S&P 500 pre-tax value: 72363.59,S&P 500 after-tax value: 4212175.75
2060,cash value: 1000,S&P 500 non-retirement value: 4017980.54,tax-exempt bonds value: 14644.99,S&P 500 pre-tax value: 73525.35,S&P 500 after-tax value: 4716759.77
2061,cash value: 1000,S&P 500 non-retirement value: 4201634.01,tax-exempt bonds value: 14841.61,S&P 500 pre-tax value: 73702.22,S&P 500 after-tax value: 5135330.46
2062,cash value: 1000,S&P 500 non-retirement value: 4328729.66,tax-exempt bonds value: 15626.25,S&P 500 pre-tax value: 75044.8,S&P 500 after-tax value: 5509292.29
2063,cash value: 1000,S&P 500 non-retirement value: 4510585.6,tax-exempt bonds value: 16333.61,S&P 500 pre-tax value: 73272.12,S&P 500 after-tax value: 5979148.36
2064,cash value: 1000,S&P 500 non-retirement value: 4782760.99,tax-exempt bonds value: 17468.76,S&P 500 pre-tax value: 74235.25,S&P 500 after-tax value: 6604765.18
2065,cash value: 1000,S&P 500 non-retirement value: 4976027.76,tax-exempt bonds value: 18175.05,S&P 500 pre-tax value: 75235.26,S&P 500 after-tax value: 7160625.32
