year,investments
2026,cash value: 1000,S&P 500 non-retirement value: 138719.04,tax-exempt bonds value: 2094.76,S&P 500 pre-tax value: 10473.75,S&P 500 after-tax value: 34679.76
2027,cash value: 1000,S&P 500 non-retirement value: 187963.17,tax-exempt bonds value: 2173.46,S&P 500 pre-tax value: 11320.14,S&P 500 after-tax value: 49964.89
2028,cash value: 1000,S&P 500 non-retirement value: 241619.69,tax-exempt bonds value: 2341.13,S&P 500 pre-tax value: 11870.2,S&P 500 after-tax value: 68149.14
2029,cash value: 1000,S&P 500 non-retirement value: 302159.69,tax-exempt bonds value: 2501.3,S&P 500 pre-tax value: 13012.35,S&P 500 after-tax value: 90255.49
2030,cash value: 1000,S&P 500 non-retirement value: 362805.31,tax-exempt bonds value: 2614.39,S&P 500 pre-tax value: 13930.49,S&P 500 after-tax value: 114570.1
2031,cash value: 1000,S&P 500 non-retirement value: 420606.47,tax-exempt bonds value: 2780.31,S&P 500 pre-tax value: 14746.34,S&P 500 after-tax value: 140202.16
2032,cash value: 1000,S&P 500 non-retirement value: 487463.37,tax-exempt bonds value: 2882.95,S&P 500 pre-tax value: 15096.96,S&P 500 after-tax value: 171270.91
2033,cash value: 1000,S&P 500 non-retirement value: 566188.94,tax-exempt bonds value: 3004.66,S&P 500 pre-tax value: 16111.05,S&P 500 after-tax value: 209412.35
2034,cash value: 1000,S&P 500 non-retirement value: 636343.32,tax-exempt bonds value: 3250.97,S&P 500 pre-tax value: 16802.73,S&P 500 after-tax value: 247466.85
2035,cash value: 1000,S&P 500 non-retirement value: 711093.12,tax-exempt bonds value: 3462.32,S&P 500 pre-tax value: 18042.85,S&P 500 after-tax value: 290446.48
2036,cash value: 1000,S&P 500 non-retirement value: 782764.48,tax-exempt bonds value: 3622.9,S&P 500 pre-tax value: 19427.31,S&P 500 after-tax value: 335470.49
2037,cash value: 1000,S&P 500 non-retirement value: 849051.63,tax-exempt bonds value: 3919.78,S&P 500 pre-tax value: 20262.09,S&P 500 after-tax value: 381457.98
2038,cash value: 1000,S&P 500 non-retirement value: 937106.47,tax-exempt bonds value: 4208.72,S&P 500 pre-tax value: 21284.56,S&P 500 after-tax value: 440991.28
2039,cash value: 1000,S&P 500 non-retirement value: 1038147.71,tax-exempt bonds value: 4369.17,S&P 500 pre-tax value: 22792.7,S&P 500 after-tax value: 511326.49
2040,cash value: 1000,S&P 500 non-retirement value: 1118697.55,tax-exempt bonds value: 4572.04,S&P 500 pre-tax value: 25363.26,S&P 500 after-tax value: 576298.74
2041,cash value: 1000,S&P 500 non-retirement value: 1207862.35,tax-exempt bonds value: 4715.07,S&P 500 pre-tax value: 27296.9,S&P 500 after-tax value: 650387.42
2042,cash value: 1000,S&P 500 non-retirement value: 1322159.91,tax-exempt bonds value: 5008.2,S&P 500 pre-tax value: 28936.97,S&P 500 after-tax value: 743714.95
2043,cash value: 1000,S&P 500 non-retirement value: 1399868.35,tax-exempt bonds value: 5269.66,S&P 500 pre-tax value: 30106.1,S&P 500 after-tax value: 822144.9
2044,cash value: 1000,S&P 500 non-retirement value: 1553269.87,tax-exempt bonds value: 5596.89,S&P 500 pre-tax value: 31374.75,S&P 500 after-tax value: 952004.11
2045,cash value: 1000,S&P 500 non-retirement value: 1653489.59,tax-exempt bonds value: 5892.87,S&P 500 pre-tax value: 32577.1,S&P 500 after-tax value: 1057149.08
2046,cash value: 1000,S&P 500 non-retirement value: 1773088.53,tax-exempt bonds value: 6284.69,S&P 500 pre-tax value: 34212.52,S&P 500 after-tax value: 1182059.02
2047,cash value: 1000,S&P 500 non-retirement value: 1874399.83,tax-exempt bonds value: 6663.48,S&P 500 pre-tax value: 35947.36,S&P 500 after-tax value: 1302549.03
2048,cash value: 1000,S&P 500 non-retirement value: 2000814.36,tax-exempt bonds value: 7240.32,S&P 500 pre-tax value: 39579.01,S&P 500 after-tax value: 1448865.57
2049,cash value: 1000,S&P 500 non-retirement value: 2115334.42,tax-exempt bonds value: 7616.84,S&P 500 pre-tax value: 41240.5,S&P 500 after-tax value: 1595778.6
2050,cash value: 1000,S&P 500 non-retirement value: 2302351.95,tax-exempt bonds value: 8076.1,S&P 500 pre-tax value: 44425.86,S&P 500 after-tax value: 1808990.82
2051,cash value: 1000,S&P 500 non-retirement value: 2423489.21,tax-exempt bonds value: 8737.85,S&P 500 pre-tax value: 48830.25,S&P 500 after-tax value: 1982854.81
2052,cash value: 1000,S&P 500 non-retirement value: 2623977.48,tax-exempt bonds value: 9150.09,S&P 500 pre-tax value: 51190.67,S&P 500 after-tax value: 2235240.08
2053,cash value: 1000,S&P 500 non-retirement value: 2788861.55,tax-exempt bonds value: 9622.37,S&P 500 pre-tax value: 53754.28,S&P 500 after-tax value: 2473141.37
2054,cash value: 1000,S&P 500 non-retirement value: 2912237.12,tax-exempt bonds value: 10036.25,S&P 500 pre-tax value: 56935.65,S&P 500 after-tax value: 2688218.88
2055,cash value: 1000,S&P 500 non-retirement value: 3044112.93,tax-exempt bonds value: 10386.08,S&P 500 pre-tax value: 59518.22,S&P 500 after-tax value: 2924735.95
2056,cash value: 1000,S&P 500 non-retirement value: 3244884.73,tax-exempt bonds value: 10585.28,S&P 500 pre-tax value: 60505.96,S&P 500 after-tax value: 3244884.73
2057,cash value: 1000,S&P 500 non-retirement value: 3396888.08,tax-exempt bonds value: 11173.8,S&P 500 pre-tax value: 65041.37,S&P 500 after-tax value: 3535536.57
2058,cash value: 1000,S&P 500 non-retirement value: 3519545.6,tax-exempt bonds value: 11744.74,S&P 500 pre-tax value: 67055.49,S&P 500 after-tax value: 3812841.07
2059,cash value: 1000,S&P 500 non-retirement value: 3689843.95,tax-exempt bonds value: 12416.39,S&P 500 pre-tax value: 72315.37,S&P 500 after-tax value: 4160887.85
2060,cash value: 1000,S&P 500 non-retirement value: 3795466.98,tax-exempt bonds value: 13074.31,S&P 500 pre-tax value: 73786.56,S&P 500 after-tax value: 4455548.19
2061,cash value: 1000,S&P 500 non-retirement value: 3923777.78,tax-exempt bonds value: 14037.02,S&P 500 pre-tax value: 75180.79,S&P 500 after-tax value: 4795728.4
2062,cash value: 1000,S&P 500 non-retirement value: 3978553.52,tax-exempt bonds value: 14663.77,S&P 500 pre-tax value: 73452.43,S&P 500 after-tax value: 5063613.57
2063,cash value: 1000,S&P 500 non-retirement value: 4089075.2,tax-exempt bonds value: 15575.39,S&P 500 pre-tax value: 76694.58,S&P 500 after-tax value: 5420402.01
2064,cash value: 1000,S&P 500 non-retirement value: 4326665.85,tax-exempt bonds value: 16479.76,S&P 500 pre-tax value: 78581.13,S&P 500 after-tax value: 5974919.5
2065,cash value: 1000,S&P 500 non-retirement value: 4450618.92,tax-exempt bonds value: 17015.44,S&P 500 pre-tax value: 78503.08,S&P 500 after-tax value: 6404549.17
year,investments
2026,cash value: 1000,S&P 500 non-retirement value: 138562.47,tax-exempt bonds value: 2150.22,S&P 500 pre-tax value: 10464.96,S&P 500 after-tax value: 34640.62
2027,cash value: 1000,S&P 500 non-retirement value: 186608.32,tax-exempt bonds value: 2300.88,S&P 500 pre-tax value: 11249.75,S&P 500 after-tax value: 49604.74
2028,cash value: 1000,S&P 500 non-retirement value: 239094.45,tax-exempt bonds value: 2388.57,S&P 500 pre-tax value: 11841.82,S&P 500 after-tax value: 67436.9
2029,cash value: 1000,S&P 500 non-retirement value: 289565.3,tax-exempt bonds value: 2498.37,S&P 500 pre-tax value: 12271.4,S&P 500 after-tax value: 86493.53
2030,cash value: 1000,S&P 500 non-retirement value: 338778.57,tax-exempt bonds value: 2656.66,S&P 500 pre-tax value: 13185.37,S&P 500 after-tax value: 106982.71
2031,cash value: 1000,S&P 500 non-retirement value: 391874.59,tax-exempt bonds value: 2846.26,S&P 500 pre-tax value: 14080.08,S&P 500 after-tax value: 130624.86
2032,cash value: 1000,S&P 500 non-retirement value: 462255.61,tax-exempt bonds value: 2956.39,S&P 500 pre-tax value: 14717.01,S&P 500 after-tax value: 162414.13
2033,cash value: 1000,S&P 500 non-retirement value: 531504.62,tax-exempt bonds value: 3156.18,S&P 500 pre-tax value: 15454.56,S&P 500 after-tax value: 196583.9
2034,cash value: 1000,S&P 500 non-retirement value: 594977.69,tax-exempt bonds value: 3341.96,S&P 500 pre-tax value: 16486.75,S&P 500 after-tax value: 231380.21
2035,cash value: 1000,S&P 500 non-retirement value: 669420.12,tax-exempt bonds value: 3525.07,S&P 500 pre-tax value: 17178.82,S&P 500 after-tax value: 273425.12
2036,cash value: 1000,S&P 500 non-retirement value: 755168.26,tax-exempt bonds value: 3773.41,S&P 500 pre-tax value: 17996.13,S&P 500 after-tax value: 323643.54
2037,cash value: 1000,S&P 500 non-retirement value: 828148.88,tax-exempt bonds value: 3985.23,S&P 500 pre-tax value: 19339.12,S&P 500 after-tax value: 372066.89
2038,cash value: 1000,S&P 500 non-retirement value: 915086.61,tax-exempt bonds value: 4186.23,S&P 500 pre-tax value: 20776.91,S&P 500 after-tax value: 430628.99
2039,cash value: 1000,S&P 500 non-retirement value: 990372.68,tax-exempt bonds value: 4352.92,S&P 500 pre-tax value: 22610.97,S&P 500 after-tax value: 487795.5
2040,cash value: 1000,S&P 500 non-retirement value: 1085964.76,tax-exempt bonds value: 4614.95,S&P 500 pre-tax value: 22582.3,S&P 500 after-tax value: 559436.39
2041,cash value: 1000,S&P 500 non-retirement value: 1185818.19,tax-exempt bonds value: 4931.68,S&P 500 pre-tax value: 24357.61,S&P 500 after-tax value: 638517.49
2042,cash value: 1000,S&P 500 non-retirement value: 1265844.7,tax-exempt bonds value: 5364.31,S&P 500 pre-tax value: 26409.36,S&P 500 after-tax value: 712037.65
2043,cash value: 1000,S&P 500 non-retirement value: 1375401.25,tax-exempt bonds value: 5857.21,S&P 500 pre-tax value: 27982.35,S&P 500 after-tax value: 807775.34
2044,cash value: 1000,S&P 500 non-retirement value: 1515962.75,tax-exempt bonds value: 6102.2,S&P 500 pre-tax value: 28752.45,S&P 500 after-tax value: 929138.46
2045,cash value: 1000,S&P 500 non-retirement value: 1620029.27,tax-exempt bonds value: 6619.35,S&P 500 pre-tax value: 29327.12,S&P 500 after-tax value: 1035756.42
2046,cash value: 1000,S&P 500 non-retirement value: 1730304.62,tax-exempt bonds value: 6947.74,S&P 500 pre-tax value: 31721.63,S&P 500 after-tax value: 1153536.41
2047,cash value: 1000,S&P 500 non-retirement value: 1840438.6,tax-exempt bonds value: 7319.57,S&P 500 pre-tax value: 34798.86,S&P 500 after-tax value: 1278948.86
2048,cash value: 1000,S&P 500 non-retirement value: 1971278.94,tax-exempt bonds value: 7965.07,S&P 500 pre-tax value: 36770.33,S&P 500 after-tax value: 1427477.85
2049,cash value: 1000,S&P 500 non-retirement value: 2077354.92,tax-exempt bonds value: 8473.4,S&P 500 pre-tax value: 39751.63,S&P 500 after-tax value: 1567127.4
2050,cash value: 1000,S&P 500 non-retirement value: 2236925.92,tax-exempt bonds value: 8896.81,S&P 500 pre-tax value: 41872.17,S&P 500 after-tax value: 1757584.65
2051,cash value: 1000,S&P 500 non-retirement value: 2331712.74,tax-exempt bonds value: 9462.69,S&P 500 pre-tax value: 43716.38,S&P 500 after-tax value: 1907764.97
2052,cash value: 1000,S&P 500 non-retirement value: 2450764.4,tax-exempt bonds value: 10075.97,S&P 500 pre-tax value: 46555.45,S&P 500 after-tax value: 2087688.19
2053,cash value: 1000,S&P 500 non-retirement value: 2656396.79,tax-exempt bonds value: 10925.09,S&P 500 pre-tax value: 49399.01,S&P 500 after-tax value: 2355672.62
2054,cash value: 1000,S&P 500 non-retirement value: 2771391.18,tax-exempt bonds value: 11866.15,S&P 500 pre-tax value: 52706.07,S&P 500 after-tax value: 2558207.24
2055,cash value: 1000,S&P 500 non-retirement value: 2880264.3,tax-exempt bonds value: 12715.01,S&P 500 pre-tax value: 56864.57,S&P 500 after-tax value: 2767312.76
2056,cash value: 1000,S&P 500 non-retirement value: 3038814.55,tax-exempt bonds value: 13341.62,S&P 500 pre-tax value: 60808.63,S&P 500 after-tax value: 3038814.55
2057,cash value: 1000,S&P 500 non-retirement value: 3201001.29,tax-exempt bonds value: 13629.22,S&P 500 pre-tax value: 63508.59,S&P 500 after-tax value: 3331654.41
2058,cash value: 1000,S&P 500 non-retirement value: 3398359.55,tax-exempt bonds value: 14597.62,S&P 500 pre-tax value: 67246.55,S&P 500 after-tax value: 3681556.17
2059,cash value: 1000,S&P 500 non-retirement value: 3553051.24,tax-exempt bonds value: 15949.39,S&P 500 pre-tax value: 71570.59,S&P 500 after-tax value: 4006632.25
2060,cash value: 1000,S&P 500 non-retirement value: 3725458.89,tax-exempt bonds value: 16567.65,S&P 500 pre-tax value: 75244.02,S&P 500 after-tax value: 4373364.79
2061,cash value: 1000,S&P 500 non-retirement value: 3869885.34,tax-exempt bonds value: 17559.7,S&P 500 pre-tax value: 75254.66,S&P 500 after-tax value: 4729859.86
2062,cash value: 1000,S&P 500 non-retirement value: 4095196.02,tax-exempt bonds value: 18498.55,S&P 500 pre-tax value: 78120.4,S&P 500 after-tax value: 5212067.67
2063,cash value: 1000,S&P 500 non-retirement value: 4196510.64,tax-exempt bonds value: 18965,S&P 500 pre-tax value: 79990.12,S&P 500 after-tax value: 5562816.43
2064,cash value: 1000,S&P 500 non-retirement value: 4295701.61,tax-exempt bonds value: 19535.6,S&P 500 pre-tax value: 83015.53,S&P 500 after-tax value: 5932159.36
2065,cash value: 1000,S&P 500 non-retirement value: 4580037.69,tax-exempt bonds value: 21529.11,S&P 500 pre-tax value: 81258.72,S&P 500 after-tax value: 6590785.94
year,investments
2026,cash value: 1000,S&P 500 non-retirement value: 139888.44,tax-exempt bonds value: 2120.8,S&P 500 pre-tax value: 10604.06,S&P 500 after-tax value: 34972.11
2027,cash value: 1000,S&P 500 non-retirement value: 195167.6,tax-exempt bonds value: 2208.57,S&P 500 pre-tax value: 11197.78,S&P 500 after-tax value: 51879.99
2028,cash value: 1000,S&P 500 non-retirement value: 249032.06,tax-exempt bonds value: 2347.49,S&P 500 pre-tax value: 11634.76,S&P 500 after-tax value: 70239.81
2029,cash value: 1000,S&P 500 non-retirement value: 311891.46,tax-exempt bonds value: 2418.3,S&P 500 pre-tax value: 11974.24,S&P 500 after-tax value: 93162.38
2030,cash value: 1000,S&P 500 non-retirement value: 387635.56,tax-exempt bonds value: 2614.95,S&P 500 pre-tax value: 12491.15,S&P 500 after-tax value: 122411.23
2031,cash value: 1000,S&P 500 non-retirement value: 448721.27,tax-exempt bonds value: 2806.52,S&P 500 pre-tax value: 13386.3,S&P 500 after-tax value: 149573.76
2032,cash value: 1000,S&P 500 non-retirement value: 516900.35,tax-exempt bonds value: 3039.74,S&P 500 pre-tax value: 14050.45,S&P 500 after-tax value: 181613.64
2033,cash value: 1000,S&P 500 non-retirement value: 584200.47,tax-exempt bonds value: 3314.82,S&P 500 pre-tax value: 14648.76,S&P 500 after-tax value: 216074.15
2034,cash value: 1000,S&P 500 non-retirement value: 659948.66,tax-exempt bonds value: 3491.05,S&P 500 pre-tax value: 15733.27,S&P 500 after-tax value: 256646.7
2035,cash value: 1000,S&P 500 non-retirement value: 729807.14,tax-exempt bonds value: 3720.66,S&P 500 pre-tax value: 16068.28,S&P 500 after-tax value: 298090.24
2036,cash value: 1000,S&P 500 non-retirement value: 817131.47,tax-exempt bonds value: 3923.22,S&P 500 pre-tax value: 16771.01,S&P 500 after-tax value: 350199.2
2037,cash value: 1000,S&P 500 non-retirement value: 915692.96,tax-exempt bonds value: 4035.56,S&P 500 pre-tax value: 17591.38,S&P 500 after-tax value: 411398.29
2038,cash value: 1000,S&P 500 non-retirement value: 1009422.72,tax-exempt bonds value: 4355.52,S&P 500 pre-tax value: 18223.36,S&P 500 after-tax value: 475022.46
2039,cash value: 1000,S&P 500 non-retirement value: 1072037.87,tax-exempt bonds value: 4687.83,S&P 500 pre-tax value: 19754.54,S&P 500 after-tax value: 528018.65
2040,cash value: 1000,S&P 500 non-retirement value: 1174771.36,tax-exempt bonds value: 5067.45,S&P 500 pre-tax value: 21027.92,S&P 500 after-tax value: 605185.24
2041,cash value: 1000,S&P 500 non-retirement value: 1299986.24,tax-exempt bonds value: 5433.47,S&P 500 pre-tax value: 22315.4,S&P 500 after-tax value: 699992.59
2042,cash value: 1000,S&P 500 non-retirement value: 1386725.46,tax-exempt bonds value: 5729.6,S&P 500 pre-tax value: 24022.5,S&P 500 after-tax value: 780033.07
2043,cash value: 1000,S&P 500 non-retirement value: 1467453.64,tax-exempt bonds value: 6117.95,S&P 500 pre-tax value: 25432.53,S&P 500 after-tax value: 861837.85
2044,cash value: 1000,S&P 500 non-retirement value: 1589049.63,tax-exempt bonds value: 6429.11,S&P 500 pre-tax value: 26727.24,S&P 500 after-tax value: 973933.64
2045,cash value: 1000,S&P 500 non-retirement value: 1722181.21,tax-exempt bonds value: 6739.71,S&P 500 pre-tax value: 29913.42,S&P 500 after-tax value: 1101066.68
2046,cash value: 1000,S&P 500 non-retirement value: 1818466.95,tax-exempt bonds value: 6885.99,S&P 500 pre-tax value: 31735.59,S&P 500 after-tax value: 1212311.3
2047,cash value: 1000,S&P 500 non-retirement value: 1927825.18,tax-exempt bonds value: 7415.97,S&P 500 pre-tax value: 34081.77,S&P 500 after-tax value: 1339675.12
2048,cash value: 1000,S&P 500 non-retirement value: 2064706.83,tax-exempt bonds value: 7610.47,S&P 500 pre-tax value: 36251.26,S&P 500 after-tax value: 1495132.53
2049,cash value: 1000,S&P 500 non-retirement value: 2189629.11,tax-exempt bonds value: 8066.29,S&P 500 pre-tax value: 38356.28,S&P 500 after-tax value: 1651825.47
2050,cash value: 1000,S&P 500 non-retirement value: 2332324.83,tax-exempt bonds value: 8307.44,S&P 500 pre-tax value: 41272.3,S&P 500 after-tax value: 1832540.94
2051,cash value: 1000,S&P 500 non-retirement value: 2466772.87,tax-exempt bonds value: 8813.55,S&P 500 pre-tax value: 43494.38,S&P 500 after-tax value: 2018268.71
2052,cash value: 1000,S&P 500 non-retirement value: 2605842.86,tax-exempt bonds value: 9322.69,S&P 500 pre-tax value: 45723.38,S&P 500 after-tax value: 2219792.06
2053,cash value: 1000,S&P 500 non-retirement value: 2672682.63,tax-exempt bonds value: 9526.81,S&P 500 pre-tax value: 48141.08,S&P 500 after-tax value: 2370114.78
2054,cash value: 1000,S&P 500 non-retirement value: 2774652.09,tax-exempt bonds value: 9792.38,S&P 500 pre-tax value: 49908.95,S&P 500 after-tax value: 2561217.32
2055,cash value: 1000,S&P 500 non-retirement value: 2960357.68,tax-exempt bonds value: 10331.13,S&P 500 pre-tax value: 52567.27,S&P 500 after-tax value: 2844265.23
2056,cash value: 1000,S&P 500 non-retirement value: 3156290.91,tax-exempt bonds value: 10851.27,S&P 500 pre-tax value: 56671.58,S&P 500 after-tax value: 3156290.91
2057,cash value: 1000,S&P 500 non-retirement value: 3291371.71,tax-exempt bonds value: 11359.24,S&P 500 pre-tax value: 62058.38,S&P 500 after-tax value: 3425713.41
2058,cash value: 1000,S&P 500 non-retirement value: 3522300.1,tax-exempt bonds value: 11768.84,S&P 500 pre-tax value: 64842.95,S&P 500 after-tax value: 3815825.1
2059,cash value: 1000,S&P 500 non-retirement value: 3678033.85,tax-exempt bonds value: 12529.77,S&P 500 pre-tax value: 69612.62,S&P 500 after-tax value: 4147570.09
2060,cash value: 1000,S&P 500 non-retirement value: 3835948.46,tax-exempt bonds value: 13254.65,S&P 500 pre-tax value: 71603.44,S&P 500 after-tax value: 4503069.93
2061,cash value: 1000,S&P 500 non-retirement value: 4070909.58,tax-exempt bonds value: 14060.45,S&P 500 pre-tax value: 74594.89,S&P 500 after-tax value: 4975556.15
2062,cash value: 1000,S&P 500 non-retirement value: 4292717.97,tax-exempt bonds value: 14656.1,S&P 500 pre-tax value: 74863.43,S&P 500 after-tax value: 5463459.24
2063,cash value: 1000,S&P 500 non-retirement value: 4456469.26,tax-exempt bonds value: 15398.34,S&P 500 pre-tax value: 74265.43,S&P 500 after-tax value: 5907412.74
2064,cash value: 1000,S&P 500 non-retirement value: 4606410.63,tax-exempt bonds value: 16207,S&P 500 pre-tax value: 74469.65,S&P 500 after-tax value: 6361233.73
2065,cash value: 1000,S&P 500 non-retirement value: 4883226.47,tax-exempt bonds value: 17438.56,S&P 500 pre-tax value: 75298.58,S&P 500 after-tax value: 7027082
year,investments
2026,cash value: 1000,S&P 500 non-retirement value: 143436.27,tax-exempt bonds value: 2128.1,S&P 500 pre-tax value: 10422.66,S&P 500 after-tax value: 35859.07
2027,cash value: 1000,S&P 500 non-retirement value: 192234.6,tax-exempt bonds value: 2252.13,S&P 500 pre-tax value: 10979.36,S&P 500 after-tax value: 51100.34
2028,cash value: 1000,S&P 500 non-retirement value: 248292.13,tax-exempt bonds value: 2413.83,S&P 500 pre-tax value: 11717.37,S&P 500 after-tax value: 70031.11
2029,cash value: 1000,S&P 500 non-retirement value: 300419.3,tax-exempt bonds value: 2579.08,S&P 500 pre-tax value: 12375,S&P 500 after-tax value: 89735.64
2030,cash value: 1000,S&P 500 non-retirement value: 357321,tax-exempt bonds value: 2680.76,S&P 500 pre-tax value: 12901.03,S&P 500 after-tax value: 112838.21
2031,cash value: 1000,S&P 500 non-retirement value: 416417.82,tax-exempt bonds value: 2784.48,S&P 500 pre-tax value: 14479.55,S&P 500 after-tax value: 138805.94
2032,cash value: 1000,S&P 500 non-retirement value: 465455.75,tax-exempt bonds value: 2939.23,S&P 500 pre-tax value: 15488.17,S&P 500 after-tax value: 163538.51
2033,cash value: 1000,S&P 500 non-retirement value: 528209.68,tax-exempt bonds value: 3182.85,S&P 500 pre-tax value: 16393.58,S&P 500 after-tax value: 195365.23
2034,cash value: 1000,S&P 500 non-retirement value: 582579.45,tax-exempt bonds value: 3322.86,S&P 500 pre-tax value: 17570.71,S&P 500 after-tax value: 226558.68
2035,cash value: 1000,S&P 500 non-retirement value: 668052.99,tax-exempt bonds value: 3600.54,S&P 500 pre-tax value: 18011.83,S&P 500 after-tax value: 272866.72
2036,cash value: 1000,S&P 500 non-retirement value: 747898.56,tax-exempt bonds value: 3848.44,S&P 500 pre-tax value: 19092.7,S&P 500 after-tax value: 320527.96
2037,cash value: 1000,S&P 500 non-retirement value: 826865.2,tax-exempt bonds value: 4107.24,S&P 500 pre-tax value: 20078.74,S&P 500 after-tax value: 371490.16
2038,cash value: 1000,S&P 500 non-retirement value: 906371.61,tax-exempt bonds value: 4320.53,S&P 500 pre-tax value: 21436.86,S&P 500 after-tax value: 426527.82
2039,cash value: 1000,S&P 500 non-retirement value: 964259.59,tax-exempt bonds value: 4624.94,S&P 500 pre-tax value: 22231.66,S&P 500 after-tax value: 474933.83
2040,cash value: 1000,S&P 500 non-retirement value: 1033720.02,tax-exempt bonds value: 4909.25,S&P 500 pre-tax value: 23198.57,S&P 500 after-tax value: 532522.44
2041,cash value: 1000,S&P 500 non-retirement value: 1125354.7,tax-exempt bonds value: 5112.16,S&P 500 pre-tax value: 24581.49,S&P 500 after-tax value: 605960.23
2042,cash value: 1000,S&P 500 non-retirement value: 1197702.62,tax-exempt bonds value: 5556.25,S&P 500 pre-tax value: 25903.2,S&P 500 after-tax value: 673707.73
2043,cash value: 1000,S&P 500 non-retirement value: 1281102.44,tax-exempt bonds value: 5897.34,S&P 500 pre-tax value: 28399.3,S&P 500 after-tax value: 752393.49
2044,cash value: 1000,S&P 500 non-retirement value: 1364231.44,tax-exempt bonds value: 6388.3,S&P 500 pre-tax value: 29035.3,S&P 500 after-tax value: 836141.85
2045,cash value: 1000,S&P 500 non-retirement value: 1492381.94,tax-exempt bonds value: 6603.49,S&P 500 pre-tax value: 30531.06,S&P 500 after-tax value: 954145.83
2046,cash value: 1000,S&P 500 non-retirement value: 1580558.34,tax-exempt bonds value: 6943.41,S&P 500 pre-tax value: 33266.58,S&P 500 after-tax value: 1053705.56
2047,cash value: 1000,S&P 500 non-retirement value: 1692170.85,tax-exempt bonds value: 7207.44,S&P 500 pre-tax value: 35541.57,S&P 500 after-tax value: 1175915.34
2048,cash value: 1000,S&P 500 non-retirement value: 1769847.12,tax-exempt bonds value: 7556.59,S&P 500 pre-tax value: 37311.31,S&P 500 after-tax value: 1281613.43
2049,cash value: 1000,S&P 500 non-retirement value: 1881195.18,tax-exempt bonds value: 7826.23,S&P 500 pre-tax value: 39520.07,S&P 500 after-tax value: 1419147.24
2050,cash value: 1000,S&P 500 non-retirement value: 2020506.02,tax-exempt bonds value: 8349.03,S&P 500 pre-tax value: 41238.2,S&P 500 after-tax value: 1587540.44
2051,cash value: 1000,S&P 500 non-retirement value: 2142594.9,tax-exempt bonds value: 8808.44,S&P 500 pre-tax value: 44824.57,S&P 500 after-tax value: 1753032.19
2052,cash value: 1000,S&P 500 non-retirement value: 2259373.69,tax-exempt bonds value: 9327.25,S&P 500 pre-tax value: 46935.17,S&P 500 after-tax value: 1924651.66
2053,cash value: 1000,S&P 500 non-retirement value: 2459547.14,tax-exempt bonds value: 9963.57,S&P 500 pre-tax value: 48397.98,S&P 500 after-tax value: 2181107.84
2054,cash value: 1000,S&P 500 non-retirement value: 2513046.74,tax-exempt bonds value: 10751.12,S&P 500 pre-tax value: 51793.59,S&P 500 after-tax value: 2319735.45
2055,cash value: 1000,S&P 500 non-retirement value: 2672480.23,tax-exempt bonds value: 11416.36,S&P 500 pre-tax value: 54819.29,S&P 500 after-tax value: 2567677.08
2056,cash value: 1000,S&P 500 non-retirement value: 2764789.3,tax-exempt bonds value: 12245.7,S&P 500 pre-tax value: 59329.47,S&P 500 after-tax value: 2764789.3
2057,cash value: 1000,S&P 500 non-retirement value: 2925948.52,tax-exempt bonds value: 13214.01,S&P 500 pre-tax value: 61567.48,S&P 500 after-tax value: 3045374.99
2058,cash value: 1000,S&P 500 non-retirement value: 3064700.16,tax-exempt bonds value: 13753.86,S&P 500 pre-tax value: 66664.85,S&P 500 after-tax value: 3320091.84
2059,cash value: 1000,S&P 500 non-retirement value: 3255844.47,tax-exempt bonds value: 14174.91,S&P 500 pre-tax value: 70278.49,S&P 500 after-tax value: 3671484.19
2060,cash value: 1000,S&P 500 non-retirement value: 3414472.92,tax-exempt bonds value: 14926.58,S&P 500 pre-tax value: 72694.36,S&P 500 after-tax value: 4008294.3
2061,cash value: 1000,S&P 500 non-retirement value: 3655301.48,tax-exempt bonds value: 15913.06,S&P 500 pre-tax value: 71439.84,S&P 500 after-tax value: 4467590.69
2062,cash value: 1000,S&P 500 non-retirement value: 3774952.99,tax-exempt bonds value: 16289.7,S&P 500 pre-tax value: 70836.32,S&P 500 after-tax value: 4804485.62
2063,cash value: 1000,S&P 500 non-retirement value: 3873921.32,tax-exempt bonds value: 16760.36,S&P 500 pre-tax value: 69665.76,S&P 500 after-tax value: 5135198.03
2064,cash value: 1000,S&P 500 non-retirement value: 4116168.38,tax-exempt bonds value: 17710.91,S&P 500 pre-tax value: 70869.73,S&P 500 after-tax value: 5684232.53
2065,cash value: 1000,S&P 500 non-retirement value: 4298560.06,tax-exempt bonds value: 18089.2,S&P 500 pre-tax value: 71274.25,S&P 500 after-tax value: 6185732.76
year,investments
2026,cash value: 1000,S&P 500 non-retirement value: 139087.27,tax-exempt bonds value: 2142.28,S&P 500 pre-tax value: 10370.61,S&P 500 after-tax value: 34771.82
2027,cash value: 1000,S&P 500 non-retirement value: 192664,tax-exempt bonds value: 2254.73,S&P 500 pre-tax value: 11155.08,S&P 500 after-tax value: 51214.48
2028,cash value: 1000,S&P 500 non-retirement value: 248231.47,tax-exempt bonds value: 2399.44,S&P 500 pre-tax value: 11698.41,S&P 500 after-tax value: 70014
2029,cash value: 1000,S&P 500 non-retirement value: 299273.5,tax-exempt bonds value: 2561.67,S&P 500 pre-tax value: 12498.55,S&P 500 after-tax value: 89393.38
2030,cash value: 1000,S&P 500 non-retirement value: 358762.37,tax-exempt bonds value: 2823.08,S&P 500 pre-tax value: 13180.46,S&P 500 after-tax value: 113293.38
2031,cash value: 1000,S&P 500 non-retirement value: 424424.19,tax-exempt bonds value: 2950.28,S&P 500 pre-tax value: 14138.35,S&P 500 after-tax value: 141474.73
2032,cash value: 1000,S&P 500 non-retirement value: 491457.98,tax-exempt bonds value: 3177.33,S&P 500 pre-tax value: 14586.63,S&P 500 after-tax value: 172674.42
2033,cash value: 1000,S&P 500 non-retirement value: 558074.93,tax-exempt bonds value: 3413.04,S&P 500 pre-tax value: 15966.9,S&P 500 after-tax value: 206411.28
2034,cash value: 1000,S&P 500 non-retirement value: 629735.5,tax-exempt bonds value: 3692.01,S&P 500 pre-tax value: 17356.08,S&P 500 after-tax value: 244897.14
2035,cash value: 1000,S&P 500 non-retirement value: 702279.49,tax-exempt bonds value: 3917.62,S&P 500 pre-tax value: 18509.62,S&P 500 after-tax value: 286846.55
2036,cash value: 1000,S&P 500 non-retirement value: 783386.7,tax-exempt bonds value: 4270.12,S&P 500 pre-tax value: 19749.66,S&P 500 after-tax value: 335737.16
2037,cash value: 1000,S&P 500 non-retirement value: 873124.71,tax-exempt bonds value: 4587.41,S&P 500 pre-tax value: 20762.43,S&P 500 after-tax value: 392273.42
2038,cash value: 1000,S&P 500 non-retirement value: 966365.07,tax-exempt bonds value: 4860.72,S&P 500 pre-tax value: 22482.25,S&P 500 after-tax value: 454760.03
2039,cash value: 1000,S&P 500 non-retirement value: 1044459.41,tax-exempt bonds value: 5184.75,S&P 500 pre-tax value: 23666.32,S&P 500 after-tax value: 514435.23
2040,cash value: 1000,S&P 500 non-retirement value: 1134865.05,tax-exempt bonds value: 5657.39,S&P 500 pre-tax value: 24763.78,S&P 500 after-tax value: 584627.45
2041,cash value: 1000,S&P 500 non-retirement value: 1238657.48,tax-exempt bonds value: 5908.9,S&P 500 pre-tax value: 25419.14,S&P 500 after-tax value: 666969.41
2042,cash value: 1000,S&P 500 non-retirement value: 1331359.86,tax-exempt bonds value: 6259.14,S&P 500 pre-tax value: 26641.84,S&P 500 after-tax value: 748889.92
2043,cash value: 1000,S&P 500 non-retirement value: 1444009,tax-exempt bonds value: 6557.02,S&P 500 pre-tax value: 28260.29,S&P 500 after-tax value: 848068.78
2044,cash value: 1000,S&P 500 non-retirement value: 1564945.91,tax-exempt bonds value: 6688.37,S&P 500 pre-tax value: 29529.19,S&P 500 after-tax value: 959160.4
2045,cash value: 1000,S&P 500 non-retirement value: 1699605.43,tax-exempt bonds value: 6891.5,S&P 500 pre-tax value: 30725.23,S&P 500 after-tax value: 1086632.98
2046,cash value: 1000,S&P 500 non-retirement value: 1784139.72,tax-exempt bonds value: 7307.6,S&P 500 pre-tax value: 31499.48,S&P 500 after-tax value: 1189426.48
2047,cash value: 1000,S&P 500 non-retirement value: 1898524.9,tax-exempt bonds value: 7675.87,S&P 500 pre-tax value: 33657.93,S&P 500 after-tax value: 1319313.91
2048,cash value: 1000,S&P 500 non-retirement value: 2057524.3,tax-exempt bonds value: 8227.07,S&P 500 pre-tax value: 34476.16,S&P 500 after-tax value: 1489931.39
2049,cash value: 1000,S&P 500 non-retirement value: 2170855.61,tax-exempt bonds value: 8498.54,S&P 500 pre-tax value: 36774.27,S&P 500 after-tax value: 1637663.01
2050,cash value: 1000,S&P 500 non-retirement value: 2304095.82,tax-exempt bonds value: 8942.31,S&P 500 pre-tax value: 37735.77,S&P 500 after-tax value: 1810361
2051,cash value: 1000,S&P 500 non-retirement value: 2422031.31,tax-exempt bonds value: 9301.74,S&P 500 pre-tax value: 38793.82,S&P 500 after-tax value: 1981661.98
2052,cash value: 1000,S&P 500 non-retirement value: 2581687.78,tax-exempt bonds value: 9930.49,S&P 500 pre-tax value: 40024.89,S&P 500 after-tax value: 2199215.52
2053,cash value: 1000,S&P 500 non-retirement value: 2641580.1,tax-exempt bonds value: 10245.58,S&P 500 pre-tax value: 42213.72,S&P 500 after-tax value: 2342533.3
2054,cash value: 1000,S&P 500 non-retirement value: 2825936.91,tax-exempt bonds value: 10774.21,S&P 500 pre-tax value: 45297.7,S&P 500 after-tax value: 2608557.15
2055,cash value: 1000,S&P 500 non-retirement value: 3014486.64,tax-exempt bonds value: 11417,S&P 500 pre-tax value: 47459.19,S&P 500 after-tax value: 2896271.47
2056,cash value: 1000,S&P 500 non-retirement value: 3205617.57,tax-exempt bonds value: 12046.04,S&P 500 pre-tax value: 50305.15,S&P 500 after-tax value: 3205617.57
2057,cash value: 1000,S&P 500 non-retirement value: 3410237.51,tax-exempt bonds value: 12527.7,S&P 500 pre-tax value: 54377.9,S&P 500 after-tax value: 3549430.87
2058,cash value: 1000,S&P 500 non-retirement value: 3562240.71,tax-exempt bonds value: 13455.59,S&P 500 pre-tax value: 59474.68,S&P 500 after-tax value: 3859094.1
2059,cash value: 1000,S&P 500 non-retirement value: 3669765.06,tax-exempt bonds value: 14062.8,S&P 500 pre-tax value: 63589.57,S&P 500 after-tax value: 4138245.7
2060,cash value: 1000,S&P 500 non-retirement value: 3803550.47,tax-exempt bonds value: 14767.57,S&P 500 pre-tax value: 63684.28,S&P 500 after-tax value: 4465037.5
2061,cash value: 1000,S&P 500 non-retirement value: 4021888.82,tax-exempt bonds value: 15066.13,S&P 500 pre-tax value: 64071.72,S&P 500 after-tax value: 4915641.89
2062,cash value: 1000,S&P 500 non-retirement value: 4165939.02,tax-exempt bonds value: 16106.78,S&P 500 pre-tax value: 63863.13,S&P 500 after-tax value: 5302104.21
2063,cash value: 1000,S&P 500 non-retirement value: 4383577.24,tax-exempt bonds value: 16668.53,S&P 500 pre-tax value: 63579.03,S&P 500 after-tax value: 5810788.43
2064,cash value: 1000,S&P 500 non-retirement value: 4480825.06,tax-exempt bonds value: 18711.6,S&P 500 pre-tax value: 63806.04,S&P 500 after-tax value: 6187806.03
2065,cash value: 1000,S&P 500 non-retirement value: 4654155.34,tax-exempt bonds value: 19850.34,S&P 500 pre-tax value: 65173.73,S&P 500 after-tax value: 6697443.06
year,investments
2026,cash value: 1000,S&P 500 non-retirement value: 140260.04,tax-exempt bonds value: 2137.71,S&P 500 pre-tax value: 10725.83,S&P 500 after-tax value: 35065.01
2027,cash value: 1000,S&P 500 non-retirement value: 196595.59,tax-exempt bonds value: 2318.75,S&P 500 pre-tax value: 11168.38,S&P 500 after-tax value: 52259.59
2028,cash value: 1000,S&P 500 non-retirement value: 249611.9,tax-exempt bonds value: 2525.81,S&P 500 pre-tax value: 11575.09,S&P 500 after-tax value: 70403.36
2029,cash value: 1000,S&P 500 non-retirement value: 308170.17,tax-exempt bonds value: 2713.98,S&P 500 pre-tax value: 12337.59,S&P 500 after-tax value: 92050.83
2030,cash value: 1000,S&P 500 non-retirement value: 368505.92,tax-exempt bonds value: 2938.72,S&P 500 pre-tax value: 12953.75,S&P 500 after-tax value: 116370.29
2031,cash value: 1000,S&P 500 non-retirement value: 436711.27,tax-exempt bonds value: 3143.96,S&P 500 pre-tax value: 13341.93,S&P 500 after-tax value: 145570.42
2032,cash value: 1000,S&P 500 non-retirement value: 497736.85,tax-exempt bonds value: 3329.85,S&P 500 pre-tax value: 13890.62,S&P 500 after-tax value: 174880.51
2033,cash value: 1000,S&P 500 non-retirement value: 580119.18,tax-exempt bonds value: 3623.47,S&P 500 pre-tax value: 14713.49,S&P 500 after-tax value: 214564.63
2034,cash value: 1000,S&P 500 non-retirement value: 649618.93,tax-exempt bonds value: 3805.11,S&P 500 pre-tax value: 15744.86,S&P 500 after-tax value: 252629.59
2035,cash value: 1000,S&P 500 non-retirement value: 734530.85,tax-exempt bonds value: 4086.86,S&P 500 pre-tax value: 16813.01,S&P 500 after-tax value: 300019.64
2036,cash value: 1000,S&P 500 non-retirement value: 837243.1,tax-exempt bonds value: 4348.98,S&P 500 pre-tax value: 17306.7,S&P 500 after-tax value: 358818.47
2037,cash value: 1000,S&P 500 non-retirement value: 934674.5,tax-exempt bonds value: 4542.72,S&P 500 pre-tax value: 18243.42,S&P 500 after-tax value: 419926.22
2038,cash value: 1000,S&P 500 non-retirement value: 1000919.28,tax-exempt bonds value: 4747.02,S&P 500 pre-tax value: 18621.05,S&P 500 after-tax value: 471020.84
2039,cash value: 1000,S&P 500 non-retirement value: 1093017.42,tax-exempt bonds value: 5035.47,S&P 500 pre-tax value: 19528.35,S&P 500 after-tax value: 538351.86
2040,cash value: 1000,S&P 500 non-retirement value: 1194005.11,tax-exempt bonds value: 5182.74,S&P 500 pre-tax value: 20394,S&P 500 after-tax value: 615093.54
2041,cash value: 1000,S&P 500 non-retirement value: 1285512.22,tax-exempt bonds value: 5435.55,S&P 500 pre-tax value: 21604.23,S&P 500 after-tax value: 692198.89
2042,cash value: 1000,S&P 500 non-retirement value: 1355305.79,tax-exempt bonds value: 5800.49,S&P 500 pre-tax value: 23005.9,S&P 500 after-tax value: 762359.5
2043,cash value: 1000,S&P 500 non-retirement value: 1445203.95,tax-exempt bonds value: 6252.08,S&P 500 pre-tax value: 23626.42,S&P 500 after-tax value: 848770.57
2044,cash value: 1000,S&P 500 non-retirement value: 1538348.67,tax-exempt bonds value: 6525.18,S&P 500 pre-tax value: 25228.39,S&P 500 after-tax value: 942858.86
2045,cash value: 1000,S&P 500 non-retirement value: 1642343.94,tax-exempt bonds value: 6707.62,S&P 500 pre-tax value: 27124.12,S&P 500 after-tax value: 1050023.17
2046,cash value: 1000,S&P 500 non-retirement value: 1738534.61,tax-exempt bonds value: 6973.66,S&P 500 pre-tax value: 28949.15,S&P 500 after-tax value: 1159023.08
2047,cash value: 1000,S&P 500 non-retirement value: 1823143.72,tax-exempt bonds value: 7494.26,S&P 500 pre-tax value: 30864.19,S&P 500 after-tax value: 1266930.38
2048,cash value: 1000,S&P 500 non-retirement value: 1954192.65,tax-exempt bonds value: 8074.23,S&P 500 pre-tax value: 32152.27,S&P 500 after-tax value: 1415105.03
2049,cash value: 1000,S&P 500 non-retirement value: 2061978.65,tax-exempt bonds value: 8326.47,S&P 500 pre-tax value: 35341.14,S&P 500 after-tax value: 1555527.75
2050,cash value: 1000,S&P 500 non-retirement value: 2172938.04,tax-exempt bonds value: 8590.32,S&P 500 pre-tax value: 38364.69,S&P 500 after-tax value: 1707308.46
2051,cash value: 1000,S&P 500 non-retirement value: 2304617.09,tax-exempt bonds value: 9440.35,S&P 500 pre-tax value: 38945.6,S&P 500 after-tax value: 1885595.8
2052,cash value: 1000,S&P 500 non-retirement value: 2418766.43,tax-exempt bonds value: 9748.65,S&P 500 pre-tax value: 40553.4,S&P 500 after-tax value: 2060430.66
2053,cash value: 1000,S&P 500 non-retirement value: 2477610.27,tax-exempt bonds value: 10275.8,S&P 500 pre-tax value: 43928.09,S&P 500 after-tax value: 2197126.09
2054,cash value: 1000,S&P 500 non-retirement value: 2611718.03,tax-exempt bonds value: 10452.6,S&P 500 pre-tax value: 46219.36,S&P 500 after-tax value: 2410816.64
2055,cash value: 1000,S&P 500 non-retirement value: 2730397.91,tax-exempt bonds value: 11269.07,S&P 500 pre-tax value: 49772.73,S&P 500 after-tax value: 2623323.48
2056,cash value: 1000,S&P 500 non-retirement value: 2829886.91,tax-exempt bonds value: 12135.73,S&P 500 pre-tax value: 53098.59,S&P 500 after-tax value: 2829886.91
2057,cash value: 1000,S&P 500 non-retirement value: 2919228.38,tax-exempt bonds value: 12667.89,S&P 500 pre-tax value: 55686.97,S&P 500 after-tax value: 3038380.56
2058,cash value: 1000,S&P 500 non-retirement value: 3034853.55,tax-exempt bonds value: 13577.75,S&P 500 pre-tax value: 58929.33,S&P 500 after-tax value: 3287758.01
2059,cash value: 1000,S&P 500 non-retirement value: 3196629.13,tax-exempt bonds value: 14382.62,S&P 500 pre-tax value: 61921.95,S&P 500 after-tax value: 3604709.45
2060,cash value: 1000,S&P 500 non-retirement value: 3365581.15,tax-exempt bonds value: 15613.42,S&P 500 pre-tax value: 63530.78,S&P 500 after-tax value: 3950899.61
2061,cash value: 1000,S&P 500 non-retirement value: 3505753.47,tax-exempt bonds value: 16743.93,S&P 500 pre-tax value: 65678.4,S&P 500 after-tax value: 4284809.8
2062,cash value: 1000,S&P 500 non-retirement value: 3659351.89,tax-exempt bonds value: 16906.72,S&P 500 pre-tax value: 65985.38,S&P 500 after-tax value: 4657356.95
2063,cash value: 1000,S&P 500 non-retirement value: 3911759.33,tax-exempt bonds value: 17957.68,S&P 500 pre-tax value: 66909.91,S&P 500 after-tax value: 5185355.4
2064,cash value: 1000,S&P 500 non-retirement value: 4080916.32,tax-exempt bonds value: 19428.94,S&P 500 pre-tax value: 66684.97,S&P 500 after-tax value: 5635551.1
2065,cash value: 1000,S&P 500 non-retirement value: 4314318.46,tax-exempt bonds value: 20564.35,S&P 500 pre-tax value: 67751.17,S&P 500 after-tax value: 6208409.49
year,investments
2026,cash value: 1000,S&P 500 non-retirement value: 138418.14,tax-exempt bonds value: 2117.96,S&P 500 pre-tax value: 10520.73,S&P 500 after-tax value: 34604.54
2027,cash value: 1000,S&P 500 non-retirement value: 189224.68,tax-exempt bonds value: 2202.81,S&P 500 pre-tax value: 11197.29,S&P 500 after-tax value: 50300.23
2028,cash value: 1000,S&P 500 non-retirement value: 246697.63,tax-exempt bonds value: 2285.92,S&P 500 pre-tax value: 11856.14,S&P 500 after-tax value: 69581.38
2029,cash value: 1000,S&P 500 non-retirement value: 302243.84,tax-exempt bonds value: 2380.41,S&P 500 pre-tax value: 12765.82,S&P 500 after-tax value: 90280.63
2030,cash value: 1000,S&P 500 non-retirement value: 359821.07,tax-exempt bonds value: 2579.51,S&P 500 pre-tax value: 13591.51,S&P 500 after-tax value: 113627.71
2031,cash value: 1000,S&P 500 non-retirement value: 418460.68,tax-exempt bonds value: 2695.02,S&P 500 pre-tax value: 14174.68,S&P 500 after-tax value: 139486.89
2032,cash value: 1000,S&P 500 non-retirement value: 493889.95,tax-exempt bonds value: 2845.4,S&P 500 pre-tax value: 14897.49,S&P 500 after-tax value: 173528.9
2033,cash value: 1000,S&P 500 non-retirement value: 560234.83,tax-exempt bonds value: 3027.12,S&P 500 pre-tax value: 15750.73,S&P 500 after-tax value: 207210.14
2034,cash value: 1000,S&P 500 non-retirement value: 635064.22,tax-exempt bonds value: 3165.95,S&P 500 pre-tax value: 16533.94,S&P 500 after-tax value: 246969.42
2035,cash value: 1000,S&P 500 non-retirement value: 712590.93,tax-exempt bonds value: 3330.54,S&P 500 pre-tax value: 17551.56,S&P 500 after-tax value: 291058.27
2036,cash value: 1000,S&P 500 non-retirement value: 770924.31,tax-exempt bonds value: 3457.3,S&P 500 pre-tax value: 18387.43,S&P 500 after-tax value: 330396.13
2037,cash value: 1000,S&P 500 non-retirement value: 854482.99,tax-exempt bonds value: 3671.2,S&P 500 pre-tax value: 19071.87,S&P 500 after-tax value: 383898.16
2038,cash value: 1000,S&P 500 non-retirement value: 924601.26,tax-exempt bonds value: 3893.79,S&P 500 pre-tax value: 19948.19,S&P 500 after-tax value: 435106.48
2039,cash value: 1000,S&P 500 non-retirement value: 1016072.21,tax-exempt bonds value: 4045.13,S&P 500 pre-tax value: 21257.51,S&P 500 after-tax value: 500453.48
2040,cash value: 1000,S&P 500 non-retirement value: 1119705.71,tax-exempt bonds value: 4327.65,S&P 500 pre-tax value: 22292.71,S&P 500 after-tax value: 576818.09
2041,cash value: 1000,S&P 500 non-retirement value: 1209112.61,tax-exempt bonds value: 4578.51,S&P 500 pre-tax value: 23386.61,S&P 500 after-tax value: 651060.64
2042,cash value: 1000,S&P 500 non-retirement value: 1311679.45,tax-exempt bonds value: 4964.62,S&P 500 pre-tax value: 24044.16,S&P 500 after-tax value: 737819.69
2043,cash value: 1000,S&P 500 non-retirement value: 1374372.66,tax-exempt bonds value: 5272,S&P 500 pre-tax value: 25038.99,S&P 500 after-tax value: 807171.25
2044,cash value: 1000,S&P 500 non-retirement value: 1471517.92,tax-exempt bonds value: 5575.65,S&P 500 pre-tax value: 26047.79,S&P 500 after-tax value: 901898.08
2045,cash value: 1000,S&P 500 non-retirement value: 1550802.26,tax-exempt bonds value: 5907.92,S&P 500 pre-tax value: 28121.23,S&P 500 after-tax value: 991496.53
2046,cash value: 1000,S&P 500 non-retirement value: 1630788.91,tax-exempt bonds value: 6118.64,S&P 500 pre-tax value: 29309.42,S&P 500 after-tax value: 1087192.61
2047,cash value: 1000,S&P 500 non-retirement value: 1704743.64,tax-exempt bonds value: 6392.83,S&P 500 pre-tax value: 31388.43,S&P 500 after-tax value: 1184652.36
2048,cash value: 1000,S&P 500 non-retirement value: 1850001.72,tax-exempt bonds value: 6752.74,S&P 500 pre-tax value: 34200.88,S&P 500 after-tax value: 1339656.42
2049,cash value: 1000,S&P 500 non-retirement value: 1990422.36,tax-exempt bonds value: 7143.63,S&P 500 pre-tax value: 36716.65,S&P 500 after-tax value: 1501546.69
2050,cash value: 1000,S&P 500 non-retirement value: 2104146.91,tax-exempt bonds value: 7528.3,S&P 500 pre-tax value: 39229.95,S&P 500 after-tax value: 1653258.29
2051,cash value: 1000,S&P 500 non-retirement value: 2236890.67,tax-exempt bonds value: 8023.13,S&P 500 pre-tax value: 41044.93,S&P 500 after-tax value: 1830183.28
2052,cash value: 1000,S&P 500 non-retirement value: 2324312.06,tax-exempt bonds value: 8576.67,S&P 500 pre-tax value: 42856.11,S&P 500 after-tax value: 1979969.53
2053,cash value: 1000,S&P 500 non-retirement value: 2480150.78,tax-exempt bonds value: 9228.32,S&P 500 pre-tax value: 45891.41,S&P 500 after-tax value: 2199379
2054,cash value: 1000,S&P 500 non-retirement value: 2636179.24,tax-exempt bonds value: 9748.98,S&P 500 pre-tax value: 47971.57,S&P 500 after-tax value: 2433396.22
2055,cash value: 1000,S&P 500 non-retirement value: 2758122.93,tax-exempt bonds value: 10173.87,S&P 500 pre-tax value: 51800.29,S&P 500 after-tax value: 2649961.24
2056,cash value: 1000,S&P 500 non-retirement value: 2923251.23,tax-exempt bonds value: 11186.37,S&P 500 pre-tax value: 54995.11,S&P 500 after-tax value: 2923251.23
2057,cash value: 1000,S&P 500 non-retirement value: 3000687.03,tax-exempt bonds value: 12125.01,S&P 500 pre-tax value: 57636.44,S&P 500 after-tax value: 3123164.05
2058,cash value: 1000,S&P 500 non-retirement value: 3186108.7,tax-exempt bonds value: 12444.36,S&P 500 pre-tax value: 60182.18,S&P 500 after-tax value: 3451617.75
2059,cash value: 1000,S&P 500 non-retirement value: 3298425.79,tax-exempt bonds value: 13078.18,S&P 500 pre-tax value: 64621.52,S&P 500 after-tax value: 3719501.42
2060,cash value: 1000,S&P 500 non-retirement value: 3377743.03,tax-exempt bonds value: 13474.15,S&P 500 pre-tax value: 65431.98,S&P 500 after-tax value: 3965176.6
2061,cash value: 1000,S&P 500 non-retirement value: 3564100.93,tax-exempt bonds value: 14532.78,S&P 500 pre-tax value: 66981.27,S&P 500 after-tax value: 4356123.36
2062,cash value: 1000,S&P 500 non-retirement value: 3712236.81,tax-exempt bonds value: 15633.19,S&P 500 pre-tax value: 69734.35,S&P 500 after-tax value: 4724665.02
2063,cash value: 1000,S&P 500 non-retirement value: 3823396.81,tax-exempt bonds value: 17157.87,S&P 500 pre-tax value: 70945.96,S&P 500 after-tax value: 5068223.68
2064,cash value: 1000,S&P 500 non-retirement value: 3960848.15,tax-exempt bonds value: 17968.95,S&P 500 pre-tax value: 70976.85,S&P 500 after-tax value: 5469742.68
2065,cash value: 1000,S&P 500 non-retirement value: 4127354.88,tax-exempt bonds value: 19892.39,S&P 500 pre-tax value: 72559.29,S&P 500 after-tax value: 5939364.34
year,investments
2026,cash value: 1000,S&P 500 non-retirement value: 140667.15,tax-exempt bonds value: 2133.28,S&P 500 pre-tax value: 11042.55,S&P 500 after-tax value: 35166.79
2027,cash value: 1000,S&P 500 non-retirement value: 193829.29,tax-exempt bonds value: 2259.64,S&P 500 pre-tax value: 11347.31,S&P 500 after-tax value: 51524.24
2028,cash value: 1000,S&P 500 non-retirement value: 250101.55,tax-exempt bonds value: 2396.14,S&P 500 pre-tax value: 11679.93,S&P 500 after-tax value: 70541.46
2029,cash value: 1000,S&P 500 non-retirement value: 304296.99,tax-exempt bonds value: 2431.93,S&P 500 pre-tax value: 12388.73,S&P 500 after-tax value: 90893.91
2030,cash value: 1000,S&P 500 non-retirement value: 368597.06,tax-exempt bonds value: 2594.49,S&P 500 pre-tax value: 13171.49,S&P 500 after-tax value: 116399.07
2031,cash value: 1000,S&P 500 non-retirement value: 436185.57,tax-exempt bonds value: 2800.12,S&P 500 pre-tax value: 13747.85,S&P 500 after-tax value: 145395.19
2032,cash value: 1000,S&P 500 non-retirement value: 494878.16,tax-exempt bonds value: 3002.68,S&P 500 pre-tax value: 14520.6,S&P 500 after-tax value: 173876.11
2033,cash value: 1000,S&P 500 non-retirement value: 553123.21,tax-exempt bonds value: 3038.21,S&P 500 pre-tax value: 15309.23,S&P 500 after-tax value: 204579.82
2034,cash value: 1000,S&P 500 non-retirement value: 616054.44,tax-exempt bonds value: 3228.12,S&P 500 pre-tax value: 16156.38,S&P 500 after-tax value: 239576.73
2035,cash value: 1000,S&P 500 non-retirement value: 692583.46,tax-exempt bonds value: 3402.37,S&P 500 pre-tax value: 17052.59,S&P 500 after-tax value: 282886.2
2036,cash value: 1000,S&P 500 non-retirement value: 781975.78,tax-exempt bonds value: 3751.77,S&P 500 pre-tax value: 18393.29,S&P 500 after-tax value: 335132.48
2037,cash value: 1000,S&P 500 non-retirement value: 843067.21,tax-exempt bonds value: 4074.85,S&P 500 pre-tax value: 19732.57,S&P 500 after-tax value: 378769.33
2038,cash value: 1000,S&P 500 non-retirement value: 926111.01,tax-exempt bonds value: 4156.18,S&P 500 pre-tax value: 21153.35,S&P 500 after-tax value: 435816.95
2039,cash value: 1000,S&P 500 non-retirement value: 997929.42,tax-exempt bonds value: 4447.73,S&P 500 pre-tax value: 22176.92,S&P 500 after-tax value: 491517.48
2040,cash value: 1000,S&P 500 non-retirement value: 1079902,tax-exempt bonds value: 4659.44,S&P 500 pre-tax value: 24165.96,S&P 500 after-tax value: 556313.15
2041,cash value: 1000,S&P 500 non-retirement value: 1167205.21,tax-exempt bonds value: 5010.58,S&P 500 pre-tax value: 24847.45,S&P 500 after-tax value: 628495.11
2042,cash value: 1000,S&P 500 non-retirement value: 1234070.07,tax-exempt bonds value: 5318.68,S&P 500 pre-tax value: 27055.18,S&P 500 after-tax value: 694164.41
2043,cash value: 1000,S&P 500 non-retirement value: 1336156.06,tax-exempt bonds value: 5764.82,S&P 500 pre-tax value: 28811.96,S&P 500 after-tax value: 784726.58
2044,cash value: 1000,S&P 500 non-retirement value: 1437799.1,tax-exempt bonds value: 5969.57,S&P 500 pre-tax value: 31758.91,S&P 500 after-tax value: 881231.71
2045,cash value: 1000,S&P 500 non-retirement value: 1556894.61,tax-exempt bonds value: 6224.31,S&P 500 pre-tax value: 33743.29,S&P 500 after-tax value: 995391.64
2046,cash value: 1000,S&P 500 non-retirement value: 1650636.05,tax-exempt bonds value: 6492.71,S&P 500 pre-tax value: 35749.31,S&P 500 after-tax value: 1100424.03
2047,cash value: 1000,S&P 500 non-retirement value: 1794167.5,tax-exempt bonds value: 6851.25,S&P 500 pre-tax value: 37922.79,S&P 500 after-tax value: 1246794.37
2048,cash value: 1000,S&P 500 non-retirement value: 1902505.23,tax-exempt bonds value: 7047.79,S&P 500 pre-tax value: 40733,S&P 500 after-tax value: 1377676.2
2049,cash value: 1000,S&P 500 non-retirement value: 2042169.4,tax-exempt bonds value: 7666.79,S&P 500 pre-tax value: 42928.22,S&P 500 after-tax value: 1540583.93
2050,cash value: 1000,S&P 500 non-retirement value: 2215957.76,tax-exempt bonds value: 8466.96,S&P 500 pre-tax value: 46699.97,S&P 500 after-tax value: 1741109.67
2051,cash value: 1000,S&P 500 non-retirement value: 2367473.18,tax-exempt bonds value: 9147.33,S&P 500 pre-tax value: 49663.72,S&P 500 after-tax value: 1937023.51
2052,cash value: 1000,S&P 500 non-retirement value: 2485089.8,tax-exempt bonds value: 9873,S&P 500 pre-tax value: 53768.11,S&P 500 after-tax value: 2116928.35
2053,cash value: 1000,S&P 500 non-retirement value: 2670225.46,tax-exempt bonds value: 10289.8,S&P 500 pre-tax value: 56505.77,S&P 500 after-tax value: 2367935.78
2054,cash value: 1000,S&P 500 non-retirement value: 2780070.07,tax-exempt bonds value: 10642.17,S&P 500 pre-tax value: 60299.73,S&P 500 after-tax value: 2566218.52
2055,cash value: 1000,S&P 500 non-retirement value: 2872427.18,tax-exempt bonds value: 11328.58,S&P 500 pre-tax value: 63083.38,S&P 500 after-tax value: 2759782.97
2056,cash value: 1000,S&P 500 non-retirement value: 3069679.43,tax-exempt bonds value: 12027.12,S&P 500 pre-tax value: 64980.31,S&P 500 after-tax value: 3069679.43
2057,cash value: 1000,S&P 500 non-retirement value: 3212102.27,tax-exempt bonds value: 12391.9,S&P 500 pre-tax value: 68308.81,S&P 500 after-tax value: 3343208.49
2058,cash value: 1000,S&P 500 non-retirement value: 3389355.66,tax-exempt bonds value: 12933.97,S&P 500 pre-tax value: 76366.7,S&P 500 after-tax value: 3671801.96
2059,cash value: 1000,S&P 500 non-retirement value: 3601791.88,tax-exempt bonds value: 13583.2,S&P 500 pre-tax value: 83186.36,S&P 500 after-tax value: 4061595.1
2060,cash value: 1000,S&P 500 non-retirement value: 3817969.29,tax-exempt bonds value: 14513.97,S&P 500 pre-tax value: 85364.51,S&P 500 after-tax value: 4481963.95
2061,cash value: 1000,S&P 500 non-retirement value: 4001525.34,tax-exempt bonds value: 15585,S&P 500 pre-tax value: 86050.56,S&P 500 after-tax value: 4890753.19
2062,cash value: 1000,S&P 500 non-retirement value: 4113525.83,tax-exempt bonds value: 15903.93,S&P 500 pre-tax value: 89071.66,S&P 500 after-tax value: 5235396.52
2063,cash value: 1000,S&P 500 non-retirement value: 4301846.6,tax-exempt bonds value: 16662.8,S&P 500 pre-tax value: 90730.7,S&P 500 after-tax value: 5702447.82
2064,cash value: 1000,S&P 500 non-retirement value: 4569154.93,tax-exempt bonds value: 17300.35,S&P 500 pre-tax value: 92933.23,S&P 500 after-tax value: 6309785.37
2065,cash value: 1000,S&P 500 non-retirement value: 4675184.64,tax-exempt bonds value: 18094.83,S&P 500 pre-tax value: 92514.37,S&P 500 after-tax value: 6727704.72
year,investments
2026,cash value: 1000,S&P 500 non-retirement value: 140213.84,tax-exempt bonds value: 2125.66,S&P 500 pre-tax value: 10690.83,S&P 500 after-tax value: 35053.46
2027,cash value: 1000,S&P 500 non-retirement value: 191618.07,tax-exempt bonds value: 2272.21,S&P 500 pre-tax value: 11333.52,S&P 500 after-tax value: 50936.45
2028,cash value: 1000,S&P 500 non-retirement value: 245174.53,tax-exempt bonds value: 2380.52,S&P 500 pre-tax value: 11517.83,S&P 500 after-tax value: 69151.79
2029,cash value: 1000,S&P 500 non-retirement value: 297031.57,tax-exempt bonds value: 2424.55,S&P 500 pre-tax value: 12161.46,S&P 500 after-tax value: 88723.72
2030,cash value: 1000,S&P 500 non-retirement value: 352082.9,tax-exempt bonds value: 2509,S&P 500 pre-tax value: 13026.95,S&P 500 after-tax value: 111184.07
2031,cash value: 1000,S&P 500 non-retirement value: 424227.03,tax-exempt bonds value: 2707.57,S&P 500 pre-tax value: 13878.07,S&P 500 after-tax value: 141409.01
2032,cash value: 1000,S&P 500 non-retirement value: 487508.42,tax-exempt bonds value: 2813.28,S&P 500 pre-tax value: 14118.54,S&P 500 after-tax value: 171286.74
2033,cash value: 1000,S&P 500 non-retirement value: 558007.74,tax-exempt bonds value: 2917.72,S&P 500 pre-tax value: 14765.86,S&P 500 after-tax value: 206386.43
2034,cash value: 1000,S&P 500 non-retirement value: 622295.22,tax-exempt bonds value: 3155.56,S&P 500 pre-tax value: 15993.04,S&P 500 after-tax value: 242003.7
2035,cash value: 1000,S&P 500 non-retirement value: 689108.08,tax-exempt bonds value: 3302.18,S&P 500 pre-tax value: 17232.51,S&P 500 after-tax value: 281466.68
2036,cash value: 1000,S&P 500 non-retirement value: 771058.07,tax-exempt bonds value: 3523.95,S&P 500 pre-tax value: 18251.92,S&P 500 after-tax value: 330453.46
2037,cash value: 1000,S&P 500 non-retirement value: 847447.37,tax-exempt bonds value: 3789.29,S&P 500 pre-tax value: 18292.08,S&P 500 after-tax value: 380737.22
2038,cash value: 1000,S&P 500 non-retirement value: 941585.4,tax-exempt bonds value: 3958.94,S&P 500 pre-tax value: 18871.48,S&P 500 after-tax value: 443099.01
2039,cash value: 1000,S&P 500 non-retirement value: 1013349.25,tax-exempt bonds value: 3975.7,S&P 500 pre-tax value: 19923.72,S&P 500 after-tax value: 499112.32
2040,cash value: 1000,S&P 500 non-retirement value: 1104503.04,tax-exempt bonds value: 4191.17,S&P 500 pre-tax value: 21168.69,S&P 500 after-tax value: 568986.42
2041,cash value: 1000,S&P 500 non-retirement value: 1171241.02,tax-exempt bonds value: 4473.89,S&P 500 pre-tax value: 22918.3,S&P 500 after-tax value: 630668.24
2042,cash value: 1000,S&P 500 non-retirement value: 1233433.77,tax-exempt bonds value: 4739.21,S&P 500 pre-tax value: 24147.22,S&P 500 after-tax value: 693806.5
2043,cash value: 1000,S&P 500 non-retirement value: 1331820.73,tax-exempt bonds value: 5162.38,S&P 500 pre-tax value: 25924.56,S&P 500 after-tax value: 782180.43
2044,cash value: 1000,S&P 500 non-retirement value: 1444477.67,tax-exempt bonds value: 5284.79,S&P 500 pre-tax value: 27873.14,S&P 500 after-tax value: 885325.02
2045,cash value: 1000,S&P 500 non-retirement value: 1479146.73,tax-exempt bonds value: 5477.48,S&P 500 pre-tax value: 29542.37,S&P 500 after-tax value: 945683.98
2046,cash value: 1000,S&P 500 non-retirement value: 1563001.21,tax-exempt bonds value: 5832.84,S&P 500 pre-tax value: 31887.22,S&P 500 after-tax value: 1042000.81
2047,cash value: 1000,S&P 500 non-retirement value: 1666048.51,tax-exempt bonds value: 6275.28,S&P 500 pre-tax value: 34683.26,S&P 500 after-tax value: 1157762.53
2048,cash value: 1000,S&P 500 non-retirement value: 1776110.37,tax-exempt bonds value: 6820.41,S&P 500 pre-tax value: 36437.95,S&P 500 after-tax value: 1286148.89
2049,cash value: 1000,S&P 500 non-retirement value: 1901176.55,tax-exempt bonds value: 7455.41,S&P 500 pre-tax value: 39466.9,S&P 500 after-tax value: 1434220.91
2050,cash value: 1000,S&P 500 non-retirement value: 2025088.63,tax-exempt bonds value: 8129.23,S&P 500 pre-tax value: 42035.51,S&P 500 after-tax value: 1591141.07
2051,cash value: 1000,S&P 500 non-retirement value: 2155641.46,tax-exempt bonds value: 8700.54,S&P 500 pre-tax value: 45437.93,S&P 500 after-tax value: 1763706.65
2052,cash value: 1000,S&P 500 non-retirement value: 2320678.07,tax-exempt bonds value: 9324.57,S&P 500 pre-tax value: 48094.31,S&P 500 after-tax value: 1976873.91
2053,cash value: 1000,S&P 500 non-retirement value: 2470912.49,tax-exempt bonds value: 10117.89,S&P 500 pre-tax value: 52025.94,S&P 500 after-tax value: 2191186.55
2054,cash value: 1000,S&P 500 non-retirement value: 2604963.07,tax-exempt bonds value: 10696.61,S&P 500 pre-tax value: 55824.93,S&P 500 after-tax value: 2404581.3
2055,cash value: 1000,S&P 500 non-retirement value: 2831679.58,tax-exempt bonds value: 11300.71,S&P 500 pre-tax value: 60634.66,S&P 500 after-tax value: 2720633.32
2056,cash value: 1000,S&P 500 non-retirement value: 2940390.68,tax-exempt bonds value: 12186.44,S&P 500 pre-tax value: 65473.08,S&P 500 after-tax value: 2940390.68
2057,cash value: 1000,S&P 500 non-retirement value: 3110736.84,tax-exempt bonds value: 13039.37,S&P 500 pre-tax value: 69017.97,S&P 500 after-tax value: 3237705.69
2058,cash value: 1000,S&P 500 non-retirement value: 3239543.4,tax-exempt bonds value: 13752.12,S&P 500 pre-tax value: 73893.46,S&P 500 after-tax value: 3509505.35
2059,cash value: 1000,S&P 500 non-retirement value: 3310471.01,tax-exempt bonds value: 14887.39,S&P 500 pre-tax value: 78008.66,S&P 500 after-tax value: 3733084.34
2060,cash value: 1000,S&P 500 non-retirement value: 3423619.02,tax-exempt bonds value: 15956.62,S&P 500 pre-tax value: 77651.24,S&P 500 after-tax value: 4019031.02
2061,cash value: 1000,S&P 500 non-retirement value: 3554319.85,tax-exempt bonds value: 17407.9,S&P 500 pre-tax value: 76998.54,S&P 500 after-tax value: 4344168.7
2062,cash value: 1000,S&P 500 non-retirement value: 3750692.49,tax-exempt bonds value: 18288.31,S&P 500 pre-tax value: 80337.83,S&P 500 after-tax value: 4773608.62
2063,cash value: 1000,S&P 500 non-retirement value: 3975451.27,tax-exempt bonds value: 19583.07,S&P 500 pre-tax value: 83293.1,S&P 500 after-tax value: 5269784.24
2064,cash value: 1000,S&P 500 non-retirement value: 4216922.26,tax-exempt bonds value: 20714.33,S&P 500 pre-tax value: 84757.54,S&P 500 after-tax value: 5823368.84
2065,cash value: 1000,S&P 500 non-retirement value: 4353437.58,tax-exempt bonds value: 21985.75,S&P 500 pre-tax value: 87205.36,S&P 500 after-tax value: 6264702.86
year,investments
2026,cash value: 1000,S&P 500 non-retirement value: 145048.46,tax-exempt bonds value: 2111.35,S&P 500 pre-tax value: 10766.63,S&P 500 after-tax value: 36262.11
2027,cash value: 1000,S&P 500 non-retirement value: 200374.45,tax-exempt bonds value: 2181.13,S&P 500 pre-tax value: 11320.62,S&P 500 after-tax value: 53264.1
2028,cash value: 1000,S&P 500 non-retirement value: 251355.89,tax-exempt bonds value: 2356.72,S&P 500 pre-tax value: 11993.53,S&P 500 after-tax value: 70895.25
2029,cash value: 1000,S&P 500 non-retirement value: 310276.8,tax-exempt bonds value: 2494.43,S&P 500 pre-tax value: 12891.55,S&P 500 after-tax value: 92680.08
2030,cash value: 1000,S&P 500 non-retirement value: 373541.63,tax-exempt bonds value: 2599.42,S&P 500 pre-tax value: 13495.68,S&P 500 after-tax value: 117960.51
2031,cash value: 1000,S&P 500 non-retirement value: 436464.43,tax-exempt bonds value: 2863.62,S&P 500 pre-tax value: 14456.15,S&P 500 after-tax value: 145488.14
2032,cash value: 1000,S&P 500 non-retirement value: 500981.16,tax-exempt bonds value: 2940.58,S&P 500 pre-tax value: 15485.23,S&P 500 after-tax value: 176020.41
2033,cash value: 1000,S&P 500 non-retirement value: 578144.45,tax-exempt bonds value: 3164.02,S&P 500 pre-tax value: 16497.17,S&P 500 after-tax value: 213834.25
2034,cash value: 1000,S&P 500 non-retirement value: 648050.36,tax-exempt bonds value: 3316.96,S&P 500 pre-tax value: 17762.25,S&P 500 after-tax value: 252019.58
2035,cash value: 1000,S&P 500 non-retirement value: 710255.09,tax-exempt bonds value: 3491.42,S&P 500 pre-tax value: 18736.59,S&P 500 after-tax value: 290104.19
2036,cash value: 1000,S&P 500 non-retirement value: 782002.39,tax-exempt bonds value: 3655.45,S&P 500 pre-tax value: 19361.27,S&P 500 after-tax value: 335143.88
2037,cash value: 1000,S&P 500 non-retirement value: 883430.86,tax-exempt bonds value: 3874.75,S&P 500 pre-tax value: 20141.7,S&P 500 after-tax value: 396903.72
2038,cash value: 1000,S&P 500 non-retirement value: 966357.57,tax-exempt bonds value: 3973.64,S&P 500 pre-tax value: 21466.38,S&P 500 after-tax value: 454756.5
2039,cash value: 1000,S&P 500 non-retirement value: 1052530.37,tax-exempt bonds value: 4193.35,S&P 500 pre-tax value: 22523.86,S&P 500 after-tax value: 518410.48
2040,cash value: 1000,S&P 500 non-retirement value: 1117000.5,tax-exempt bonds value: 4508.99,S&P 500 pre-tax value: 24253.17,S&P 500 after-tax value: 575424.5
2041,cash value: 1000,S&P 500 non-retirement value: 1195725.73,tax-exempt bonds value: 4755.42,S&P 500 pre-tax value: 26007.17,S&P 500 after-tax value: 643852.31
2042,cash value: 1000,S&P 500 non-retirement value: 1309157.93,tax-exempt bonds value: 4926.97,S&P 500 pre-tax value: 27883.98,S&P 500 after-tax value: 736401.34
2043,cash value: 1000,S&P 500 non-retirement value: 1400144.85,tax-exempt bonds value: 5184.79,S&P 500 pre-tax value: 29904.86,S&P 500 after-tax value: 822307.29
2044,cash value: 1000,S&P 500 non-retirement value: 1491075.69,tax-exempt bonds value: 5502.67,S&P 500 pre-tax value: 32634.34,S&P 500 after-tax value: 913885.1
2045,cash value: 1000,S&P 500 non-retirement value: 1646281.24,tax-exempt bonds value: 5755.35,S&P 500 pre-tax value: 34093.18,S&P 500 after-tax value: 1052540.47
2046,cash value: 1000,S&P 500 non-retirement value: 1710538.55,tax-exempt bonds value: 6108.3,S&P 500 pre-tax value: 36379.77,S&P 500 after-tax value: 1140359.03
2047,cash value: 1000,S&P 500 non-retirement value: 1820905.59,tax-exempt bonds value: 6363.48,S&P 500 pre-tax value: 38649.94,S&P 500 after-tax value: 1265375.07
2048,cash value: 1000,S&P 500 non-retirement value: 1962530,tax-exempt bonds value: 6653.32,S&P 500 pre-tax value: 41612.91,S&P 500 after-tax value: 1421142.41
2049,cash value: 1000,S&P 500 non-retirement value: 2076581.32,tax-exempt bonds value: 7057.27,S&P 500 pre-tax value: 45074.52,S&P 500 after-tax value: 1566543.8
2050,cash value: 1000,S&P 500 non-retirement value: 2153594.43,tax-exempt bonds value: 7554.46,S&P 500 pre-tax value: 46542.26,S&P 500 after-tax value: 1692109.91
2051,cash value: 1000,S&P 500 non-retirement value: 2272056.04,tax-exempt bonds value: 8074.48,S&P 500 pre-tax value: 50196.93,S&P 500 after-tax value: 1858954.94
2052,cash value: 1000,S&P 500 non-retirement value: 2474533.41,tax-exempt bonds value: 8773.33,S&P 500 pre-tax value: 51717.39,S&P 500 after-tax value: 2107935.87
2053,cash value: 1000,S&P 500 non-retirement value: 2663887.46,tax-exempt bonds value: 9478.37,S&P 500 pre-tax value: 54629.47,S&P 500 after-tax value: 2362315.29
2054,cash value: 1000,S&P 500 non-retirement value: 2795888.49,tax-exempt bonds value: 10098.5,S&P 500 pre-tax value: 58155.13,S&P 500 after-tax value: 2580820.14
2055,cash value: 1000,S&P 500 non-retirement value: 2996194.14,tax-exempt bonds value: 10879.92,S&P 500 pre-tax value: 61122.85,S&P 500 after-tax value: 2878696.33
2056,cash value: 1000,S&P 500 non-retirement value: 3130915,tax-exempt bonds value: 11767,S&P 500 pre-tax value: 64303.56,S&P 500 after-tax value: 3130915
2057,cash value: 1000,S&P 500 non-retirement value: 3310145.48,tax-exempt bonds value: 12363.99,S&P 500 pre-tax value: 69587.57,S&P 500 after-tax value: 3445253.46
2058,cash value: 1000,S&P 500 non-retirement value: 3484522.44,tax-exempt bonds value: 13030.37,S&P 500 pre-tax value: 70796.8,S&P 500 after-tax value: 3774899.31
2059,cash value: 1000,S&P 500 non-retirement value: 3626392.06,tax-exempt bonds value: 13818.48,S&P 500 pre-tax value: 74762.75,S&P 500 after-tax value: 4089335.72
2060,cash value: 1000,S&P 500 non-retirement value: 3772953.44,tax-exempt bonds value: 14335.96,S&P 500 pre-tax value: 76784.68,S&P 500 after-tax value: 4429119.25
2061,cash value: 1000,S&P 500 non-retirement value: 3906375.53,tax-exempt bonds value: 15255.12,S&P 500 pre-tax value: 76747.44,S&P 500 after-tax value: 4774458.98
2062,cash value: 1000,S&P 500 non-retirement value: 3906169.11,tax-exempt bonds value: 15852.21,S&P 500 pre-tax value: 79585.31,S&P 500 after-tax value: 4971487.96
2063,cash value: 1000,S&P 500 non-retirement value: 4068405.93,tax-exempt bonds value: 16905.62,S&P 500 pre-tax value: 79778.36,S&P 500 after-tax value: 5393003.22
2064,cash value: 1000,S&P 500 non-retirement value: 4271701.77,tax-exempt bonds value: 17420.37,S&P 500 pre-tax value: 79254.21,S&P 500 after-tax value: 5899016.73
2065,cash value: 1000,S&P 500 non-retirement value: 4433418.26,tax-exempt bonds value: 18884.61,S&P 500 pre-tax value: 79729.23,S&P 500 after-tax value: 6379797.01
year,investments
2026,cash value: 1000,S&P 500 non-retirement value: 139232.44,tax-exempt bonds value: 2162.38,S&P 500 pre-tax value: 10178.34,S&P 500 after-tax value: 34808.11
2027,cash value: 1000,S&P 500 non-retirement value: 188173.97,tax-exempt bonds value: 2288.12,S&P 500 pre-tax value: 10677.98,S&P 500 after-tax value: 50020.93
2028,cash value: 1000,S&P 500 non-retirement value: 242124.08,tax-exempt bonds value: 2424.39,S&P 500 pre-tax value: 11569.99,S&P 500 after-tax value: 68291.41
2029,cash value: 1000,S&P 500 non-retirement value: 303689,tax-exempt bonds value: 2516.92,S&P 500 pre-tax value: 12547.8,S&P 500 after-tax value: 90712.3
2030,cash value: 1000,S&P 500 non-retirement value: 370364.83,tax-exempt bonds value: 2680.68,S&P 500 pre-tax value: 13437.91,S&P 500 after-tax value: 116957.31
2031,cash value: 1000,S&P 500 non-retirement value: 439961.31,tax-exempt bonds value: 2942.87,S&P 500 pre-tax value: 14000.14,S&P 500 after-tax value: 146653.77
2032,cash value: 1000,S&P 500 non-retirement value: 503603.04,tax-exempt bonds value: 2982.09,S&P 500 pre-tax value: 14480.88,S&P 500 after-tax value: 176941.61
2033,cash value: 1000,S&P 500 non-retirement value: 565234.54,tax-exempt bonds value: 3110.28,S&P 500 pre-tax value: 15305.02,S&P 500 after-tax value: 209059.35
2034,cash value: 1000,S&P 500 non-retirement value: 623250.56,tax-exempt bonds value: 3284.55,S&P 500 pre-tax value: 16327.95,S&P 500 after-tax value: 242375.22
2035,cash value: 1000,S&P 500 non-retirement value: 691753.39,tax-exempt bonds value: 3532.24,S&P 500 pre-tax value: 16996.83,S&P 500 after-tax value: 282547.16
2036,cash value: 1000,S&P 500 non-retirement value: 780881.48,tax-exempt bonds value: 3702.64,S&P 500 pre-tax value: 17813.28,S&P 500 after-tax value: 334663.49
2037,cash value: 1000,S&P 500 non-retirement value: 840774.03,tax-exempt bonds value: 3842.51,S&P 500 pre-tax value: 18804.21,S&P 500 after-tax value: 377739.05
2038,cash value: 1000,S&P 500 non-retirement value: 912309.98,tax-exempt bonds value: 4122.36,S&P 500 pre-tax value: 20011.24,S&P 500 after-tax value: 429322.35
2039,cash value: 1000,S&P 500 non-retirement value: 1009067.1,tax-exempt bonds value: 4411.89,S&P 500 pre-tax value: 20871.06,S&P 500 after-tax value: 497003.2
2040,cash value: 1000,S&P 500 non-retirement value: 1104736.58,tax-exempt bonds value: 4637.78,S&P 500 pre-tax value: 21431.25,S&P 500 after-tax value: 569106.72
2041,cash value: 1000,S&P 500 non-retirement value: 1164916.4,tax-exempt bonds value: 4852.2,S&P 500 pre-tax value: 21769.44,S&P 500 after-tax value: 627262.68
2042,cash value: 1000,S&P 500 non-retirement value: 1267413.75,tax-exempt bonds value: 5193.88,S&P 500 pre-tax value: 23542.5,S&P 500 after-tax value: 712920.24
2043,cash value: 1000,S&P 500 non-retirement value: 1359051.81,tax-exempt bonds value: 5476.41,S&P 500 pre-tax value: 24493.22,S&P 500 after-tax value: 798173.28
2044,cash value: 1000,S&P 500 non-retirement value: 1441578.41,tax-exempt bonds value: 5668.77,S&P 500 pre-tax value: 26622.38,S&P 500 after-tax value: 883548.06
2045,cash value: 1000,S&P 500 non-retirement value: 1525048.34,tax-exempt bonds value: 6030.65,S&P 500 pre-tax value: 28670.8,S&P 500 after-tax value: 975030.91
2046,cash value: 1000,S&P 500 non-retirement value: 1620208.58,tax-exempt bonds value: 6288.4,S&P 500 pre-tax value: 31667.32,S&P 500 after-tax value: 1080139.06
2047,cash value: 1000,S&P 500 non-retirement value: 1711793.29,tax-exempt bonds value: 6785.84,S&P 500 pre-tax value: 34449.58,S&P 500 after-tax value: 1189551.27
2048,cash value: 1000,S&P 500 non-retirement value: 1790464.89,tax-exempt bonds value: 7070.71,S&P 500 pre-tax value: 37596.49,S&P 500 after-tax value: 1296543.54
2049,cash value: 1000,S&P 500 non-retirement value: 1939605.11,tax-exempt bonds value: 7758.41,S&P 500 pre-tax value: 40845.21,S&P 500 after-tax value: 1463210.87
2050,cash value: 1000,S&P 500 non-retirement value: 2062595.65,tax-exempt bonds value: 7974.98,S&P 500 pre-tax value: 42952.64,S&P 500 after-tax value: 1620610.87
2051,cash value: 1000,S&P 500 non-retirement value: 2154980.13,tax-exempt bonds value: 8418.16,S&P 500 pre-tax value: 45336.2,S&P 500 after-tax value: 1763165.56
2052,cash value: 1000,S&P 500 non-retirement value: 2230250.47,tax-exempt bonds value: 8991.22,S&P 500 pre-tax value: 49857.51,S&P 500 after-tax value: 1899842.99
2053,cash value: 1000,S&P 500 non-retirement value: 2389921.55,tax-exempt bonds value: 9657.65,S&P 500 pre-tax value: 52581.05,S&P 500 after-tax value: 2119364.39
2054,cash value: 1000,S&P 500 non-retirement value: 2494597.29,tax-exempt bonds value: 10103.36,S&P 500 pre-tax value: 55944.2,S&P 500 after-tax value: 2302705.19
2055,cash value: 1000,S&P 500 non-retirement value: 2687096.82,tax-exempt bonds value: 10600.84,S&P 500 pre-tax value: 57056.79,S&P 500 after-tax value: 2581720.47
2056,cash value: 1000,S&P 500 non-retirement value: 2880922.37,tax-exempt bonds value: 11558.83,S&P 500 pre-tax value: 59637.05,S&P 500 after-tax value: 2880922.37
2057,cash value: 1000,S&P 500 non-retirement value: 3025014.13,tax-exempt bonds value: 12073.13,S&P 500 pre-tax value: 64430.78,S&P 500 after-tax value: 3148484.09
2058,cash value: 1000,S&P 500 non-retirement value: 3186878.83,tax-exempt bonds value: 12720.98,S&P 500 pre-tax value: 69195,S&P 500 after-tax value: 3452452.07
2059,cash value: 1000,S&P 500 non-retirement value: 3300406,tax-exempt bonds value: 13994.97,S&P 500 pre-tax value: 75563.6,S&P 500 after-tax value: 3721734.43
2060,cash value: 1000,S&P 500 non-retirement value: 3406360.14,tax-exempt bonds value: 14902.97,S&P 500 pre-tax value: 77378.72,S&P 500 after-tax value: 3998770.6
2061,cash value: 1000,S&P 500 non-retirement value: 3547210.5,tax-exempt bonds value: 15449.24,S&P 500 pre-tax value: 77692.95,S&P 500 after-tax value: 4335479.5
2062,cash value: 1000,S&P 500 non-retirement value: 3799617.51,tax-exempt bonds value: 16134.29,S&P 500 pre-tax value: 78589.68,S&P 500 after-tax value: 4835876.83
2063,cash value: 1000,S&P 500 non-retirement value: 3941173.72,tax-exempt bonds value: 16572.84,S&P 500 pre-tax value: 80280.87,S&P 500 after-tax value: 5224346.56
2064,cash value: 1000,S&P 500 non-retirement value: 4054554.54,tax-exempt bonds value: 17327.6,S&P 500 pre-tax value: 82320.77,S&P 500 after-tax value: 5599146.75
2065,cash value: 1000,S&P 500 non-retirement value: 4235435.65,tax-exempt bonds value: 18494.06,S&P 500 pre-tax value: 85220.96,S&P 500 after-tax value: 6094895.2
