year,investments
2026,cash value: 1000,S&P 500 non-retirement value: 138948.12,tax-exempt bonds value: 2192.8,S&P 500 pre-tax value: 10388.68,S&P 500 after-tax value: 34737.03
2027,cash value: 1000,S&P 500 non-retirement value: 193766.59,tax-exempt bonds value: 2326.89,S&P 500 pre-tax value: 11223.34,S&P 500 after-tax value: 51507.57
2028,cash value: 1000,S&P 500 non-retirement value: 246745.14,tax-exempt bonds value: 2445.8,S&P 500 pre-tax value: 11740.67,S&P 500 after-tax value: 69594.78
2029,cash value: 1000,S&P 500 non-retirement value: 302993.59,tax-exempt bonds value: 2529.87,S&P 500 pre-tax value: 12368.14,S&P 500 after-tax value: 90504.58
2030,cash value: 1000,S&P 500 non-retirement value: 363724.27,tax-exempt bonds value: 2668.57,S&P 500 pre-tax value: 12816.24,S&P 500 after-tax value: 114860.3
2031,cash value: 1000,S&P 500 non-retirement value: 427498.78,tax-exempt bonds value: 2757.21,S&P 500 pre-tax value: 13760.55,S&P 500 after-tax value: 142499.59
2032,cash value: 1000,S&P 500 non-retirement value: 489205.95,tax-exempt bonds value: 2908.13,S&P 500 pre-tax value: 15001.25,S&P 500 after-tax value: 171883.17
2033,cash value: 1000,S&P 500 non-retirement value: 564485.28,tax-exempt bonds value: 3112.05,S&P 500 pre-tax value: 16124.94,S&P 500 after-tax value: 208782.23
2034,cash value: 1000,S&P 500 non-retirement value: 631094.12,tax-exempt bonds value: 3245.29,S&P 500 pre-tax value: 17434.33,S&P 500 after-tax value: 245425.49
2035,cash value: 1000,S&P 500 non-retirement value: 709523.89,tax-exempt bonds value: 3351.58,S&P 500 pre-tax value: 18537.97,S&P 500 after-tax value: 289805.53
2036,cash value: 1000,S&P 500 non-retirement value: 806920.03,tax-exempt bonds value: 3546.21,S&P 500 pre-tax value: 19448.82,S&P 500 after-tax value: 345822.87
2037,cash value: 1000,S&P 500 non-retirement value: 886163.07,tax-exempt bonds value: 3762.07,S&P 500 pre-tax value: 20505.67,S&P 500 after-tax value: 398131.23
2038,cash value: 1000,S&P 500 non-retirement value: 981960.25,tax-exempt bonds value: 3916.78,S&P 500 pre-tax value: 21715.97,S&P 500 after-tax value: 462098.94
2039,cash value: 1000,S&P 500 non-retirement value: 1061726.01,tax-exempt bonds value: 4087.77,S&P 500 pre-tax value: 22737.72,S&P 500 after-tax value: 522939.67
2040,cash value: 1000,S&P 500 non-retirement value: 1147160.6,tax-exempt bonds value: 4374.5,S&P 500 pre-tax value: 24583.74,S&P 500 after-tax value: 590961.52
2041,cash value: 1000,S&P 500 non-retirement value: 1238651.58,tax-exempt bonds value: 4695.06,S&P 500 pre-tax value: 26469.1,S&P 500 after-tax value: 666966.23
2042,cash value: 1000,S&P 500 non-retirement value: 1337562.15,tax-exempt bonds value: 4842.28,S&P 500 pre-tax value: 27820.38,S&P 500 after-tax value: 752378.71
2043,cash value: 1000,S&P 500 non-retirement value: 1420684.36,tax-exempt bonds value: 5168.22,S&P 500 pre-tax value: 29744.76,S&P 500 after-tax value: 834370.18
2044,cash value: 1000,S&P 500 non-retirement value: 1505805.68,tax-exempt bonds value: 5669.71,S&P 500 pre-tax value: 31407.67,S&P 500 after-tax value: 922913.16
2045,cash value: 1000,S&P 500 non-retirement value: 1667758.38,tax-exempt bonds value: 5979.4,S&P 500 pre-tax value: 33699.44,S&P 500 after-tax value: 1066271.75
2046,cash value: 1000,S&P 500 non-retirement value: 1783334.02,tax-exempt bonds value: 6052.7,S&P 500 pre-tax value: 34788.2,S&P 500 after-tax value: 1188889.35
2047,cash value: 1000,S&P 500 non-retirement value: 1885873.58,tax-exempt bonds value: 6372.63,S&P 500 pre-tax value: 35594.38,S&P 500 after-tax value: 1310522.32
2048,cash value: 1000,S&P 500 non-retirement value: 2023633.23,tax-exempt bonds value: 6879.79,S&P 500 pre-tax value: 37189.26,S&P 500 after-tax value: 1465389.58
2049,cash value: 1000,S&P 500 non-retirement value: 2130703.12,tax-exempt bonds value: 6933.96,S&P 500 pre-tax value: 38971.28,S&P 500 after-tax value: 1607372.53
2050,cash value: 1000,S&P 500 non-retirement value: 2261288.8,tax-exempt bonds value: 7465.53,S&P 500 pre-tax value: 40008.5,S&P 500 after-tax value: 1776726.91
2051,cash value: 1000,S&P 500 non-retirement value: 2397150.97,tax-exempt bonds value: 7985.33,S&P 500 pre-tax value: 41517.67,S&P 500 after-tax value: 1961305.34
2052,cash value: 1000,S&P 500 non-retirement value: 2477262.11,tax-exempt bonds value: 8424.33,S&P 500 pre-tax value: 44103.6,S&P 500 after-tax value: 2110260.32
2053,cash value: 1000,S&P 500 non-retirement value: 2635270.32,tax-exempt bonds value: 9016.22,S&P 500 pre-tax value: 45398.99,S&P 500 after-tax value: 2336937.83
2054,cash value: 1000,S&P 500 non-retirement value: 2751226.77,tax-exempt bonds value: 9352.83,S&P 500 pre-tax value: 47584.55,S&P 500 after-tax value: 2539593.94
2055,cash value: 1000,S&P 500 non-retirement value: 2929463.66,tax-exempt bonds value: 10153.04,S&P 500 pre-tax value: 50972.43,S&P 500 after-tax value: 2814582.73
2056,cash value: 1000,S&P 500 non-retirement value: 3104220.5,tax-exempt bonds value: 10712.69,S&P 500 pre-tax value: 51502.05,S&P 500 after-tax value: 3104220.5
2057,cash value: 1000,S&P 500 non-retirement value: 3270479.9,tax-exempt bonds value: 11394.89,S&P 500 pre-tax value: 54346.43,S&P 500 after-tax value: 3403968.87
2058,cash value: 1000,S&P 500 non-retirement value: 3439470.2,tax-exempt bonds value: 12205.24,S&P 500 pre-tax value: 56765.79,S&P 500 after-tax value: 3726092.72
2059,cash value: 1000,S&P 500 non-retirement value: 3652221.95,tax-exempt bonds value: 12711.17,S&P 500 pre-tax value: 60564.92,S&P 500 after-tax value: 4118463.05
2060,cash value: 1000,S&P 500 non-retirement value: 3849552.97,tax-exempt bonds value: 13651.56,S&P 500 pre-tax value: 60625.72,S&P 500 after-tax value: 4519040.44
2061,cash value: 1000,S&P 500 non-retirement value: 3949547.34,tax-exempt bonds value: 14055.23,S&P 500 pre-tax value: 61259.49,S&P 500 after-tax value: 4827224.53
2062,cash value: 1000,S&P 500 non-retirement value: 4109503.51,tax-exempt bonds value: 14412,S&P 500 pre-tax value: 63211.23,S&P 500 after-tax value: 5230277.2
2063,cash value: 1000,S&P 500 non-retirement value: 4262209.14,tax-exempt bonds value: 15457.49,S&P 500 pre-tax value: 63984.68,S&P 500 after-tax value: 5649905.14
2064,cash value: 1000,S&P 500 non-retirement value: 4408249.6,tax-exempt bonds value: 15862.89,S&P 500 pre-tax value: 64734.5,S&P 500 after-tax value: 6087582.79
2065,cash value: 1000,S&P 500 non-retirement value: 4591109.34,tax-exempt bonds value: 17132.35,S&P 500 pre-tax value: 65314.18,S&P 500 after-tax value: 6606718.32
year,investments
2026,cash value: 1000,S&P 500 non-retirement value: 138186.63,tax-exempt bonds value: 2094.91,S&P 500 pre-tax value: 10426.27,S&P 500 after-tax value: 34546.66
2027,cash value: 1000,S&P 500 non-retirement value: 186750.06,tax-exempt bonds value: 2274.14,S&P 500 pre-tax value: 11121.56,S&P 500 after-tax value: 49642.42
2028,cash value: 1000,S&P 500 non-retirement value: 235235.43,tax-exempt bonds value: 2354.25,S&P 500 pre-tax value: 11887.09,S&P 500 after-tax value: 66348.46
2029,cash value: 1000,S&P 500 non-retirement value: 290772.19,tax-exempt bonds value: 2515.75,S&P 500 pre-tax value: 12296.42,S&P 500 after-tax value: 86854.03
2030,cash value: 1000,S&P 500 non-retirement value: 341218.28,tax-exempt bonds value: 2632.75,S&P 500 pre-tax value: 13268.45,S&P 500 after-tax value: 107753.14
2031,cash value: 1000,S&P 500 non-retirement value: 403720.34,tax-exempt bonds value: 2757.04,S&P 500 pre-tax value: 13846.23,S&P 500 after-tax value: 134573.45
2032,cash value: 1000,S&P 500 non-retirement value: 464632.21,tax-exempt bonds value: 2964.3,S&P 500 pre-tax value: 15245.39,S&P 500 after-tax value: 163249.15
2033,cash value: 1000,S&P 500 non-retirement value: 523789.85,tax-exempt bonds value: 3175.66,S&P 500 pre-tax value: 15869.22,S&P 500 after-tax value: 193730.49
2034,cash value: 1000,S&P 500 non-retirement value: 584770.07,tax-exempt bonds value: 3337.31,S&P 500 pre-tax value: 16543.3,S&P 500 after-tax value: 227410.58
2035,cash value: 1000,S&P 500 non-retirement value: 664942,tax-exempt bonds value: 3452.98,S&P 500 pre-tax value: 17759.66,S&P 500 after-tax value: 271596.03
2036,cash value: 1000,S&P 500 non-retirement value: 734446.91,tax-exempt bonds value: 3729.84,S&P 500 pre-tax value: 18684.78,S&P 500 after-tax value: 314762.96
2037,cash value: 1000,S&P 500 non-retirement value: 816123.11,tax-exempt bonds value: 4020.5,S&P 500 pre-tax value: 19550.92,S&P 500 after-tax value: 366664.01
2038,cash value: 1000,S&P 500 non-retirement value: 891936.23,tax-exempt bonds value: 4231.24,S&P 500 pre-tax value: 19587.96,S&P 500 after-tax value: 419734.69
2039,cash value: 1000,S&P 500 non-retirement value: 973711.95,tax-exempt bonds value: 4465.13,S&P 500 pre-tax value: 20745.69,S&P 500 after-tax value: 479589.47
2040,cash value: 1000,S&P 500 non-retirement value: 1055463.95,tax-exempt bonds value: 4803.38,S&P 500 pre-tax value: 21999.14,S&P 500 after-tax value: 543723.85
2041,cash value: 1000,S&P 500 non-retirement value: 1143760.12,tax-exempt bonds value: 5068.13,S&P 500 pre-tax value: 23774.63,S&P 500 after-tax value: 615870.83
2042,cash value: 1000,S&P 500 non-retirement value: 1222520.81,tax-exempt bonds value: 5351.17,S&P 500 pre-tax value: 24814.76,S&P 500 after-tax value: 687667.96
2043,cash value: 1000,S&P 500 non-retirement value: 1321561.16,tax-exempt bonds value: 5557.37,S&P 500 pre-tax value: 26401.57,S&P 500 after-tax value: 776154.96
2044,cash value: 1000,S&P 500 non-retirement value: 1480762.73,tax-exempt bonds value: 5725.71,S&P 500 pre-tax value: 28212.2,S&P 500 after-tax value: 907564.26
2045,cash value: 1000,S&P 500 non-retirement value: 1620200.03,tax-exempt bonds value: 6119.99,S&P 500 pre-tax value: 28461.18,S&P 500 after-tax value: 1035865.59
2046,cash value: 1000,S&P 500 non-retirement value: 1721522.34,tax-exempt bonds value: 6470.86,S&P 500 pre-tax value: 30436.89,S&P 500 after-tax value: 1147681.56
2047,cash value: 1000,S&P 500 non-retirement value: 1853715.59,tax-exempt bonds value: 6896.63,S&P 500 pre-tax value: 32186.03,S&P 500 after-tax value: 1288175.24
2048,cash value: 1000,S&P 500 non-retirement value: 1956170.88,tax-exempt bonds value: 7168.64,S&P 500 pre-tax value: 33977.78,S&P 500 after-tax value: 1416537.53
2049,cash value: 1000,S&P 500 non-retirement value: 2093685.8,tax-exempt bonds value: 7516.84,S&P 500 pre-tax value: 35899.85,S&P 500 after-tax value: 1579447.19
2050,cash value: 1000,S&P 500 non-retirement value: 2191957.26,tax-exempt bonds value: 7883.64,S&P 500 pre-tax value: 38204.9,S&P 500 after-tax value: 1722252.13
2051,cash value: 1000,S&P 500 non-retirement value: 2330414.36,tax-exempt bonds value: 8389.39,S&P 500 pre-tax value: 40851.64,S&P 500 after-tax value: 1906702.66
2052,cash value: 1000,S&P 500 non-retirement value: 2498925.91,tax-exempt bonds value: 8636.6,S&P 500 pre-tax value: 43771.06,S&P 500 after-tax value: 2128714.66
2053,cash value: 1000,S&P 500 non-retirement value: 2656563.28,tax-exempt bonds value: 9299.23,S&P 500 pre-tax value: 46131.09,S&P 500 after-tax value: 2355820.27
2054,cash value: 1000,S&P 500 non-retirement value: 2807643.29,tax-exempt bonds value: 9935.08,S&P 500 pre-tax value: 49483.07,S&P 500 after-tax value: 2591670.73
2055,cash value: 1000,S&P 500 non-retirement value: 2982781.43,tax-exempt bonds value: 10697.35,S&P 500 pre-tax value: 53225.83,S&P 500 after-tax value: 2865809.61
2056,cash value: 1000,S&P 500 non-retirement value: 3158946.87,tax-exempt bonds value: 11312.86,S&P 500 pre-tax value: 55702.62,S&P 500 after-tax value: 3158946.87
2057,cash value: 1000,S&P 500 non-retirement value: 3325570.4,tax-exempt bonds value: 12137.57,S&P 500 pre-tax value: 59283.72,S&P 500 after-tax value: 3461307.97
2058,cash value: 1000,S&P 500 non-retirement value: 3513601.04,tax-exempt bonds value: 12773.2,S&P 500 pre-tax value: 63991.3,S&P 500 after-tax value: 3806401.13
2059,cash value: 1000,S&P 500 non-retirement value: 3590606.3,tax-exempt bonds value: 13677.94,S&P 500 pre-tax value: 68281.03,S&P 500 after-tax value: 4048981.57
2060,cash value: 1000,S&P 500 non-retirement value: 3769640.1,tax-exempt bonds value: 13964.18,S&P 500 pre-tax value: 70816.9,S&P 500 after-tax value: 4425229.68
2061,cash value: 1000,S&P 500 non-retirement value: 3907086.3,tax-exempt bonds value: 14903.4,S&P 500 pre-tax value: 68686.11,S&P 500 after-tax value: 4775327.7
2062,cash value: 1000,S&P 500 non-retirement value: 4034721.07,tax-exempt bonds value: 15586.36,S&P 500 pre-tax value: 68660.26,S&P 500 after-tax value: 5135099.54
2063,cash value: 1000,S&P 500 non-retirement value: 4190781.69,tax-exempt bonds value: 16543.52,S&P 500 pre-tax value: 67153.99,S&P 500 after-tax value: 5555222.24
2064,cash value: 1000,S&P 500 non-retirement value: 4437143.06,tax-exempt bonds value: 17324.9,S&P 500 pre-tax value: 67663.66,S&P 500 after-tax value: 6127483.28
2065,cash value: 1000,S&P 500 non-retirement value: 4611079.58,tax-exempt bonds value: 18665.32,S&P 500 pre-tax value: 68472.34,S&P 500 after-tax value: 6635455.97
year,investments
2026,cash value: 1000,S&P 500 non-retirement value: 141231.23,tax-exempt bonds value: 2098.9,S&P 500 pre-tax value: 10350.28,S&P 500 after-tax value: 35307.81
2027,cash value: 1000,S&P 500 non-retirement value: 188004.05,tax-exempt bonds value: 2317.86,S&P 500 pre-tax value: 11059.4,S&P 500 after-tax value: 49975.76
2028,cash value: 1000,S&P 500 non-retirement value: 244296.1,tax-exempt bonds value: 2463.35,S&P 500 pre-tax value: 11731.26,S&P 500 after-tax value: 68904.03
2029,cash value: 1000,S&P 500 non-retirement value: 295676.98,tax-exempt bonds value: 2678.89,S&P 500 pre-tax value: 12516,S&P 500 after-tax value: 88319.1
2030,cash value: 1000,S&P 500 non-retirement value: 352466.69,tax-exempt bonds value: 2884.17,S&P 500 pre-tax value: 13004.59,S&P 500 after-tax value: 111305.27
2031,cash value: 1000,S&P 500 non-retirement value: 416667.05,tax-exempt bonds value: 3183.49,S&P 500 pre-tax value: 13202.17,S&P 500 after-tax value: 138889.02
2032,cash value: 1000,S&P 500 non-retirement value: 476090.29,tax-exempt bonds value: 3370.38,S&P 500 pre-tax value: 13866.89,S&P 500 after-tax value: 167274.97
2033,cash value: 1000,S&P 500 non-retirement value: 546900.55,tax-exempt bonds value: 3550.05,S&P 500 pre-tax value: 14958.44,S&P 500 after-tax value: 202278.28
2034,cash value: 1000,S&P 500 non-retirement value: 622015.89,tax-exempt bonds value: 3777.08,S&P 500 pre-tax value: 15583.58,S&P 500 after-tax value: 241895.07
2035,cash value: 1000,S&P 500 non-retirement value: 691469.55,tax-exempt bonds value: 4086.35,S&P 500 pre-tax value: 16007.51,S&P 500 after-tax value: 282431.23
2036,cash value: 1000,S&P 500 non-retirement value: 753853.74,tax-exempt bonds value: 4424.69,S&P 500 pre-tax value: 17238.36,S&P 500 after-tax value: 323080.17
2037,cash value: 1000,S&P 500 non-retirement value: 813968.62,tax-exempt bonds value: 4470.71,S&P 500 pre-tax value: 18654.42,S&P 500 after-tax value: 365696.05
2038,cash value: 1000,S&P 500 non-retirement value: 905038.16,tax-exempt bonds value: 4658.18,S&P 500 pre-tax value: 19406.47,S&P 500 after-tax value: 425900.31
2039,cash value: 1000,S&P 500 non-retirement value: 1003528.32,tax-exempt bonds value: 4845.84,S&P 500 pre-tax value: 20479.77,S&P 500 after-tax value: 494275.14
2040,cash value: 1000,S&P 500 non-retirement value: 1081693.7,tax-exempt bonds value: 5106.48,S&P 500 pre-tax value: 21832.3,S&P 500 after-tax value: 557236.15
2041,cash value: 1000,S&P 500 non-retirement value: 1190019.97,tax-exempt bonds value: 5432.56,S&P 500 pre-tax value: 23442.08,S&P 500 after-tax value: 640779.98
2042,cash value: 1000,S&P 500 non-retirement value: 1276364.74,tax-exempt bonds value: 5801.58,S&P 500 pre-tax value: 24964.17,S&P 500 after-tax value: 717955.17
2043,cash value: 1000,S&P 500 non-retirement value: 1368357.51,tax-exempt bonds value: 6329.95,S&P 500 pre-tax value: 26544.28,S&P 500 after-tax value: 803638.54
2044,cash value: 1000,S&P 500 non-retirement value: 1449642.13,tax-exempt bonds value: 6559.05,S&P 500 pre-tax value: 27484.55,S&P 500 after-tax value: 888490.34
2045,cash value: 1000,S&P 500 non-retirement value: 1538750.05,tax-exempt bonds value: 6899.38,S&P 500 pre-tax value: 29324.12,S&P 500 after-tax value: 983791.01
2046,cash value: 1000,S&P 500 non-retirement value: 1670636.12,tax-exempt bonds value: 7284.96,S&P 500 pre-tax value: 30350.98,S&P 500 after-tax value: 1113757.41
2047,cash value: 1000,S&P 500 non-retirement value: 1784990.56,tax-exempt bonds value: 7798.52,S&P 500 pre-tax value: 31622.08,S&P 500 after-tax value: 1240417.17
2048,cash value: 1000,S&P 500 non-retirement value: 1893083.94,tax-exempt bonds value: 7995.38,S&P 500 pre-tax value: 33337.09,S&P 500 after-tax value: 1370853.89
2049,cash value: 1000,S&P 500 non-retirement value: 1988926.73,tax-exempt bonds value: 8471.46,S&P 500 pre-tax value: 35682.21,S&P 500 after-tax value: 1500418.41
2050,cash value: 1000,S&P 500 non-retirement value: 2103958.83,tax-exempt bonds value: 9210.89,S&P 500 pre-tax value: 37277.69,S&P 500 after-tax value: 1653110.51
2051,cash value: 1000,S&P 500 non-retirement value: 2250985.39,tax-exempt bonds value: 9764.57,S&P 500 pre-tax value: 40194.51,S&P 500 after-tax value: 1841715.32
2052,cash value: 1000,S&P 500 non-retirement value: 2391202.72,tax-exempt bonds value: 9982.27,S&P 500 pre-tax value: 42954.52,S&P 500 after-tax value: 2036950.46
2053,cash value: 1000,S&P 500 non-retirement value: 2566346.57,tax-exempt bonds value: 10787.02,S&P 500 pre-tax value: 45176.17,S&P 500 after-tax value: 2275816.77
2054,cash value: 1000,S&P 500 non-retirement value: 2750607.47,tax-exempt bonds value: 11329.09,S&P 500 pre-tax value: 47278.91,S&P 500 after-tax value: 2539022.28
2055,cash value: 1000,S&P 500 non-retirement value: 2926444.44,tax-exempt bonds value: 12006.1,S&P 500 pre-tax value: 49327.64,S&P 500 after-tax value: 2811681.91
2056,cash value: 1000,S&P 500 non-retirement value: 3068078.17,tax-exempt bonds value: 13049.62,S&P 500 pre-tax value: 52710.38,S&P 500 after-tax value: 3068078.17
2057,cash value: 1000,S&P 500 non-retirement value: 3241893.03,tax-exempt bonds value: 14278.13,S&P 500 pre-tax value: 54135.72,S&P 500 after-tax value: 3374215.2
2058,cash value: 1000,S&P 500 non-retirement value: 3322334.29,tax-exempt bonds value: 14992.07,S&P 500 pre-tax value: 58296.58,S&P 500 after-tax value: 3599195.48
2059,cash value: 1000,S&P 500 non-retirement value: 3461182.55,tax-exempt bonds value: 16240.07,S&P 500 pre-tax value: 63086.07,S&P 500 after-tax value: 3903035.64
2060,cash value: 1000,S&P 500 non-retirement value: 3543091.45,tax-exempt bonds value: 17167.27,S&P 500 pre-tax value: 65961,S&P 500 after-tax value: 4159281.26
2061,cash value: 1000,S&P 500 non-retirement value: 3699549.76,tax-exempt bonds value: 18521.63,S&P 500 pre-tax value: 68327.71,S&P 500 after-tax value: 4521671.93
2062,cash value: 1000,S&P 500 non-retirement value: 3854325.54,tax-exempt bonds value: 19809.92,S&P 500 pre-tax value: 68356.89,S&P 500 after-tax value: 4905505.23
2063,cash value: 1000,S&P 500 non-retirement value: 4096872.36,tax-exempt bonds value: 22092.61,S&P 500 pre-tax value: 71146.03,S&P 500 after-tax value: 5430737.78
2064,cash value: 1000,S&P 500 non-retirement value: 4332692.4,tax-exempt bonds value: 23701.85,S&P 500 pre-tax value: 71126.07,S&P 500 after-tax value: 5983241.89
2065,cash value: 1000,S&P 500 non-retirement value: 4441640.28,tax-exempt bonds value: 24824,S&P 500 pre-tax value: 70341.63,S&P 500 after-tax value: 6391628.69
year,investments
2026,cash value: 1000,S&P 500 non-retirement value: 142242.93,tax-exempt bonds value: 2175.71,S&P 500 pre-tax value: 10700.98,S&P 500 after-tax value: 35560.73
2027,cash value: 1000,S&P 500 non-retirement value: 195144.71,tax-exempt bonds value: 2294.31,S&P 500 pre-tax value: 11230.17,S&P 500 after-tax value: 51873.91
2028,cash value: 1000,S&P 500 non-retirement value: 253125.75,tax-exempt bonds value: 2396.98,S&P 500 pre-tax value: 12005.96,S&P 500 after-tax value: 71394.44
2029,cash value: 1000,S&P 500 non-retirement value: 308752.67,tax-exempt bonds value: 2580.33,S&P 500 pre-tax value: 12465.56,S&P 500 after-tax value: 92224.82
2030,cash value: 1000,S&P 500 non-retirement value: 370219.82,tax-exempt bonds value: 2746.32,S&P 500 pre-tax value: 13575.42,S&P 500 after-tax value: 116911.52
2031,cash value: 1000,S&P 500 non-retirement value: 428345.85,tax-exempt bonds value: 2997.58,S&P 500 pre-tax value: 13958.53,S&P 500 after-tax value: 142781.95
2032,cash value: 1000,S&P 500 non-retirement value: 493879.24,tax-exempt bonds value: 3228.81,S&P 500 pre-tax value: 14556.48,S&P 500 after-tax value: 173525.14
2033,cash value: 1000,S&P 500 non-retirement value: 558439.84,tax-exempt bonds value: 3492.66,S&P 500 pre-tax value: 14810.97,S&P 500 after-tax value: 206546.24
2034,cash value: 1000,S&P 500 non-retirement value: 627297.16,tax-exempt bonds value: 3700.79,S&P 500 pre-tax value: 15653.88,S&P 500 after-tax value: 243948.89
2035,cash value: 1000,S&P 500 non-retirement value: 695798.57,tax-exempt bonds value: 4005.97,S&P 500 pre-tax value: 16219.41,S&P 500 after-tax value: 284199.42
2036,cash value: 1000,S&P 500 non-retirement value: 777305.21,tax-exempt bonds value: 4112.17,S&P 500 pre-tax value: 17397.91,S&P 500 after-tax value: 333130.8
2037,cash value: 1000,S&P 500 non-retirement value: 831630.81,tax-exempt bonds value: 4297.09,S&P 500 pre-tax value: 18980.78,S&P 500 after-tax value: 373631.23
2038,cash value: 1000,S&P 500 non-retirement value: 897113.54,tax-exempt bonds value: 4717.46,S&P 500 pre-tax value: 19786.17,S&P 500 after-tax value: 422171.08
2039,cash value: 1000,S&P 500 non-retirement value: 981397.95,tax-exempt bonds value: 4947.24,S&P 500 pre-tax value: 21152.73,S&P 500 after-tax value: 483375.11
2040,cash value: 1000,S&P 500 non-retirement value: 1064078.46,tax-exempt bonds value: 5294.49,S&P 500 pre-tax value: 22872.36,S&P 500 after-tax value: 548161.63
2041,cash value: 1000,S&P 500 non-retirement value: 1129198.55,tax-exempt bonds value: 5633.85,S&P 500 pre-tax value: 24022.38,S&P 500 after-tax value: 608029.99
2042,cash value: 1000,S&P 500 non-retirement value: 1248088.49,tax-exempt bonds value: 6121.16,S&P 500 pre-tax value: 25826.04,S&P 500 after-tax value: 702049.78
2043,cash value: 1000,S&P 500 non-retirement value: 1367575.55,tax-exempt bonds value: 6560.32,S&P 500 pre-tax value: 27858.02,S&P 500 after-tax value: 803179.29
2044,cash value: 1000,S&P 500 non-retirement value: 1477656.21,tax-exempt bonds value: 6768.37,S&P 500 pre-tax value: 30074.07,S&P 500 after-tax value: 905660.26
2045,cash value: 1000,S&P 500 non-retirement value: 1577499.25,tax-exempt bonds value: 7254.04,S&P 500 pre-tax value: 31704.93,S&P 500 after-tax value: 1008565.09
2046,cash value: 1000,S&P 500 non-retirement value: 1686085.45,tax-exempt bonds value: 7788.89,S&P 500 pre-tax value: 35007.91,S&P 500 after-tax value: 1124056.96
2047,cash value: 1000,S&P 500 non-retirement value: 1801752.82,tax-exempt bonds value: 8232.23,S&P 500 pre-tax value: 37117.18,S&P 500 after-tax value: 1252065.52
2048,cash value: 1000,S&P 500 non-retirement value: 1889094.75,tax-exempt bonds value: 8550.24,S&P 500 pre-tax value: 39138.86,S&P 500 after-tax value: 1367965.16
2049,cash value: 1000,S&P 500 non-retirement value: 1990564.94,tax-exempt bonds value: 9131.07,S&P 500 pre-tax value: 41955.29,S&P 500 after-tax value: 1501654.26
2050,cash value: 1000,S&P 500 non-retirement value: 2108825.1,tax-exempt bonds value: 9706.02,S&P 500 pre-tax value: 44452.21,S&P 500 after-tax value: 1656934.01
2051,cash value: 1000,S&P 500 non-retirement value: 2280559.54,tax-exempt bonds value: 10392.51,S&P 500 pre-tax value: 45766.32,S&P 500 after-tax value: 1865912.35
2052,cash value: 1000,S&P 500 non-retirement value: 2393753.1,tax-exempt bonds value: 11054.09,S&P 500 pre-tax value: 48173.81,S&P 500 after-tax value: 2039123.01
2053,cash value: 1000,S&P 500 non-retirement value: 2545562.57,tax-exempt bonds value: 11774.23,S&P 500 pre-tax value: 51896.97,S&P 500 after-tax value: 2257385.67
2054,cash value: 1000,S&P 500 non-retirement value: 2653056.69,tax-exempt bonds value: 12593.71,S&P 500 pre-tax value: 53195.74,S&P 500 after-tax value: 2448975.4
2055,cash value: 1000,S&P 500 non-retirement value: 2758226.03,tax-exempt bonds value: 13561.17,S&P 500 pre-tax value: 56065.77,S&P 500 after-tax value: 2650060.3
2056,cash value: 1000,S&P 500 non-retirement value: 2886583.83,tax-exempt bonds value: 14065.35,S&P 500 pre-tax value: 59398.59,S&P 500 after-tax value: 2886583.83
2057,cash value: 1000,S&P 500 non-retirement value: 3022178.17,tax-exempt bonds value: 14358.92,S&P 500 pre-tax value: 64876.35,S&P 500 after-tax value: 3145532.38
2058,cash value: 1000,S&P 500 non-retirement value: 3136579.41,tax-exempt bonds value: 15224.55,S&P 500 pre-tax value: 71650.25,S&P 500 after-tax value: 3397961.03
2059,cash value: 1000,S&P 500 non-retirement value: 3305594.33,tax-exempt bonds value: 16371.11,S&P 500 pre-tax value: 76813.99,S&P 500 after-tax value: 3727585.09
2060,cash value: 1000,S&P 500 non-retirement value: 3486521.18,tax-exempt bonds value: 17410.37,S&P 500 pre-tax value: 78957.42,S&P 500 after-tax value: 4092872.68
2061,cash value: 1000,S&P 500 non-retirement value: 3621315.3,tax-exempt bonds value: 18221.34,S&P 500 pre-tax value: 78592.44,S&P 500 after-tax value: 4426052.03
2062,cash value: 1000,S&P 500 non-retirement value: 3835829.68,tax-exempt bonds value: 19064.58,S&P 500 pre-tax value: 80472.72,S&P 500 after-tax value: 4881965.04
2063,cash value: 1000,S&P 500 non-retirement value: 3986212.9,tax-exempt bonds value: 20084.56,S&P 500 pre-tax value: 79438.44,S&P 500 after-tax value: 5284049.66
2064,cash value: 1000,S&P 500 non-retirement value: 4148371.71,tax-exempt bonds value: 21182.98,S&P 500 pre-tax value: 79968.56,S&P 500 after-tax value: 5728703.79
2065,cash value: 1000,S&P 500 non-retirement value: 4281711.62,tax-exempt bonds value: 22062.63,S&P 500 pre-tax value: 78576.22,S&P 500 after-tax value: 6161487.45
year,investments
2026,cash value: 1000,S&P 500 non-retirement value: 141986.43,tax-exempt bonds value: 2079.8,S&P 500 pre-tax value: 10272.47,S&P 500 after-tax value: 35496.61
2027,cash value: 1000,S&P 500 non-retirement value: 191555.39,tax-exempt bonds value: 2228.31,S&P 500 pre-tax value: 10876.56,S&P 500 after-tax value: 50919.79
2028,cash value: 1000,S&P 500 non-retirement value: 251906.77,tax-exempt bonds value: 2346.65,S&P 500 pre-tax value: 11641.75,S&P 500 after-tax value: 71050.63
2029,cash value: 1000,S&P 500 non-retirement value: 310685.39,tax-exempt bonds value: 2486.83,S&P 500 pre-tax value: 12497.23,S&P 500 after-tax value: 92802.13
2030,cash value: 1000,S&P 500 non-retirement value: 376484.71,tax-exempt bonds value: 2720.97,S&P 500 pre-tax value: 13322.26,S&P 500 after-tax value: 118889.91
2031,cash value: 1000,S&P 500 non-retirement value: 450881.29,tax-exempt bonds value: 2851.11,S&P 500 pre-tax value: 13954.82,S&P 500 after-tax value: 150293.76
2032,cash value: 1000,S&P 500 non-retirement value: 522633.53,tax-exempt bonds value: 2980.15,S&P 500 pre-tax value: 14695.31,S&P 500 after-tax value: 183628
2033,cash value: 1000,S&P 500 non-retirement value: 579782.24,tax-exempt bonds value: 3190.21,S&P 500 pre-tax value: 15491.14,S&P 500 after-tax value: 214440.01
2034,cash value: 1000,S&P 500 non-retirement value: 650258.85,tax-exempt bonds value: 3334.23,S&P 500 pre-tax value: 16748.12,S&P 500 after-tax value: 252878.44
2035,cash value: 1000,S&P 500 non-retirement value: 719645.81,tax-exempt bonds value: 3556.57,S&P 500 pre-tax value: 18151.44,S&P 500 after-tax value: 293939.84
2036,cash value: 1000,S&P 500 non-retirement value: 805746.72,tax-exempt bonds value: 3929.73,S&P 500 pre-tax value: 19463.55,S&P 500 after-tax value: 345320.02
2037,cash value: 1000,S&P 500 non-retirement value: 891815.97,tax-exempt bonds value: 4120.17,S&P 500 pre-tax value: 20196.11,S&P 500 after-tax value: 400670.94
2038,cash value: 1000,S&P 500 non-retirement value: 981245.98,tax-exempt bonds value: 4260.29,S&P 500 pre-tax value: 21502.01,S&P 500 after-tax value: 461762.82
2039,cash value: 1000,S&P 500 non-retirement value: 1103727.62,tax-exempt bonds value: 4571.82,S&P 500 pre-tax value: 23594.28,S&P 500 after-tax value: 543627.04
2040,cash value: 1000,S&P 500 non-retirement value: 1202765.21,tax-exempt bonds value: 4942,S&P 500 pre-tax value: 25359.81,S&P 500 after-tax value: 619606.32
2041,cash value: 1000,S&P 500 non-retirement value: 1267067.22,tax-exempt bonds value: 5264.6,S&P 500 pre-tax value: 27523.99,S&P 500 after-tax value: 682266.97
2042,cash value: 1000,S&P 500 non-retirement value: 1362096.67,tax-exempt bonds value: 5520.52,S&P 500 pre-tax value: 28622.53,S&P 500 after-tax value: 766179.38
2043,cash value: 1000,S&P 500 non-retirement value: 1484694.38,tax-exempt bonds value: 5931.03,S&P 500 pre-tax value: 30886.44,S&P 500 after-tax value: 871963.37
2044,cash value: 1000,S&P 500 non-retirement value: 1586603.15,tax-exempt bonds value: 6494.84,S&P 500 pre-tax value: 32088.88,S&P 500 after-tax value: 972434.19
2045,cash value: 1000,S&P 500 non-retirement value: 1668174.41,tax-exempt bonds value: 6973.09,S&P 500 pre-tax value: 34439.35,S&P 500 after-tax value: 1066537.74
2046,cash value: 1000,S&P 500 non-retirement value: 1770389.6,tax-exempt bonds value: 7309.01,S&P 500 pre-tax value: 36699.34,S&P 500 after-tax value: 1180259.73
2047,cash value: 1000,S&P 500 non-retirement value: 1917141.56,tax-exempt bonds value: 7670.88,S&P 500 pre-tax value: 39061.29,S&P 500 after-tax value: 1332250.91
2048,cash value: 1000,S&P 500 non-retirement value: 2039945.36,tax-exempt bonds value: 7885.71,S&P 500 pre-tax value: 40014.08,S&P 500 after-tax value: 1477201.81
2049,cash value: 1000,S&P 500 non-retirement value: 2116106.13,tax-exempt bonds value: 8370.58,S&P 500 pre-tax value: 42328.27,S&P 500 after-tax value: 1596360.77
2050,cash value: 1000,S&P 500 non-retirement value: 2217766.54,tax-exempt bonds value: 8973.68,S&P 500 pre-tax value: 45775.69,S&P 500 after-tax value: 1742530.86
2051,cash value: 1000,S&P 500 non-retirement value: 2311403.14,tax-exempt bonds value: 9538.58,S&P 500 pre-tax value: 49276.06,S&P 500 after-tax value: 1891148.02
2052,cash value: 1000,S&P 500 non-retirement value: 2520143.91,tax-exempt bonds value: 9584.52,S&P 500 pre-tax value: 51589.38,S&P 500 after-tax value: 2146789.26
2053,cash value: 1000,S&P 500 non-retirement value: 2615579.05,tax-exempt bonds value: 10264.65,S&P 500 pre-tax value: 55028.9,S&P 500 after-tax value: 2319475.76
2054,cash value: 1000,S&P 500 non-retirement value: 2735560.92,tax-exempt bonds value: 11175.64,S&P 500 pre-tax value: 60423.83,S&P 500 after-tax value: 2525133.16
2055,cash value: 1000,S&P 500 non-retirement value: 2853859.12,tax-exempt bonds value: 11375.92,S&P 500 pre-tax value: 64897.49,S&P 500 after-tax value: 2741943.07
2056,cash value: 1000,S&P 500 non-retirement value: 3033925.34,tax-exempt bonds value: 12355.17,S&P 500 pre-tax value: 68352.72,S&P 500 after-tax value: 3033925.34
2057,cash value: 1000,S&P 500 non-retirement value: 3185134.51,tax-exempt bonds value: 13019.72,S&P 500 pre-tax value: 72059.53,S&P 500 after-tax value: 3315140
2058,cash value: 1000,S&P 500 non-retirement value: 3277298.99,tax-exempt bonds value: 14011.92,S&P 500 pre-tax value: 78651.04,S&P 500 after-tax value: 3550407.24
2059,cash value: 1000,S&P 500 non-retirement value: 3446195.37,tax-exempt bonds value: 14820.52,S&P 500 pre-tax value: 81556.85,S&P 500 after-tax value: 3886135.2
2060,cash value: 1000,S&P 500 non-retirement value: 3651854.67,tax-exempt bonds value: 15293.97,S&P 500 pre-tax value: 82377.62,S&P 500 after-tax value: 4286959.83
2061,cash value: 1000,S&P 500 non-retirement value: 3858493.04,tax-exempt bonds value: 16192.53,S&P 500 pre-tax value: 79594.74,S&P 500 after-tax value: 4715935.93
2062,cash value: 1000,S&P 500 non-retirement value: 4020496.96,tax-exempt bonds value: 17388.35,S&P 500 pre-tax value: 81394.48,S&P 500 after-tax value: 5116996.13
2063,cash value: 1000,S&P 500 non-retirement value: 4193045.9,tax-exempt bonds value: 18449.93,S&P 500 pre-tax value: 86848.08,S&P 500 after-tax value: 5558223.63
2064,cash value: 1000,S&P 500 non-retirement value: 4446887.73,tax-exempt bonds value: 19577.61,S&P 500 pre-tax value: 89945.94,S&P 500 after-tax value: 6140940.2
2065,cash value: 1000,S&P 500 non-retirement value: 4599666.68,tax-exempt bonds value: 20852.63,S&P 500 pre-tax value: 88459.89,S&P 500 after-tax value: 6619032.54
year,investments
2026,cash value: 1000,S&P 500 non-retirement value: 144831.55,tax-exempt bonds value: 2159.31,S&P 500 pre-tax value: 10495.6,S&P 500 after-tax value: 36207.89
2027,cash value: 1000,S&P 500 non-retirement value: 195921.94,tax-exempt bonds value: 2354.36,S&P 500 pre-tax value: 11174.48,S&P 500 after-tax value: 52080.51
2028,cash value: 1000,S&P 500 non-retirement value: 254228.51,tax-exempt bonds value: 2529.19,S&P 500 pre-tax value: 11898.39,S&P 500 after-tax value: 71705.48
2029,cash value: 1000,S&P 500 non-retirement value: 308982.16,tax-exempt bonds value: 2766.67,S&P 500 pre-tax value: 12343.33,S&P 500 after-tax value: 92293.37
2030,cash value: 1000,S&P 500 non-retirement value: 368624.2,tax-exempt bonds value: 2950.06,S&P 500 pre-tax value: 12978.29,S&P 500 after-tax value: 116407.64
2031,cash value: 1000,S&P 500 non-retirement value: 438678.86,tax-exempt bonds value: 3211,S&P 500 pre-tax value: 14087.85,S&P 500 after-tax value: 146226.29
2032,cash value: 1000,S&P 500 non-retirement value: 495608.13,tax-exempt bonds value: 3359.48,S&P 500 pre-tax value: 15392.95,S&P 500 after-tax value: 174132.59
2033,cash value: 1000,S&P 500 non-retirement value: 576568.92,tax-exempt bonds value: 3548.43,S&P 500 pre-tax value: 16277.34,S&P 500 after-tax value: 213251.52
2034,cash value: 1000,S&P 500 non-retirement value: 645911.88,tax-exempt bonds value: 3697.66,S&P 500 pre-tax value: 17157.43,S&P 500 after-tax value: 251187.95
2035,cash value: 1000,S&P 500 non-retirement value: 700046.05,tax-exempt bonds value: 3807.18,S&P 500 pre-tax value: 18090.37,S&P 500 after-tax value: 285934.3
2036,cash value: 1000,S&P 500 non-retirement value: 760720.24,tax-exempt bonds value: 4009.44,S&P 500 pre-tax value: 18760.73,S&P 500 after-tax value: 326022.96
2037,cash value: 1000,S&P 500 non-retirement value: 855333.38,tax-exempt bonds value: 4191.67,S&P 500 pre-tax value: 20352.21,S&P 500 after-tax value: 384280.21
2038,cash value: 1000,S&P 500 non-retirement value: 926603.63,tax-exempt bonds value: 4485,S&P 500 pre-tax value: 20882.83,S&P 500 after-tax value: 436048.77
2039,cash value: 1000,S&P 500 non-retirement value: 1024706.38,tax-exempt bonds value: 4645.28,S&P 500 pre-tax value: 22357.07,S&P 500 after-tax value: 504706.13
2040,cash value: 1000,S&P 500 non-retirement value: 1109040.89,tax-exempt bonds value: 4996.42,S&P 500 pre-tax value: 22993.5,S&P 500 after-tax value: 571324.1
2041,cash value: 1000,S&P 500 non-retirement value: 1202058.63,tax-exempt bonds value: 5290.93,S&P 500 pre-tax value: 23790.35,S&P 500 after-tax value: 647262.34
2042,cash value: 1000,S&P 500 non-retirement value: 1308025.89,tax-exempt bonds value: 5638.96,S&P 500 pre-tax value: 24942.99,S&P 500 after-tax value: 735764.56
2043,cash value: 1000,S&P 500 non-retirement value: 1394314.87,tax-exempt bonds value: 6185.72,S&P 500 pre-tax value: 27001.84,S&P 500 after-tax value: 818883.34
2044,cash value: 1000,S&P 500 non-retirement value: 1526112.57,tax-exempt bonds value: 6422.33,S&P 500 pre-tax value: 28183.09,S&P 500 after-tax value: 935359.32
2045,cash value: 1000,S&P 500 non-retirement value: 1637578.63,tax-exempt bonds value: 6802.07,S&P 500 pre-tax value: 29791.13,S&P 500 after-tax value: 1046976.5
2046,cash value: 1000,S&P 500 non-retirement value: 1728272.68,tax-exempt bonds value: 6974.54,S&P 500 pre-tax value: 31601.96,S&P 500 after-tax value: 1152181.78
2047,cash value: 1000,S&P 500 non-retirement value: 1859191.31,tax-exempt bonds value: 7415.26,S&P 500 pre-tax value: 33450.12,S&P 500 after-tax value: 1291980.4
2048,cash value: 1000,S&P 500 non-retirement value: 1975151.99,tax-exempt bonds value: 7967.46,S&P 500 pre-tax value: 35122.45,S&P 500 after-tax value: 1430282.47
2049,cash value: 1000,S&P 500 non-retirement value: 2082215.33,tax-exempt bonds value: 8339.84,S&P 500 pre-tax value: 37823.32,S&P 500 after-tax value: 1570794.02
2050,cash value: 1000,S&P 500 non-retirement value: 2247289.4,tax-exempt bonds value: 8719.19,S&P 500 pre-tax value: 41365.45,S&P 500 after-tax value: 1765727.38
2051,cash value: 1000,S&P 500 non-retirement value: 2378101.12,tax-exempt bonds value: 9249.4,S&P 500 pre-tax value: 44087.52,S&P 500 after-tax value: 1945719.1
2052,cash value: 1000,S&P 500 non-retirement value: 2469587.1,tax-exempt bonds value: 10144.73,S&P 500 pre-tax value: 46368.68,S&P 500 after-tax value: 2103722.35
2053,cash value: 1000,S&P 500 non-retirement value: 2594642.4,tax-exempt bonds value: 10824.8,S&P 500 pre-tax value: 49931.1,S&P 500 after-tax value: 2300909.3
2054,cash value: 1000,S&P 500 non-retirement value: 2787015.32,tax-exempt bonds value: 11699.35,S&P 500 pre-tax value: 54363.92,S&P 500 after-tax value: 2572629.53
2055,cash value: 1000,S&P 500 non-retirement value: 3009174.52,tax-exempt bonds value: 12429.02,S&P 500 pre-tax value: 58228.14,S&P 500 after-tax value: 2891167.68
2056,cash value: 1000,S&P 500 non-retirement value: 3074040.78,tax-exempt bonds value: 13452.37,S&P 500 pre-tax value: 63330.36,S&P 500 after-tax value: 3074040.78
2057,cash value: 1000,S&P 500 non-retirement value: 3262258.97,tax-exempt bonds value: 14177.06,S&P 500 pre-tax value: 67217.92,S&P 500 after-tax value: 3395412.4
2058,cash value: 1000,S&P 500 non-retirement value: 3402154.97,tax-exempt bonds value: 15105.51,S&P 500 pre-tax value: 71776.97,S&P 500 after-tax value: 3685667.89
2059,cash value: 1000,S&P 500 non-retirement value: 3526102.48,tax-exempt bonds value: 15977.43,S&P 500 pre-tax value: 75386.45,S&P 500 after-tax value: 3976243.23
2060,cash value: 1000,S&P 500 non-retirement value: 3707120.01,tax-exempt bonds value: 17290.14,S&P 500 pre-tax value: 75711.2,S&P 500 after-tax value: 4351836.54
2061,cash value: 1000,S&P 500 non-retirement value: 3872242.2,tax-exempt bonds value: 18256.05,S&P 500 pre-tax value: 74187.9,S&P 500 after-tax value: 4732740.46
2062,cash value: 1000,S&P 500 non-retirement value: 3986845.55,tax-exempt bonds value: 18681.48,S&P 500 pre-tax value: 73268.62,S&P 500 after-tax value: 5074167.06
2063,cash value: 1000,S&P 500 non-retirement value: 4150233.73,tax-exempt bonds value: 19731.44,S&P 500 pre-tax value: 74419.92,S&P 500 after-tax value: 5501472.62
2064,cash value: 1000,S&P 500 non-retirement value: 4379949.65,tax-exempt bonds value: 21192.71,S&P 500 pre-tax value: 73824.17,S&P 500 after-tax value: 6048501.9
2065,cash value: 1000,S&P 500 non-retirement value: 4584922.73,tax-exempt bonds value: 22620.91,S&P 500 pre-tax value: 75548.32,S&P 500 after-tax value: 6597815.63
year,investments
2026,cash value: 1000,S&P 500 non-retirement value: 139762.24,tax-exempt bonds value: 2128.56,S&P 500 pre-tax value: 10677.71,S&P 500 after-tax value: 34940.56
2027,cash value: 1000,S&P 500 non-retirement value: 194795.6,tax-exempt bonds value: 2251.07,S&P 500 pre-tax value: 11319.14,S&P 500 after-tax value: 51781.11
2028,cash value: 1000,S&P 500 non-retirement value: 249164.22,tax-exempt bonds value: 2335.65,S&P 500 pre-tax value: 11949.5,S&P 500 after-tax value: 70277.09
2029,cash value: 1000,S&P 500 non-retirement value: 309433.27,tax-exempt bonds value: 2541.08,S&P 500 pre-tax value: 12960.71,S&P 500 after-tax value: 92428.12
2030,cash value: 1000,S&P 500 non-retirement value: 366389.22,tax-exempt bonds value: 2717.39,S&P 500 pre-tax value: 13984.32,S&P 500 after-tax value: 115701.86
2031,cash value: 1000,S&P 500 non-retirement value: 438844.09,tax-exempt bonds value: 2809.98,S&P 500 pre-tax value: 14592.73,S&P 500 after-tax value: 146281.36
2032,cash value: 1000,S&P 500 non-retirement value: 503055.73,tax-exempt bonds value: 2896.49,S&P 500 pre-tax value: 15477.6,S&P 500 after-tax value: 176749.31
2033,cash value: 1000,S&P 500 non-retirement value: 569958.21,tax-exempt bonds value: 3078.17,S&P 500 pre-tax value: 16057.68,S&P 500 after-tax value: 210806.46
2034,cash value: 1000,S&P 500 non-retirement value: 651195.82,tax-exempt bonds value: 3267.15,S&P 500 pre-tax value: 16828.14,S&P 500 after-tax value: 253242.82
2035,cash value: 1000,S&P 500 non-retirement value: 737304.81,tax-exempt bonds value: 3439.05,S&P 500 pre-tax value: 17319.01,S&P 500 after-tax value: 301152.67
2036,cash value: 1000,S&P 500 non-retirement value: 807032.4,tax-exempt bonds value: 3684.63,S&P 500 pre-tax value: 18554.67,S&P 500 after-tax value: 345871.03
2037,cash value: 1000,S&P 500 non-retirement value: 893396.85,tax-exempt bonds value: 4047,S&P 500 pre-tax value: 20470.82,S&P 500 after-tax value: 401381.19
2038,cash value: 1000,S&P 500 non-retirement value: 982482.62,tax-exempt bonds value: 4330.39,S&P 500 pre-tax value: 21501.51,S&P 500 after-tax value: 462344.76
2039,cash value: 1000,S&P 500 non-retirement value: 1084916.14,tax-exempt bonds value: 4522.93,S&P 500 pre-tax value: 22319.26,S&P 500 after-tax value: 534361.68
2040,cash value: 1000,S&P 500 non-retirement value: 1204321.99,tax-exempt bonds value: 4698.76,S&P 500 pre-tax value: 23696.29,S&P 500 after-tax value: 620408.3
2041,cash value: 1000,S&P 500 non-retirement value: 1297798.89,tax-exempt bonds value: 4965.31,S&P 500 pre-tax value: 24069.58,S&P 500 after-tax value: 698814.79
2042,cash value: 1000,S&P 500 non-retirement value: 1408315.06,tax-exempt bonds value: 5271.38,S&P 500 pre-tax value: 25576.63,S&P 500 after-tax value: 792177.22
2043,cash value: 1000,S&P 500 non-retirement value: 1518377.55,tax-exempt bonds value: 5667.76,S&P 500 pre-tax value: 26076.82,S&P 500 after-tax value: 891745.55
2044,cash value: 1000,S&P 500 non-retirement value: 1668649.64,tax-exempt bonds value: 5972.95,S&P 500 pre-tax value: 27619.02,S&P 500 after-tax value: 1022720.75
2045,cash value: 1000,S&P 500 non-retirement value: 1755020.79,tax-exempt bonds value: 6243.66,S&P 500 pre-tax value: 28657.89,S&P 500 after-tax value: 1122062.47
2046,cash value: 1000,S&P 500 non-retirement value: 1877159.06,tax-exempt bonds value: 6564.62,S&P 500 pre-tax value: 31219.6,S&P 500 after-tax value: 1251439.37
2047,cash value: 1000,S&P 500 non-retirement value: 2018070.22,tax-exempt bonds value: 6927.82,S&P 500 pre-tax value: 32690.1,S&P 500 after-tax value: 1402387.78
2048,cash value: 1000,S&P 500 non-retirement value: 2145758.69,tax-exempt bonds value: 7187.89,S&P 500 pre-tax value: 36012.78,S&P 500 after-tax value: 1553825.26
2049,cash value: 1000,S&P 500 non-retirement value: 2268412.28,tax-exempt bonds value: 7804.92,S&P 500 pre-tax value: 38146.68,S&P 500 after-tax value: 1711258.39
2050,cash value: 1000,S&P 500 non-retirement value: 2406385.09,tax-exempt bonds value: 8344.96,S&P 500 pre-tax value: 41270.31,S&P 500 after-tax value: 1890731.15
2051,cash value: 1000,S&P 500 non-retirement value: 2534819.5,tax-exempt bonds value: 8649.06,S&P 500 pre-tax value: 44667.7,S&P 500 after-tax value: 2073943.23
2052,cash value: 1000,S&P 500 non-retirement value: 2673201.01,tax-exempt bonds value: 9332.3,S&P 500 pre-tax value: 49979.79,S&P 500 after-tax value: 2277171.23
2053,cash value: 1000,S&P 500 non-retirement value: 2822353.22,tax-exempt bonds value: 9742.75,S&P 500 pre-tax value: 52548.21,S&P 500 after-tax value: 2502841.54
2054,cash value: 1000,S&P 500 non-retirement value: 3014490.11,tax-exempt bonds value: 10259.96,S&P 500 pre-tax value: 56911.88,S&P 500 after-tax value: 2782606.25
2055,cash value: 1000,S&P 500 non-retirement value: 3150589.37,tax-exempt bonds value: 11033.01,S&P 500 pre-tax value: 60180.17,S&P 500 after-tax value: 3027036.85
2056,cash value: 1000,S&P 500 non-retirement value: 3290296.91,tax-exempt bonds value: 11741.57,S&P 500 pre-tax value: 64952.95,S&P 500 after-tax value: 3290296.91
2057,cash value: 1000,S&P 500 non-retirement value: 3453675.78,tax-exempt bonds value: 12193.12,S&P 500 pre-tax value: 68134.5,S&P 500 after-tax value: 3594642.14
2058,cash value: 1000,S&P 500 non-retirement value: 3704017.43,tax-exempt bonds value: 12607,S&P 500 pre-tax value: 72996.06,S&P 500 after-tax value: 4012685.55
2059,cash value: 1000,S&P 500 non-retirement value: 3878732.9,tax-exempt bonds value: 13549,S&P 500 pre-tax value: 76558.89,S&P 500 after-tax value: 4373890.29
2060,cash value: 1000,S&P 500 non-retirement value: 4071099.66,tax-exempt bonds value: 14129.2,S&P 500 pre-tax value: 76735.39,S&P 500 after-tax value: 4779116.99
2061,cash value: 1000,S&P 500 non-retirement value: 4292475.16,tax-exempt bonds value: 15099.17,S&P 500 pre-tax value: 81763.24,S&P 500 after-tax value: 5246358.53
2062,cash value: 1000,S&P 500 non-retirement value: 4454794.29,tax-exempt bonds value: 15421.91,S&P 500 pre-tax value: 83142.67,S&P 500 after-tax value: 5669738.19
2063,cash value: 1000,S&P 500 non-retirement value: 4680758.52,tax-exempt bonds value: 15813.35,S&P 500 pre-tax value: 83986.29,S&P 500 after-tax value: 6204726.42
2064,cash value: 1000,S&P 500 non-retirement value: 4768282.26,tax-exempt bonds value: 16550.54,S&P 500 pre-tax value: 81885.92,S&P 500 after-tax value: 6584770.75
2065,cash value: 1000,S&P 500 non-retirement value: 4997423.83,tax-exempt bonds value: 17729.03,S&P 500 pre-tax value: 82056.97,S&P 500 after-tax value: 7191414.77
year,investments
2026,cash value: 1000,S&P 500 non-retirement value: 141986.2,tax-exempt bonds value: 2106.14,S&P 500 pre-tax value: 10615.46,S&P 500 after-tax value: 35496.55
2027,cash value: 1000,S&P 500 non-retirement value: 195833.49,tax-exempt bonds value: 2272.4,S&P 500 pre-tax value: 11486.37,S&P 500 after-tax value: 52057
2028,cash value: 1000,S&P 500 non-retirement value: 248638.8,tax-exempt bonds value: 2436.96,S&P 500 pre-tax value: 12113.26,S&P 500 after-tax value: 70128.89
2029,cash value: 1000,S&P 500 non-retirement value: 307048.25,tax-exempt bonds value: 2589.56,S&P 500 pre-tax value: 13317.35,S&P 500 after-tax value: 91715.71
2030,cash value: 1000,S&P 500 non-retirement value: 366264.63,tax-exempt bonds value: 2723.71,S&P 500 pre-tax value: 14218.38,S&P 500 after-tax value: 115662.51
2031,cash value: 1000,S&P 500 non-retirement value: 435951.21,tax-exempt bonds value: 2911.87,S&P 500 pre-tax value: 14853.67,S&P 500 after-tax value: 145317.07
2032,cash value: 1000,S&P 500 non-retirement value: 489278.63,tax-exempt bonds value: 3146.72,S&P 500 pre-tax value: 15771.26,S&P 500 after-tax value: 171908.71
2033,cash value: 1000,S&P 500 non-retirement value: 565358.85,tax-exempt bonds value: 3276.9,S&P 500 pre-tax value: 16523.97,S&P 500 after-tax value: 209105.33
2034,cash value: 1000,S&P 500 non-retirement value: 619164.77,tax-exempt bonds value: 3470.4,S&P 500 pre-tax value: 17755.77,S&P 500 after-tax value: 240786.3
2035,cash value: 1000,S&P 500 non-retirement value: 697232.85,tax-exempt bonds value: 3703.4,S&P 500 pre-tax value: 19127.9,S&P 500 after-tax value: 284785.25
2036,cash value: 1000,S&P 500 non-retirement value: 783552.88,tax-exempt bonds value: 3997.53,S&P 500 pre-tax value: 20238.07,S&P 500 after-tax value: 335808.38
2037,cash value: 1000,S&P 500 non-retirement value: 881869.27,tax-exempt bonds value: 4120.76,S&P 500 pre-tax value: 21667.52,S&P 500 after-tax value: 396202.14
2038,cash value: 1000,S&P 500 non-retirement value: 955734.76,tax-exempt bonds value: 4426.48,S&P 500 pre-tax value: 23372.42,S&P 500 after-tax value: 449757.53
2039,cash value: 1000,S&P 500 non-retirement value: 1042285.25,tax-exempt bonds value: 4585.07,S&P 500 pre-tax value: 24773.96,S&P 500 after-tax value: 513364.37
2040,cash value: 1000,S&P 500 non-retirement value: 1126059.08,tax-exempt bonds value: 4943.66,S&P 500 pre-tax value: 26044.1,S&P 500 after-tax value: 580091.04
2041,cash value: 1000,S&P 500 non-retirement value: 1238805.97,tax-exempt bonds value: 5378.83,S&P 500 pre-tax value: 27810.76,S&P 500 after-tax value: 667049.37
2042,cash value: 1000,S&P 500 non-retirement value: 1329354.87,tax-exempt bonds value: 5784.21,S&P 500 pre-tax value: 29765.72,S&P 500 after-tax value: 747762.12
2043,cash value: 1000,S&P 500 non-retirement value: 1432410.04,tax-exempt bonds value: 6218.35,S&P 500 pre-tax value: 31907.15,S&P 500 after-tax value: 841256.69
2044,cash value: 1000,S&P 500 non-retirement value: 1558328.88,tax-exempt bonds value: 6654.57,S&P 500 pre-tax value: 32138.35,S&P 500 after-tax value: 955104.8
2045,cash value: 1000,S&P 500 non-retirement value: 1683778.47,tax-exempt bonds value: 6970.59,S&P 500 pre-tax value: 33172.93,S&P 500 after-tax value: 1076514.11
2046,cash value: 1000,S&P 500 non-retirement value: 1800117.79,tax-exempt bonds value: 7284.59,S&P 500 pre-tax value: 34570.05,S&P 500 after-tax value: 1200078.53
2047,cash value: 1000,S&P 500 non-retirement value: 1921025.28,tax-exempt bonds value: 7674.59,S&P 500 pre-tax value: 37207.65,S&P 500 after-tax value: 1334949.77
2048,cash value: 1000,S&P 500 non-retirement value: 2027229.92,tax-exempt bonds value: 8116.72,S&P 500 pre-tax value: 40569.38,S&P 500 after-tax value: 1467994.08
2049,cash value: 1000,S&P 500 non-retirement value: 2116045.05,tax-exempt bonds value: 8683.16,S&P 500 pre-tax value: 44686.63,S&P 500 after-tax value: 1596314.69
2050,cash value: 1000,S&P 500 non-retirement value: 2183527.54,tax-exempt bonds value: 8999.3,S&P 500 pre-tax value: 47999.31,S&P 500 after-tax value: 1715628.78
2051,cash value: 1000,S&P 500 non-retirement value: 2352365.97,tax-exempt bonds value: 9899.82,S&P 500 pre-tax value: 49720.12,S&P 500 after-tax value: 1924663.07
2052,cash value: 1000,S&P 500 non-retirement value: 2513998.99,tax-exempt bonds value: 10337.63,S&P 500 pre-tax value: 51968.94,S&P 500 after-tax value: 2141554.7
2053,cash value: 1000,S&P 500 non-retirement value: 2652480.51,tax-exempt bonds value: 10824.62,S&P 500 pre-tax value: 58181.54,S&P 500 after-tax value: 2352199.69
2054,cash value: 1000,S&P 500 non-retirement value: 2787294.66,tax-exempt bonds value: 11376.11,S&P 500 pre-tax value: 62888.98,S&P 500 after-tax value: 2572887.38
2055,cash value: 1000,S&P 500 non-retirement value: 2948072.47,tax-exempt bonds value: 11970.22,S&P 500 pre-tax value: 65881.21,S&P 500 after-tax value: 2832461.79
2056,cash value: 1000,S&P 500 non-retirement value: 3050628.96,tax-exempt bonds value: 12877.62,S&P 500 pre-tax value: 71271.56,S&P 500 after-tax value: 3050628.96
2057,cash value: 1000,S&P 500 non-retirement value: 3213275.16,tax-exempt bonds value: 13329.38,S&P 500 pre-tax value: 74842.53,S&P 500 after-tax value: 3344429.25
2058,cash value: 1000,S&P 500 non-retirement value: 3328702.09,tax-exempt bonds value: 13643.88,S&P 500 pre-tax value: 79147.91,S&P 500 after-tax value: 3606093.94
2059,cash value: 1000,S&P 500 non-retirement value: 3397715.25,tax-exempt bonds value: 14684.05,S&P 500 pre-tax value: 80791.6,S&P 500 after-tax value: 3831466.13
2060,cash value: 1000,S&P 500 non-retirement value: 3462559.86,tax-exempt bonds value: 15659.45,S&P 500 pre-tax value: 80677.89,S&P 500 after-tax value: 4064744.18
2061,cash value: 1000,S&P 500 non-retirement value: 3630929.44,tax-exempt bonds value: 16884.06,S&P 500 pre-tax value: 81971.13,S&P 500 after-tax value: 4437802.65
2062,cash value: 1000,S&P 500 non-retirement value: 3824171.6,tax-exempt bonds value: 18147.98,S&P 500 pre-tax value: 82354.62,S&P 500 after-tax value: 4867127.49
2063,cash value: 1000,S&P 500 non-retirement value: 4059827.27,tax-exempt bonds value: 19155.91,S&P 500 pre-tax value: 84900.92,S&P 500 after-tax value: 5381631.49
2064,cash value: 1000,S&P 500 non-retirement value: 4274456.88,tax-exempt bonds value: 20083.72,S&P 500 pre-tax value: 85687.3,S&P 500 after-tax value: 5902821.41
2065,cash value: 1000,S&P 500 non-retirement value: 4492475.82,tax-exempt bonds value: 21523.72,S&P 500 pre-tax value: 85411.99,S&P 500 after-tax value: 6464782.27
