year,investments
2026,cash value: 68400,S&P 500 non-retirement value: 157167.06,tax-exempt bonds value: 2070.5,S&P 500 pre-tax value: 10486.4,S&P 500 after-tax value: 39291.77
2027,cash value: 126304.34,S&P 500 non-retirement value: 278120.6,tax-exempt bonds value: 2165,S&P 500 pre-tax value: 10947.42,S&P 500 after-tax value: 73930.79
2028,cash value: 184997.98,S&P 500 non-retirement value: 445670.66,tax-exempt bonds value: 2326.14,S&P 500 pre-tax value: 11069.51,S&P 500 after-tax value: 125701.98
2029,cash value: 243745.78,S&P 500 non-retirement value: 663024.83,tax-exempt bonds value: 2467.18,S&P 500 pre-tax value: 11720.26,S&P 500 after-tax value: 198046.38
2030,cash value: 303766.09,S&P 500 non-retirement value: 938756.47,tax-exempt bonds value: 2567.47,S&P 500 pre-tax value: 12338.8,S&P 500 after-tax value: 296449.41
2031,cash value: 364760.87,S&P 500 non-retirement value: 1262950.99,tax-exempt bonds value: 2757,S&P 500 pre-tax value: 12922.19,S&P 500 after-tax value: 420983.66
2032,cash value: 426904.75,S&P 500 non-retirement value: 1650532.79,tax-exempt bonds value: 2964.38,S&P 500 pre-tax value: 13926.77,S&P 500 after-tax value: 579916.93
2033,cash value: 489886.4,S&P 500 non-retirement value: 2104845.98,tax-exempt bonds value: 3066.2,S&P 500 pre-tax value: 14393.09,S&P 500 after-tax value: 778504.68
2034,cash value: 554212.44,S&P 500 non-retirement value: 2537027.91,tax-exempt bonds value: 3302.59,S&P 500 pre-tax value: 14718.5,S&P 500 after-tax value: 986621.96
2035,cash value: 618342.11,S&P 500 non-retirement value: 3022228.46,tax-exempt bonds value: 3521.28,S&P 500 pre-tax value: 15236.47,S&P 500 after-tax value: 1234431.34
2036,cash value: 683052.99,S&P 500 non-retirement value: 3561613.84,tax-exempt bonds value: 3749.62,S&P 500 pre-tax value: 16286.03,S&P 500 after-tax value: 1526405.93
2037,cash value: 749011.65,S&P 500 non-retirement value: 4204650.32,tax-exempt bonds value: 4110.69,S&P 500 pre-tax value: 17442.04,S&P 500 after-tax value: 1889045.79
2038,cash value: 815218.64,S&P 500 non-retirement value: 4997621.69,tax-exempt bonds value: 4495.04,S&P 500 pre-tax value: 19267.58,S&P 500 after-tax value: 2351821.97
2039,cash value: 881702.43,S&P 500 non-retirement value: 5813321.91,tax-exempt bonds value: 4881.68,S&P 500 pre-tax value: 20563.59,S&P 500 after-tax value: 2863277.96
2040,cash value: 948567.64,S&P 500 non-retirement value: 6455597.32,tax-exempt bonds value: 5187.32,S&P 500 pre-tax value: 21425.1,S&P 500 after-tax value: 3325610.74
2041,cash value: 1016225.73,S&P 500 non-retirement value: 7374100.29,tax-exempt bonds value: 5479.5,S&P 500 pre-tax value: 22052.9,S&P 500 after-tax value: 3970669.38
2042,cash value: 1085164.37,S&P 500 non-retirement value: 8550238.41,tax-exempt bonds value: 5811.87,S&P 500 pre-tax value: 23453.74,S&P 500 after-tax value: 4809509.1
2043,cash value: 1154617.92,S&P 500 non-retirement value: 9511631.1,tax-exempt bonds value: 6076.63,S&P 500 pre-tax value: 24563,S&P 500 after-tax value: 5586196.04
2044,cash value: 1225429.34,S&P 500 non-retirement value: 10392614.97,tax-exempt bonds value: 6367.33,S&P 500 pre-tax value: 25326.89,S&P 500 after-tax value: 6369667.24
2045,cash value: 1297045.88,S&P 500 non-retirement value: 11788021.87,tax-exempt bonds value: 6841.97,S&P 500 pre-tax value: 25670.33,S&P 500 after-tax value: 7536604.15
2046,cash value: 1369298.3,S&P 500 non-retirement value: 13100837.64,tax-exempt bonds value: 7134.06,S&P 500 pre-tax value: 27631.06,S&P 500 after-tax value: 8733891.76
2047,cash value: 1442259.92,S&P 500 non-retirement value: 14395400.79,tax-exempt bonds value: 7155.45,S&P 500 pre-tax value: 28301.2,S&P 500 after-tax value: 10003583.6
2048,cash value: 1516011.39,S&P 500 non-retirement value: 16038990,tax-exempt bonds value: 7814.74,S&P 500 pre-tax value: 29991.05,S&P 500 after-tax value: 11614441.03
2049,cash value: 1589823.56,S&P 500 non-retirement value: 17735513.84,tax-exempt bonds value: 8551.86,S&P 500 pre-tax value: 32343.43,S&P 500 after-tax value: 13379422.72
2050,cash value: 1663489.06,S&P 500 non-retirement value: 19298543.99,tax-exempt bonds value: 8947.52,S&P 500 pre-tax value: 34113.87,S&P 500 after-tax value: 15163141.71
2051,cash value: 1737815.95,S&P 500 non-retirement value: 20605220,tax-exempt bonds value: 9427.41,S&P 500 pre-tax value: 37277.01,S&P 500 after-tax value: 16858816.36
2052,cash value: 1821548.89,S&P 500 non-retirement value: 22486898.5,tax-exempt bonds value: 9935.16,S&P 500 pre-tax value: 40012.04,S&P 500 after-tax value: 19155506.13
2053,cash value: 1906090.19,S&P 500 non-retirement value: 23988837.29,tax-exempt bonds value: 10452.49,S&P 500 pre-tax value: 42538.4,S&P 500 after-tax value: 21273119.86
2054,cash value: 1991552.96,S&P 500 non-retirement value: 25760087.67,tax-exempt bonds value: 11276.88,S&P 500 pre-tax value: 45660.53,S&P 500 after-tax value: 23778542.47
2055,cash value: 2077200.03,S&P 500 non-retirement value: 28065045.89,tax-exempt bonds value: 12329.76,S&P 500 pre-tax value: 47835.69,S&P 500 after-tax value: 26964455.85
2056,cash value: 2162711.04,S&P 500 non-retirement value: 29886463.57,tax-exempt bonds value: 13160.14,S&P 500 pre-tax value: 50775.35,S&P 500 after-tax value: 29886463.57
2057,cash value: 2245188.92,S&P 500 non-retirement value: 31716616.01,tax-exempt bonds value: 14163.45,S&P 500 pre-tax value: 54440.69,S&P 500 after-tax value: 33011171.76
2058,cash value: 2326872.02,S&P 500 non-retirement value: 33800898.99,tax-exempt bonds value: 14960.92,S&P 500 pre-tax value: 56935.87,S&P 500 after-tax value: 36617640.57
2059,cash value: 2407565.74,S&P 500 non-retirement value: 36157495.71,tax-exempt bonds value: 15584.3,S&P 500 pre-tax value: 60139.4,S&P 500 after-tax value: 40773346.23
2060,cash value: 2488313.54,S&P 500 non-retirement value: 38535500.02,tax-exempt bonds value: 16676.6,S&P 500 pre-tax value: 62026.96,S&P 500 after-tax value: 45237326.11
2061,cash value: 2568249.61,S&P 500 non-retirement value: 41704601.15,tax-exempt bonds value: 17775.2,S&P 500 pre-tax value: 62562.45,S&P 500 after-tax value: 50972290.3
2062,cash value: 2647167.15,S&P 500 non-retirement value: 44196382.72,tax-exempt bonds value: 19012.25,S&P 500 pre-tax value: 61981.5,S&P 500 after-tax value: 56249941.64
2063,cash value: 2722981.3,S&P 500 non-retirement value: 46364417.87,tax-exempt bonds value: 20031.75,S&P 500 pre-tax value: 65109.17,S&P 500 after-tax value: 61459809.73
2064,cash value: 2798859,S&P 500 non-retirement value: 48738948.01,tax-exempt bonds value: 21325.77,S&P 500 pre-tax value: 64238.17,S&P 500 after-tax value: 67306166.3
2065,cash value: 2874899.46,S&P 500 non-retirement value: 52400134.43,tax-exempt bonds value: 22679.33,S&P 500 pre-tax value: 63596.66,S&P 500 after-tax value: 75405071.49
